"PLAN","SPECIES","89D","90D","91D","92D","93D","94D","95D","96D","97D","98D","99D","100D","101D","102D","103D","104D","105D","106D","107D","108D","109D","110D","111D","112D","113D","114D","115D","116D","117D","118D","119D","120D","121D","122D","123D","124D","125D","126D"
"largO","abrmac",2,-2,-2,-2,-2,2,2,0,2,-2,-2,0,2,3,-2,-2,-2,-2,-2,3,3,-2,3,-2,3,-2,-2,-2,-2,-2,-2,-2,-2,-2,2,-2,2,-2 
"lanaO","abuere",0,1,-2,-2,-2,0,0,0,0,-2,-2,3,-2,3,-2,-2,-2,-2,-2,-2,-2,-2,-2,-2,-2,-2,-2,-2,-2,-2,-2,-2,-2,-2,0,0,0,-2 
"oahpO","abusan",0,0,-2,-2,-2,-1,-1,4,2,-1,-1,0,2,-1,-1,-2,-2,-2,-1,-1,-1,-1,-1,-1,-1,-1,-1,-1,-1,-1,-1,-2,-2,-2,-1,-1,-1,-1 
"prraO","accstr",2,0,-2,0,-2,0,0,2,2,0,-2,2,2,2,-2,2,-2,-2,-2,-2,2,-2,2,-2,-2,-2,-2,-2,-2,-2,-2,2,-2,-2,-2,-2,-2,-2 
"oahtO","achlil",0,0,-2,-2,-2,3,3,1,2,-2,0,0,-2,3,-2,0,-2,-2,0,0,0,0,-2,-2,-2,-2,-2,-2,-2,-2,3,-2,1,-2,1,1,-2,3 
"nighO","acrlus",2,2,-2,-2,-2,2,2,1,2,-2,-2,2,2,2,1,2,-2,-2,-2,2,2,-2,-2,-2,-2,2,-2,2,-2,-2,-2,2,2,2,2,2,2,-2 
"sensO","aesvir",5,5,-2,-2,-2,5,5,1,5,-2,-2,2,5,2,3,5,-2,-2,0,0,5,2,5,-2,-2,-2,-2,-2,-2,-2,-2,-2,-2,-2,5,-2,-2,5 
"dwweO","alahet",3,3,-2,-2,-2,2,0,2,2,0,-2,0,2,2,-2,-2,-2,-2,3,4,-2,-2,3,3,-2,-2,-2,-2,-2,-2,-2,-2,-2,-2,0,0,-2,-2 
"maplO","alemac",2,2,-2,-2,-2,1,1,1,1,0,-2,3,0,3,-2,-2,-2,-2,0,-2,-2,-2,-2,-2,-2,-2,-2,-2,-2,-2,-2,-2,-2,-2,1,1,2,-2 
"kauaO","alslyc",3,3,-2,-2,-2,3,3,3,3,-1,-1,-1,-1,-1,-1,-1,-1,-1,-1,-1,-1,-1,-1,-1,-1,-1,-1,-1,-1,-1,-2,-2,-2,-2,3,3,-1,-1 
"oahpO","alsobo",0,0,-2,-2,-2,-1,-1,4,-2,-1,-1,0,2,-1,-1,-2,-2,-2,-1,-1,-1,-1,-1,-1,-1,-1,-1,-1,-1,-1,-1,-2,-2,-2,-1,-1,-1,-1 
"kauaO","alsvis",0,2,-2,-2,-2,2,-2,0,2,-2,-2,2,2,-2,-2,-2,-2,-2,-2,-2,-2,-2,-2,-2,-2,-2,-2,-2,-2,-2,-2,-2,-2,-2,2,2,-2,-2 
"prpaO","amavit",5,0,0,1,0,1,0,4,0,-2,-2,0,-2,0,-2,0,-2,-2,-2,0,0,0,1,-2,-2,-2,1,-2,-2,-2,-2,0,0,-2,1,1,0,-2 
"ashmO","ambama",1,-2,-2,-2,-2,-2,-2,1,0,-2,-2,-2,-2,-2,-2,-2,-2,-2,-2,-2,-2,-2,-2,-2,-2,-2,-2,-2,-2,-2,-2,1,1,-2,-2,-2,-2,-2 
"ozarR","ambros",1,1,0,-2,-2,0,0,1,1,-2,-2,-2,1,1,-2,-2,-2,-2,-2,0,-2,-2,-2,-2,0,-2,-2,1,-2,-2,-2,-2,-2,-2,0,0,0,-2 
"sonoR","antame",0,5,2,0,2,2,2,2,5,0,-2,2,-2,5,-2,2,2,-2,-2,0,0,4,2,-2,2,3,3,3,0,-2,-2,0,2,5,5,5,-2,5 
"antiR","apomor",0,0,3,0,-2,0,0,1,0,0,-2,3,-2,-2,-2,-2,-2,3,3,3,-2,3,-2,-2,-2,-2,-2,-2,-2,-2,2,-2,3,-2,3,3,-2,-2 
"raveO","archoo",1,1,-2,-2,-2,1,3,3,5,-2,-2,2,-2,-2,-2,-2,-2,-2,-2,1,0,-2,-2,-2,-2,1,-2,-2,-2,0,-2,-2,-2,-2,0,-2,1,-2 
"dwbeO","archum",1,0,-2,-2,-2,0,0,1,1,-2,-2,-2,1,-2,-2,-2,-2,-2,-2,-2,-2,-2,-2,-2,-2,-2,-2,-2,-2,-2,-2,-2,-2,-2,-2,-2,-2,-2 
"fourO","arcmor",4,4,-2,-2,-2,0,0,2,2,0,-2,2,-2,-2,-2,-2,-2,2,2,2,2,-2,-2,-2,2,-2,-2,-2,-2,-2,2,-2,-2,-2,2,-2,2,-2 
"maunO","argsan",3,3,-2,-2,-2,3,3,3,3,3,-2,3,3,3,3,3,-2,-2,3,3,3,3,3,-2,-2,1,3,3,3,-2,-2,-2,-2,-2,3,3,-2,-2 
"anthO","athant",2,0,-2,-2,-2,0,0,1,3,0,-2,-2,3,-2,-2,-2,-2,-2,-2,-2,-2,-2,-2,-2,-2,-2,-2,-2,-2,-2,-2,-2,-2,-2,0,-2,-2,-2 
"virgR","betube",2,1,-2,-2,-2,-2,-2,1,1,-2,-2,0,0,2,-2,-2,-2,0,2,0,1,0,-2,-2,-2,3,-2,-2,-2,2,-2,-2,-2,-2,2,-2,-2,-2 
"flscR","bongra",2,2,-2,-2,-2,0,4,3,2,0,-2,-2,2,-2,-2,-2,-2,-2,-2,0,0,-2,-2,-2,-2,-2,-2,-2,-2,-2,1,-2,-2,-2,0,0,0,-2 
"aleuR","bracan",5,5,0,5,5,-2,-2,5,2,-2,-2,0,0,0,-2,-2,-2,-2,-2,-2,-2,-2,-2,-2,-2,-2,-2,-2,-2,-2,-2,5,5,5,2,-2,-2,-2 
"cavpO","brasan",5,5,-2,-2,-2,2,2,2,2,2,-2,-2,5,-2,-2,-2,-2,-2,0,1,1,1,-2,-2,-2,-2,1,-2,1,-2,-2,1,1,-2,1,-2,5,-2 
"kaupO","briins",2,2,-2,-2,-2,-2,-2,1,2,2,2,2,-2,2,-2,-2,2,2,2,2,2,-2,2,-2,-2,2,2,-2,-2,-2,-2,2,-2,-2,2,-2,2,2 
"palmO","calriv",1,-2,-2,-2,-2,0,0,-2,5,-2,-2,5,5,-2,-2,-2,-2,-2,-2,1,0,-2,0,-2,-2,-2,-2,-2,-2,-2,-2,1,-2,-2,0,-2,-2,-2 
"grayO","canlup",0,0,0,0,0,0,0,2,3,3,-2,3,-2,3,-2,5,-2,-2,-2,-2,4,1,1,1,-2,-2,-2,-2,-2,-2,5,1,4,5,3,-2,-2,-2 
"eastR","canlup",1,1,1,1,-2,3,3,1,1,1,-2,1,1,1,-2,-2,-2,-2,-2,2,4,-2,-2,-2,-2,-2,-2,-2,-2,-2,1,2,3,3,2,2,-2,-2 
"redwR","canruf",-2,-2,-2,-2,-2,-2,-2,1,-2,-2,-2,5,-2,5,-2,0,0,-2,0,0,0,0,0,0,0,0,0,0,0,0,-2,-2,-2,-2,-2,2,-2,-2 
"ashmO","cennam",0,0,-2,-2,-2,-2,-2,1,0,-2,-2,-2,-2,-2,-2,0,-2,-2,-2,-1,-1,-2,-2,-2,-1,-1,-1,-2,0,-2,-2,-2,-2,-2,-1,-1,-2,-2 
"cuiuR","chacuj",1,2,2,2,-2,2,2,1,2,2,-2,2,-2,2,-2,2,-2,-2,2,2,2,2,2,3,-2,2,-2,-2,-2,-2,-2,2,-2,-2,2,-2,-2,-2 
"pineO","chagar",0,0,-2,-2,-2,0,0,0,0,0,-2,-2,0,-2,-2,-2,-2,-2,-2,-2,-2,-2,-2,-2,-2,-2,-2,-2,-2,-2,-2,-2,-2,-2,-2,0,1,-2 
"oahpO","charoc",0,1,-2,-2,-2,0,-2,0,0,-2,-2,0,-2,-2,-2,-2,-2,-2,-2,-2,-2,-2,-2,-2,-2,-2,-2,-2,-2,-2,-2,-2,-2,-2,3,-2,-2,-2 
"flogO","chrflo",0,3,-2,-2,-2,2,3,3,3,-2,-2,-2,3,-2,-2,-2,-2,-2,-2,1,-2,-2,-2,-2,-2,-2,-2,-2,-2,-2,-2,-2,-2,-2,-2,-2,2,-2 
"nortO","cicdor",2,2,2,2,-2,2,2,2,2,-2,-2,5,-2,2,-2,-2,1,-2,-2,2,-2,-2,5,-2,-2,1,1,1,-2,-2,1,1,1,-2,1,-2,-2,-2 
"maskR","colvir",2,2,-2,-2,-2,2,-2,2,2,-2,-2,2,2,2,-2,2,-2,-2,-2,2,2,-2,-2,-2,-2,-2,-2,-2,-2,-2,-2,2,2,-2,2,2,-2,-2 
"hawcO","corhaw",0,0,0,0,-2,-2,-2,4,3,-2,-2,3,3,-2,-2,2,-2,-2,-2,-2,0,0,-2,-2,-2,-2,-2,-2,-2,-2,0,0,0,-2,3,0,-2,-2 
"amcrR","croacu",3,0,-2,3,-2,3,0,2,0,-2,-2,1,-2,1,-2,-2,-2,-2,-2,1,1,-2,-2,-2,-2,-1,-2,-2,-2,-2,-2,0,-2,-2,0,0,-2,-2 
"newmO","crowil",3,3,-2,-2,-2,0,0,-2,3,3,-2,-2,-2,0,-2,-2,-2,-2,-2,0,-2,-2,-2,-2,-2,0,-2,-2,-2,-2,4,4,3,-2,3,-2,-2,-2 
"sccyO","cupabr",0,0,-2,-2,-2,0,2,-2,0,3,-2,1,1,-2,-2,3,-2,-2,0,0,0,0,-2,-2,-2,-2,-2,-2,-2,-2,-2,-2,-2,-2,-2,-2,0,-2 
"moloO","cyaman",0,2,-2,-2,-2,2,-2,0,0,-2,-2,3,3,-2,-2,-2,-2,-2,0,-2,-2,-2,-2,-2,2,0,-2,-2,-2,-2,-2,-2,-2,-2,2,2,0,-2 
"biplO","cyashi",2,-2,-2,-2,-2,-2,-2,4,3,-2,-2,3,3,-2,-2,-2,-2,-2,-2,-2,-2,-2,-2,-2,-2,-2,-2,-2,-2,-2,-2,-2,-2,-2,3,0,-2,-2 
"fishR","cypfor",1,4,-2,-2,-2,1,1,1,1,-2,-2,-2,-2,-2,-2,-2,-2,-2,-2,-2,-2,-2,-2,-2,-2,-2,-2,-2,-2,-2,-2,-2,-2,-2,1,1,-2,-2 
"kauaO","cyrcya",2,2,-2,-2,-2,-2,-2,-2,2,-2,-2,2,2,-2,-2,-2,-2,-2,-2,-2,-2,-2,-2,-2,-2,-2,-2,-2,-2,-2,-2,-2,-2,-2,-2,-2,-2,-2 
"biplO","cyrgif",4,-2,-2,-2,-2,-2,-2,4,3,-2,-2,3,3,-2,-2,-2,-2,-2,-2,-2,-2,-2,-2,-2,2,-2,-2,-2,-2,-2,-2,-2,-2,-2,3,3,-2,-2 
"oahpO","cyrvir",5,3,-2,-2,-2,3,3,3,3,-2,-2,2,-2,3,-2,-2,-2,-2,0,-2,-2,-2,-2,-2,-2,-2,-2,-2,-2,-2,-2,-2,-2,-2,2,2,-2,-2 
"kirtR","denkir",2,2,-2,0,5,-2,0,0,0,0,-2,1,-2,1,-2,-2,-2,-2,-2,-2,-2,-2,-2,-2,-2,-2,-2,-2,-2,-2,-2,-2,-2,-2,0,-2,-2,-2 
"flomO","dicchr",0,1,-2,-2,-2,2,2,1,1,3,1,1,-2,0,-2,-2,-2,0,1,0,0,-2,-2,-2,1,-2,-2,-2,-2,-2,-2,0,-2,0,0,1,1,0 
"tennR","echten",3,0,-2,-2,-2,0,0,1,0,0,-2,3,0,0,-2,3,-2,-2,-2,3,3,-2,3,-2,-2,-2,-2,-2,-2,-2,3,-2,-2,-2,3,3,3,3 
"tarrR","ellste",-2,-2,-2,-2,-2,-2,-2,5,5,-2,-2,-2,-2,-2,-2,-2,-2,-2,1,1,1,1,1,1,1,-2,-2,-2,-2,-2,-2,-2,2,-2,2,2,-2,-2 
"cavpO","eryari",2,5,-2,-2,-2,2,2,2,2,5,-2,-2,-2,5,-2,-2,-2,-2,-2,5,-2,-2,-2,-2,-2,2,-2,-2,5,-2,5,-2,-2,-2,5,5,-2,-2 
"antiR","erycap",1,3,-2,-2,-2,-1,-1,-2,0,0,-2,3,-2,3,-2,-2,-2,-2,1,1,-2,-2,-2,-2,-2,-2,-2,-2,-2,-2,-2,-2,-2,-2,-2,-2,-2,-2 
"flscR","erycun",1,2,-2,-2,-2,1,1,-2,2,-2,-2,-2,-2,-2,-2,-2,-2,-2,-2,-2,-2,-2,-2,-2,-2,-2,-2,-2,-2,-2,-2,-2,-2,-2,0,0,3,-2 
"seveO","erymen",-1,-1,-2,-2,-2,-2,-2,-2,-1,-1,-2,0,0,-2,-2,-2,-2,-2,1,1,-2,-2,-2,-2,-2,-2,-2,-2,-2,-2,1,1,-2,-2,1,1,1,-2 
"threO","eryter",1,2,-2,-2,-2,0,0,-1,2,0,-1,2,2,2,-2,2,-1,-1,-2,-2,-2,-2,-2,-2,-2,-2,-2,-2,-2,-2,-2,-2,-2,-2,-1,0,0,-1 
"slacO","ethbos",1,1,-2,0,-2,0,0,-2,0,-2,-2,3,0,-2,-2,2,-2,-2,0,0,2,2,-2,-2,-2,1,-2,1,0,-2,-2,3,-2,-2,1,1,-2,-2 
"edwaR","ethfon",3,3,3,-2,-2,1,1,1,2,-2,-2,1,1,2,-2,-2,-2,-2,-2,1,1,-2,-2,-2,-2,3,3,3,3,-2,-2,1,0,-2,1,1,2,-2 
"wateR","ethnuc",1,2,2,2,-2,2,2,2,2,0,-2,2,-2,2,-2,-2,-2,0,-2,-2,-2,-2,-2,-2,1,-2,-2,-2,-2,-2,-2,1,1,2,1,2,-2,-2 
"okalO","ethoka",1,1,-2,-2,-2,1,1,1,1,4,-2,1,-2,1,1,-2,-2,-2,-2,-2,-2,-2,-2,-2,-2,-2,-2,-2,-2,-2,-2,-2,-2,-2,1,-2,-2,-2 
"bayoR","ethrub",1,2,-2,-2,-2,0,0,-2,2,-2,-2,-2,2,-2,-2,-2,-2,2,2,2,2,2,-2,-2,-2,-2,-2,-2,-2,-2,-2,2,2,-2,-2,-2,-2,-2 
"maryR","ethsel",0,0,-2,-2,-2,-2,0,1,3,-2,-2,3,3,-2,-2,-2,-2,-2,-2,-2,-2,-2,-2,-2,0,-2,-2,-2,-2,-2,-2,-2,-2,-2,0,-2,-2,-2 
"elseO","eupbat",1,1,2,1,-2,-2,-2,1,2,0,-2,2,2,-2,-2,-2,-2,-2,0,0,1,0,-2,-2,-2,-2,-2,-2,-2,-2,1,0,1,-2,1,1,-2,-2 
"edwaR","eurnan",1,1,1,1,-2,1,1,1,1,1,-2,1,-2,-2,-2,-2,-2,-2,-2,-2,-2,-2,-2,-2,-2,-2,-2,-2,-2,-2,-2,-2,1,1,1,-2,-2,-2 
"pereO","falper",4,1,0,1,1,1,1,1,1,-2,-2,1,1,1,-2,4,-2,1,-2,-2,0,0,0,-2,-2,-2,-2,-2,-2,-2,-2,0,0,0,1,1,-2,-2 
"ampeO","falper",0,0,0,0,2,0,0,5,5,-2,-2,5,-2,5,4,2,-2,-2,-2,0,2,-2,-2,-2,-2,-2,-2,-2,-2,-2,2,5,5,-2,1,0,-2,-2 
"hawwR","fulame",2,2,2,2,2,2,2,2,2,2,-2,2,2,2,2,-1,-1,-2,-1,2,2,-1,-1,-1,-2,-1,-1,-1,-1,-1,3,2,2,-2,2,2,2,-2 
"lanaO","gahlan",1,1,-2,-2,-2,4,2,4,0,4,-2,2,-2,2,-2,-2,-2,-2,-2,-2,-2,-2,-2,-2,-2,-2,-2,-2,-2,-2,-2,-2,-2,-2,2,2,-2,-2 
"hawwR","galchl",0,-2,5,1,-2,-2,-2,0,-2,-2,-2,0,-2,0,-2,-2,-2,-2,-2,5,5,-2,-2,-2,-2,-2,-2,-2,-2,-2,-2,-2,-2,-2,-2,-2,-2,-2 
"edwaR","gamgeo",1,1,-2,-2,-2,2,2,1,1,-2,-2,2,-2,2,-2,2,-2,-2,-2,1,2,-2,-2,-2,-2,-2,-2,-2,-2,1,-2,-2,-2,-2,0,-2,-2,-2 
"hawgO","garbri",3,5,-2,-2,-2,-2,5,4,4,0,-2,3,3,3,-2,-2,-2,-2,-2,-2,-2,-2,-2,-2,-2,-2,0,0,-2,-2,-2,-2,-2,-2,3,0,-2,-2 
"unarR","gasacu",1,-2,-2,-2,-2,1,-2,0,0,-2,-2,-2,1,-2,-2,-2,-2,-2,0,1,1,-2,-2,-2,-2,1,-2,1,-2,-2,-2,1,1,-2,0,-2,-2,-2 
"maplO","gerarb",2,2,-2,-2,-2,2,2,2,2,2,-2,2,2,3,-2,-2,-2,-2,0,3,0,-2,-2,-2,-2,-2,-2,-2,-2,-2,-2,-2,-2,-2,0,2,-2,0 
"humpR","gilcyp",2,2,-2,-2,-2,2,2,2,2,2,-2,2,2,0,-2,-2,-2,-2,-2,-2,-2,1,2,-2,-2,0,-2,-2,2,-2,-2,2,2,-2,1,-2,-2,-2 
"bonyR","gilele",2,1,-2,2,-2,1,1,2,2,0,-2,2,-2,3,-2,1,-2,-2,1,2,1,-2,-2,-2,-2,-2,-2,-2,-2,-2,-2,2,1,-2,1,-2,-2,1 
"chihO","gilnig",3,2,2,2,-2,2,2,2,3,2,-2,3,-2,3,-2,-2,-2,-2,-2,-2,-2,-2,-2,-2,-2,-2,-2,-2,-2,-2,-2,3,-2,-2,3,-2,-2,-2 
"fishR","gilpur",-2,2,-2,-2,-2,2,1,1,2,1,-2,-2,2,1,1,2,-2,-2,-2,-2,-2,-2,-2,-2,-2,-2,-2,-2,-2,-2,-2,1,2,0,-2,0,-2,-2 
"whooR","gruame",-2,-2,1,1,1,1,1,2,0,1,-2,0,0,0,-2,0,1,-2,4,0,4,4,-2,-2,-2,1,-2,-2,-2,-2,1,1,1,-2,0,-2,-2,-2 
"missR","grucan",3,3,0,0,-2,0,0,-2,0,-2,-2,3,-2,3,-2,3,-2,-2,-2,-2,3,3,-2,-2,-2,3,-2,-2,-2,-2,-2,5,1,-2,0,-2,0,-2 
"cacoR","gymcal",-2,-2,5,5,-2,-2,-2,5,5,-2,2,5,5,5,-2,-2,5,-2,-2,-2,-2,-2,5,5,-2,3,-2,-2,-2,-2,-2,1,1,-2,-2,-2,-2,-2 
"gnomO","gymlin",2,3,-2,-2,-2,3,3,3,3,-2,-2,3,3,3,-2,-2,-2,-2,-2,-2,-2,-2,-2,-2,-2,-2,-2,-2,-2,-2,-2,-2,-2,-2,-2,2,-2,-2 
"todsO","hedtod",4,3,0,0,0,0,0,0,1,1,3,0,1,3,3,0,0,0,0,1,1,0,0,0,1,1,0,0,0,0,1,1,0,3,0,0,3,3 
"oahpO","hesarb",2,-2,-2,-2,-2,-2,-2,1,2,-2,-2,2,2,-2,-2,-2,-2,-2,-2,-2,-2,-2,-2,-2,-2,-2,-2,-2,-2,-2,-2,-2,-2,-2,2,-2,-2,-2 
"moloO","hibarn",2,2,-2,-2,-2,2,-2,0,2,-2,-2,2,2,-2,-2,0,-2,-2,0,-2,-2,-2,-2,-2,3,0,-2,-2,-2,-2,-2,-2,-2,-2,2,0,-2,-2 
"kaupO","hibcla",3,3,-2,-2,-2,5,5,0,2,2,-2,2,2,-2,-2,-2,-2,-2,0,-2,-2,-2,-2,-2,-2,-2,-2,-2,-2,-2,-2,-2,-2,-2,0,0,0,-2 
"kauaO","hibwoo",2,-2,-2,-2,-2,2,-2,-2,2,-2,-2,-2,-2,-2,-2,-2,-2,-2,-2,-2,-2,-2,-2,-2,-2,-2,-2,-2,-2,-2,-2,-2,-2,-2,2,2,-2,-2 
"hawwR","himmex",0,0,0,0,-2,2,2,2,0,-2,-2,0,-2,0,-2,-2,-2,-2,-2,-2,2,-2,0,-2,-2,-2,-2,-2,-2,-2,0,2,0,-2,2,-2,-2,-2 
"flscO","hypcum",1,1,-2,-2,-2,1,1,-2,1,1,-2,-2,-2,-2,-2,-2,-2,-2,-2,-2,-2,-2,-2,-2,-2,-2,-2,-2,-2,-2,-2,-2,-2,-2,-2,2,1,-2 
"smalR","isomed",1,3,-2,-2,-2,1,5,0,2,-2,-2,2,2,2,-2,-2,-2,-2,-2,1,1,-2,-2,-2,4,-2,-2,-2,-2,-2,-2,-2,-2,-2,4,-2,-2,-2 
"beacO","jacrec",4,4,-2,-2,-2,4,3,1,4,4,-2,3,-2,2,-2,-2,-2,-2,-2,3,3,-2,-2,-2,-2,-1,-2,-2,-2,-2,-2,-2,-2,-2,3,4,2,-2 
"oahpO","labcyr",2,2,-2,-2,-2,2,2,2,2,-2,-2,2,2,-2,-2,-2,-2,-2,2,3,-2,-2,-2,-2,-2,-2,-2,-2,-2,-2,-2,-2,-2,-2,2,-2,-2,-2 
"pinkO","lamabr",2,2,-2,-2,-2,2,2,1,5,-2,-2,-2,5,3,-2,-2,-2,-2,0,1,-2,-2,-2,-2,-2,-2,-2,-2,-2,-2,1,1,0,-2,1,-2,-2,-2 
"snakO","lanxsp",2,2,-2,-2,-2,0,-2,-2,2,0,-2,2,2,2,-2,-2,-2,-2,-2,-2,-2,-2,-2,-2,-2,-2,-2,-2,-2,-2,-2,-2,-2,-2,0,-2,-2,-2 
"caroO","lasdec",3,3,-2,-2,-2,-2,-2,2,2,0,-2,3,-2,-2,-2,-2,-2,-2,-2,-2,-2,-2,-2,-2,-2,-2,-2,-2,-2,-2,-2,-2,-2,-2,0,-2,-2,-2 
"praiO","leslep",0,0,-2,-2,-2,-2,-2,2,0,-2,-2,0,0,0,-2,2,-2,-2,0,2,3,0,0,-2,-2,-2,0,0,0,-2,-2,-2,-2,-2,2,3,0,-2 
"flscR","liaohl",2,2,-2,-2,-2,2,1,1,1,2,-2,-2,2,-2,-2,-2,-2,-2,2,3,3,-2,-2,-2,-2,3,3,3,-2,-2,-2,-2,-2,-2,-2,-2,1,-2 
"kaupO","lipfau",3,3,-2,-2,-2,5,5,2,2,2,-2,2,2,-2,-2,-2,-2,-2,0,-2,-2,-2,-2,-2,-2,-2,-2,-2,-2,-2,-2,-2,-2,-2,0,0,0,-2 
"oahpO","loboah",5,-2,-2,-2,-2,0,0,5,5,-2,-2,5,5,-2,-2,-2,-2,-2,-2,-2,-2,-2,-2,-2,-2,-2,-2,-2,-2,-2,-2,-2,-2,-2,2,2,-2,-2 
"flscR","lupari",2,2,-2,-2,-2,2,2,2,2,2,-2,2,2,-2,-2,-2,-2,-2,2,-2,-2,2,-2,-2,2,-2,-2,-2,-2,-2,-2,-2,-2,-2,-2,-2,2,-2 
"lotiO","lycarg",1,-2,-2,-2,-2,-2,-2,1,1,-2,-2,1,-2,-2,-2,-2,-2,-2,3,-2,-2,3,-2,-2,-2,-2,-2,-2,-2,-2,-2,-2,-2,-2,3,-2,-2,-2 
"roleO","lysasp",2,0,-2,-2,-2,0,0,0,2,2,-2,-2,0,-2,-2,-2,-2,-2,-2,2,2,-2,-2,-2,-2,-2,-2,0,-2,-2,-2,-2,-2,-2,3,-2,3,-2 
"apalO","macalb",3,-2,-2,-2,-2,3,3,-2,2,-2,-2,2,-2,3,-2,-2,-2,-2,-2,-2,-2,-2,-2,-2,-2,-2,-2,-2,-2,-2,-2,-2,-2,-2,-2,-2,0,-2 
"mohrO","marmoh",-1,-2,-2,-2,-2,-2,-2,1,2,-2,-2,3,3,-2,-2,-2,-2,-2,-2,1,-2,-2,-2,-2,-2,1,-2,-2,-2,-2,-2,-2,-2,-2,-2,-2,2,-2 
"kaupO","melpal",0,0,-2,-2,-2,-2,-2,5,5,-2,-2,5,-2,-2,-2,-2,-2,-2,-2,-2,-2,-2,-2,-2,-2,-2,-2,-2,-2,-2,-2,-2,-2,-2,-2,-2,-2,-2 
"oahpO","melsai",2,2,-2,-2,-2,2,2,2,2,2,-2,2,2,2,-2,-2,-2,-2,-2,-2,-2,-2,-2,-2,-2,-2,-2,-2,-2,-2,-2,-2,-2,-2,2,-2,-2,-2 
"armaO","miccal",2,2,2,2,-2,2,2,-2,2,2,-2,2,2,2,2,-2,-2,-2,1,1,1,1,1,1,-2,-2,-2,-2,-2,-2,1,1,1,-2,2,2,2,-2 
"hualO","micmex",2,2,-2,-2,-2,0,0,0,0,0,-2,-2,2,2,-2,2,-2,-2,-2,0,4,-2,-2,-2,2,-2,-2,-2,0,-2,-2,-2,2,-2,0,2,0,0 
"blacR","musnig",2,2,-2,-2,-2,-2,2,2,2,1,-2,0,-2,2,-2,2,1,-2,4,0,4,1,-2,-2,-2,1,5,-2,-2,-2,2,5,2,1,2,-2,-2,-2 
"kaufO","myapal",0,0,-2,-2,-2,5,5,0,0,-2,-2,5,-2,0,-2,-2,-2,-2,-2,-2,-2,-2,-2,-2,-2,-2,-2,-2,-2,-2,-2,3,0,-2,5,5,-2,-2 
"woodO","mycame",0,-2,5,4,-2,2,2,4,0,-2,-2,5,-2,2,-2,-2,-2,-2,-2,1,0,1,-2,-2,-2,-2,-2,-2,-2,-2,-2,1,2,-2,3,-2,5,-2 
"indiR","myosod",1,1,-2,1,2,3,3,-2,1,-2,-2,2,2,0,-2,-2,-2,-2,-2,2,0,-2,-2,-2,2,-2,-2,-2,-2,-2,4,0,-2,1,-2,-2,-2,-2 
"oahpO","nothum",3,3,-2,-2,-2,-2,-2,-2,-2,-2,-2,5,-2,-2,-2,-2,-2,-2,-2,-2,-2,-2,-2,-2,-2,-2,-2,-2,-2,-2,-2,-2,-2,-2,-2,-2,-2,-2 
"capeO","notmek",2,2,-2,-2,-2,0,2,2,2,0,-2,2,2,2,-2,-2,-2,-2,-2,-2,-2,-2,-2,-2,-2,-2,-2,-2,-2,-2,-2,-2,1,-2,-2,-2,-2,-2 
"neosO","notpla",5,3,-2,-2,-2,5,3,5,5,0,-2,-2,3,0,0,-2,-2,-2,2,2,-2,-2,-2,-2,-2,-2,5,-2,-2,-2,-2,4,2,-2,4,-2,1,-2 
"ringO","oboret",1,3,-2,-2,-2,3,3,2,3,-2,-2,-2,3,3,-2,-2,-2,-2,-2,1,-2,0,-2,-2,-2,-2,-2,-2,-2,-2,1,1,-2,-2,1,-2,-2,-2 
"keydR","odvicl",1,-2,-2,-2,-2,-2,3,1,1,-2,-2,4,-2,4,-2,5,-2,-2,5,-2,5,5,5,-2,5,-2,-2,-2,-2,-2,-2,1,1,-2,0,-2,-2,-2 
"coluR","odvile",2,2,2,-2,-2,3,3,2,3,3,-2,2,2,2,3,3,-2,-2,-2,-2,3,-2,3,-2,-2,1,-2,-2,0,0,-2,2,2,-2,2,2,2,-2 
"antiR","oendel",1,0,-2,-2,-2,0,0,-2,3,1,-2,3,3,3,-2,-2,-2,-2,1,1,1,1,1,-2,1,-2,-2,-2,-2,-2,-2,-2,-2,-2,1,-2,3,-2 
"arizR","oncapa",2,2,2,2,-2,2,2,2,2,-2,-2,0,0,-2,-2,-2,-2,-2,-2,2,2,2,-2,-2,2,2,2,2,2,-2,-2,2,2,-2,2,0,-2,-2 
"grcuR","onccla",3,3,3,3,-2,-2,-2,1,1,-2,-2,3,3,-2,-2,-2,-2,-2,-2,3,3,3,-2,-2,-2,-2,-2,-2,-2,-2,-2,3,3,-2,3,3,-2,-2 
"gilaR","oncgil",4,1,-2,-2,-2,5,5,4,5,5,3,5,3,5,-2,-2,-2,-2,4,4,3,3,-2,-2,-2,5,-2,3,3,3,-2,4,1,-2,5,5,5,-2 
"nashR","orcsho",2,2,-2,-2,-2,2,-2,2,2,-2,-2,0,-2,-2,-2,-2,-2,-2,3,2,-2,-2,-2,-2,-2,-2,-2,-2,-2,-2,-2,-2,-2,-2,0,-2,-2,-2 
"flscR","parcha",1,1,-2,-2,-2,0,1,-2,0,1,-2,-2,-2,-2,-2,-2,-2,-2,3,1,-2,-2,-2,-2,-2,-2,-2,-2,-2,-2,-2,-2,-2,-2,3,-2,3,-2 
"mamoO","parfla",0,-2,-2,-2,-2,-2,-2,4,1,-2,-2,1,1,-2,-2,2,-2,-2,-2,3,-2,-2,-2,-2,-2,-2,-2,-2,-2,-2,-2,-2,-2,-2,-2,0,-2,-2 
"bradO","pedbra",1,3,-2,-2,-2,3,-2,1,2,2,0,3,0,2,-2,-2,-2,-2,0,0,3,-2,-2,3,-2,-2,-2,-2,-2,-2,-2,-2,-2,-2,0,-2,-2,1 
"furbR","pedfur",2,2,-2,-2,-2,2,2,0,1,0,-2,2,2,2,3,2,1,-2,-2,1,1,0,1,1,-2,-2,-2,-2,-2,-2,-2,-2,-2,-2,1,2,2,1 
"prcrO","pellem",1,3,-2,-2,-2,-2,-2,0,0,-2,-2,0,0,0,-2,-2,-2,-2,-2,2,-2,-2,-2,-2,-2,-2,0,0,-2,-2,1,-2,-2,-2,3,-2,-2,-2 
"anasO","perpol",3,3,-1,-1,-1,3,1,1,1,1,1,-1,1,1,-2,1,-1,-2,1,3,-1,1,1,1,1,-1,-1,-1,-1,-2,1,1,1,1,3,2,2,-2 
"snaiR","pertan",5,0,-2,-2,-2,0,-2,-2,0,2,-2,5,5,5,-2,2,-2,-2,2,2,-2,2,-2,-2,-2,-2,-2,-2,-2,-2,2,2,-2,-2,2,-2,-2,-2 
"lanaO","phygla",0,1,-2,-2,-2,2,2,0,0,-2,-2,0,0,0,-2,-2,-2,-2,-2,-2,-2,-2,-2,-2,-2,-2,-2,-2,-2,0,-2,-2,-2,-2,0,-2,-2,-2 
"biadO","phyrac",1,-2,-2,-2,-2,1,0,0,0,0,-2,0,0,0,-2,0,0,-2,0,1,-2,-2,-2,-2,-2,1,1,0,-2,-2,0,-2,-2,-2,1,1,1,-2 
"redcR","picbor",5,-2,2,2,-2,2,2,5,2,2,-2,2,2,2,-2,1,-2,-2,-2,0,1,-2,-2,-2,1,0,-2,-2,0,-2,0,1,5,1,4,-2,1,-2 
"ropiO","pleple",2,2,-2,-2,-2,2,-2,2,2,2,-2,-2,2,2,-2,-2,-2,-2,-2,2,-2,-2,-2,-2,-2,-2,-2,-2,-2,-2,2,2,-2,-2,2,-2,-2,-2 
"shenO","pleshe",4,3,2,3,-2,1,1,4,1,1,-2,-2,3,3,1,-2,-2,-2,0,0,1,4,-2,4,4,0,0,-2,3,-2,0,1,0,-2,1,3,1,-2 
"fishR","poeocc",1,4,-2,-2,-2,4,4,1,-2,-2,-2,-2,-2,4,4,0,-2,-2,0,-2,4,-2,-2,-2,-2,-2,-2,-2,-2,-2,-2,-2,-2,-2,1,-2,-2,-2 
"cavpO","pognud",0,0,-2,-2,-2,0,0,0,0,1,-2,-2,0,0,-2,-2,-2,-2,-2,2,-2,-2,-2,-2,-2,1,1,1,1,-2,-2,-2,-2,-2,1,1,1,-2 
"flscR","polbas",1,1,-2,-2,-2,1,1,1,1,1,-2,1,1,1,-1,-2,-2,-2,2,2,-2,1,-2,-2,-2,-2,-2,-2,-2,-2,-2,-2,-2,-2,3,-2,1,-2 
"fatpR","potcap",1,1,-2,-2,-2,-2,-2,1,1,-2,-2,3,-2,-2,-2,-2,-2,-2,-2,-2,-2,-2,-2,-2,3,-2,-2,-2,-2,-2,-2,-2,-2,-2,3,-2,-2,-2 
"littO","potcly",3,3,-2,-2,-2,3,3,3,3,-2,-2,3,3,2,-2,-2,-2,-2,-2,0,0,-2,-2,-2,-2,0,0,-2,-2,-2,-2,-2,-2,-2,2,0,2,-2 
"flscR","prugen",2,2,-2,-2,-2,-2,1,-2,2,-2,-2,0,-2,0,-2,-2,1,-2,0,0,-2,-2,-2,-2,-2,3,-2,-2,-2,-2,-2,-2,-2,-2,-2,1,1,-2 
"guamO","ptemar",2,2,1,1,-2,2,1,3,2,-2,-2,1,-2,1,-2,-2,-2,-2,-2,1,1,3,-2,-2,-2,-2,-2,-2,-2,-2,2,2,2,-2,2,2,-2,-2 
"harpO","ptinod",3,3,-2,-2,-2,3,-2,5,5,-2,0,5,5,0,-2,-2,-2,-2,1,1,-2,-2,-2,-2,-2,3,3,3,-2,-2,0,-2,-2,-2,0,-2,3,-2 
"coloR","ptyluc",2,2,2,2,2,2,2,-1,2,1,-2,-2,1,2,-2,-2,-2,-2,-2,5,-2,2,-2,-2,1,-2,-2,-2,-2,-2,2,2,2,-2,2,2,2,-2 
"flopR","pumcon",3,2,-2,-2,-2,0,0,4,1,-2,-2,1,-2,0,-2,-2,0,-2,-2,2,3,3,-2,-2,-2,2,2,-2,-2,2,-2,1,2,-2,3,-2,-2,-2 
"alamO","pyrneo",0,3,-2,-2,-2,-2,-2,-2,3,-2,-2,-2,-2,2,-2,-2,-2,-2,-2,-2,-2,-2,-2,-2,0,-2,-2,-2,-2,-2,-2,-2,2,-2,0,-2,-2,-2 
"tombO","quasta",1,1,-2,-2,-2,1,1,1,1,1,-2,-2,-2,2,2,-2,-2,-2,0,0,0,0,-2,-2,-2,-2,-2,-2,-2,-2,-2,0,-2,-2,-2,-2,-2,-2 
"saltO","raloob",2,2,2,2,-2,2,2,1,2,0,-2,2,2,2,2,2,-2,-3,-2,-2,2,-2,-2,-2,1,-2,-2,-2,3,-2,2,2,1,2,1,-2,1,-2 
"yumaO","raloyu",5,-2,-2,-2,-2,5,5,1,1,-2,-2,3,-2,3,-2,-2,-2,-2,-2,-2,5,-2,-2,-2,-2,-2,-2,-2,-2,-2,-2,1,1,0,-2,-2,2,-2 
"selkR","rantar",1,1,1,1,1,3,-2,1,1,-2,-2,1,3,1,-2,3,-2,-2,3,3,3,3,3,3,-2,3,-2,-2,-2,-2,1,1,1,-2,1,3,1,-2 
"kendO","rhiosc",2,2,-2,-2,-2,0,0,0,0,3,-2,1,-2,0,-2,-2,-2,-2,-2,-2,-2,-2,-2,-2,-2,-2,-2,-2,-2,-2,-2,-2,-2,-2,-2,-2,-2,-2 
"chapO","rhocha",3,3,-2,-2,-2,3,3,3,3,3,-2,3,3,3,-2,3,-2,-2,3,3,3,-2,-2,-2,-2,-2,3,-2,-2,-2,-2,-2,-2,-2,3,3,3,3 
"everR","rossoc",0,4,4,4,-2,0,4,1,1,-2,-2,5,-2,5,-2,1,-2,-2,-2,1,1,1,-2,-2,-2,-2,-2,-2,-2,-2,1,1,0,-2,0,0,0,-2 
"grpiR","sarore",2,2,-2,-2,-2,2,2,0,0,0,-2,0,-2,3,3,-2,-2,-2,-2,2,2,-2,-2,-2,-2,1,-2,-2,-2,-2,3,-2,-2,-2,1,1,-2,-2 
"pallO","scaalb",3,-2,3,2,2,2,2,2,2,0,-2,2,-2,1,-2,1,-2,-2,3,1,1,1,-2,-2,1,-2,-2,-2,0,1,0,2,-2,-2,2,4,4,1 
"maplO","schhal",3,3,-2,-2,-2,-2,-2,-2,3,-2,-2,3,-2,3,-2,-2,-2,-2,3,3,-2,-2,-2,-2,-2,3,-2,-2,-2,-2,3,-2,-2,-2,3,-2,3,-2 
"oahpO","schkaa",5,5,-2,-2,-2,5,-2,2,1,-2,2,2,-2,-2,-2,-2,-2,5,-2,3,-2,-2,-2,-2,-2,1,3,3,-2,-2,-2,3,-2,-2,3,3,-2,2 
"oahpO","schkea",2,-2,-2,-2,-2,-2,-2,2,2,-2,-2,0,0,-2,-2,-2,-2,-2,0,3,-2,-2,-2,-2,-2,-2,-2,-2,-2,-2,-2,-2,-2,-2,3,0,-2,-2 
"kaupO","schspe",3,3,-2,-2,-2,-2,-2,0,3,-2,-2,2,2,2,-2,-2,-2,-2,-2,-2,-2,-2,-2,-2,-2,-2,-2,-2,-2,-2,-2,-2,-2,-2,-2,-2,-2,-2 
"delmR","scinig",1,3,3,1,-2,2,2,2,1,2,4,2,1,3,2,1,-2,-2,-2,3,1,-2,-2,-2,-2,1,1,1,-2,-2,4,-2,1,-2,2,3,2,-2 
"enruO","soldry",2,2,-2,-2,-2,2,2,2,2,2,2,3,2,2,2,2,-2,-2,-2,2,3,2,2,2,2,-2,-2,-2,-2,-2,2,-2,-2,-2,2,2,2,-2 
"hougO","solhou",5,3,-2,-2,-2,2,2,1,1,1,-2,-2,2,-2,-2,-2,-2,-2,-2,2,2,-2,-2,-2,2,1,-2,-2,-2,-2,-2,-2,-2,-2,4,-2,2,-1 
"alabR","spepou",3,-1,-1,-1,-1,-1,-1,3,0,-1,-1,0,-1,-1,-1,-1,-1,-1,-1,-1,-1,-1,-1,-1,3,-1,-1,-1,-1,-1,3,-1,3,-1,-1,-1,-1,-1 
"caleO","steant",0,0,0,0,-1,2,1,4,2,-2,-2,1,2,1,-2,3,-2,-2,2,-1,2,2,1,2,-2,-2,-2,-2,-2,-2,-1,1,1,-2,1,-2,0,-2 
"kaupO","stecam",3,3,-2,-2,-2,3,3,0,0,-2,-2,2,2,2,-2,-2,-2,-2,-2,-2,-2,-2,-2,-2,-2,-2,-2,-2,-2,-2,-2,-2,-2,-2,-2,-2,-2,-2 
"mexiO","strocc",1,1,1,1,1,1,1,1,1,1,-2,-2,1,1,1,1,-2,-2,1,-2,1,1,1,1,-2,1,1,1,1,-2,1,1,1,-2,3,3,1,-2 
"loweO","sylpal",3,3,3,3,-2,3,3,3,3,3,-2,3,3,3,-2,3,3,-2,3,3,3,3,3,3,-2,-2,-2,-2,3,-2,3,3,3,-2,3,-2,-2,-2 
"lanaO","tetrem",3,0,-2,-2,-2,0,2,0,0,-2,-2,3,3,3,-2,-2,-2,-2,0,-2,-2,-2,-2,-2,1,-2,-2,-2,-2,0,-2,-2,-2,-2,3,-2,-2,-2 
"karsO","texred",1,1,-2,-2,-2,1,1,-2,1,1,-2,3,-2,-2,-2,-2,-2,2,-2,-2,-2,-2,-2,-2,-2,1,-2,-2,-2,-2,1,-2,1,-2,1,1,2,-2 
"coolO","thacoo",1,1,1,1,1,1,1,1,1,1,1,1,1,1,1,1,1,1,1,1,1,1,1,1,1,1,1,1,1,1,1,1,-2,-2,1,1,1,1 
"pedaO","theste",0,5,-2,-2,-2,3,0,-2,0,0,-2,3,3,3,-2,-2,0,-2,-2,-2,-2,-2,-2,-2,0,-2,-2,-2,-2,-2,3,-2,-2,-2,0,-2,-2,-2 
"soccO","thethe",3,0,-2,-2,-2,-2,-2,3,3,-2,-2,3,-2,-2,-2,3,-2,-2,-2,-2,3,3,-2,-2,3,-2,-2,-2,-2,-2,-2,-2,-2,-2,3,-2,-2,-2 
"prfeO","theyau",4,4,-2,-2,-2,-2,-2,-2,4,-2,-2,2,4,-2,-2,-2,-2,-2,-2,-2,-2,-2,-2,-2,-2,-2,-2,-2,-2,-2,-2,-2,-2,-2,-2,-2,-2,-2 
"westR","triman",1,3,-2,-2,-2,-2,-2,1,1,-2,1,3,-2,3,-2,-2,-2,3,-2,0,1,2,-2,-2,3,-2,-2,-2,-2,-2,-2,1,1,1,-2,-2,-2,-2 
"bariO","tritri",0,0,-2,-2,-2,0,0,0,0,-2,-2,0,0,0,-2,-2,-2,-2,-2,1,1,-2,-2,-2,-2,-2,-2,-2,-2,-2,-2,-2,-2,-2,-2,-2,-2,-2 
"attwR","tymcup",4,4,4,4,-2,0,0,5,0,2,-2,0,0,0,-2,-2,-2,-2,-2,0,2,-2,2,-2,-2,-2,-2,-2,0,-2,5,5,5,-2,0,0,0,-2 
"grizR","ursarc",1,2,-2,-2,-2,2,1,1,1,0,-2,2,2,4,1,3,1,-2,4,1,1,1,-2,1,1,1,1,1,1,-2,2,1,2,2,-2,0,-2,-2 
"flscR","warcar",1,1,-2,-2,-2,-2,1,2,3,-2,-2,-2,-2,-2,-2,-2,-2,1,0,2,-2,-2,-2,-2,2,-2,-2,-2,-2,-2,0,-2,-2,-2,-2,-2,1,-2 
"cachO","xanriv",3,-2,-2,-2,-2,-2,-2,-2,-2,-2,-2,3,-2,-2,3,5,-2,-2,5,5,5,5,5,5,5,-2,-2,-2,-2,-2,-2,-2,1,-2,3,-2,-2,-2 
"flscR","zizcel",2,2,-2,-2,-2,3,3,2,2,2,-2,2,0,0,0,0,2,-2,2,2,2,0,0,0,-2,0,0,0,0,0,0,-2,-2,-2,0,0,2,-2 
"edwaR","ziztex",5,5,-2,-2,-2,5,-2,1,1,1,-2,-2,-2,3,-2,-2,-2,-2,-2,3,0,-2,-2,-2,-2,-2,-2,-2,-2,0,-2,-2,-2,-2,1,-2,-2,-2 
