"PLAN","SPECIES","308GG","309GG","310GG","311GG","312GG","313GG","314GG","315GG","316GG","317GG","318GG","319GG","320GG","321GG","322GG","323GG","324GG","325GG","326GG","327GG","328GG","329GG","330GG","331GG","332GG","333GG","334GG","335GG","336GG","337GG","338GG","339GG","340GG","341GG","342GG","343GG"
"largO","abrmac",-2,-2,3,-2,1,-2,1,1,-2,-2,1,1,1,-2,-2,-2,-2,-2,-2,-2,-2,-2,-2,-2,-2,-2,-2,-2,-2,-2,-2,-2,-2,-2,-2,-2 
"lanaO","abuere",-2,2,-2,-2,1,-2,1,2,2,1,2,-2,1,-2,1,-2,-2,-2,-2,-2,-2,-2,-2,-2,-2,-2,-2,-2,-2,-2,-2,-2,-2,-2,-2,-2 
"oahpO","abusan",-2,2,-2,-2,1,-2,1,-2,1,1,-2,1,-2,-2,1,-2,-2,-2,-2,-2,-2,-2,-2,-2,-2,-2,-2,-2,-2,-2,-2,-2,-2,-2,-2,1 
"prraO","accstr",-2,-2,-2,-2,-2,-2,-2,-2,-2,-2,-2,1,1,-2,-2,-2,-2,-2,-2,-2,-2,-2,-2,-2,-2,-2,-2,-2,-2,1,-2,-2,-2,-2,-2,-2 
"oahtO","achlil",1,3,-2,-2,1,-2,1,-2,-2,-2,-2,-2,1,-2,-2,-2,-2,-2,-2,-2,-2,-2,-2,-2,-2,-2,-2,-2,-2,-2,-2,-2,-2,-2,-2,-2 
"nighO","acrlus",-2,3,3,3,-2,-2,1,-2,-2,-2,-2,1,1,-2,1,-2,-2,-2,-2,-2,-2,-2,-2,-2,-2,-2,-2,-2,-2,1,-2,-2,-2,-2,-2,-2 
"sensO","aesvir",-2,-2,-2,-2,-2,-2,3,-2,2,2,-2,1,-2,-2,1,-2,-2,-2,-2,-2,-2,2,-2,-2,-2,-2,-2,-2,-2,-2,-2,-2,-2,-2,-2,-2 
"dwweO","alahet",-2,3,-2,-2,-2,-2,-2,-2,-2,-2,1,1,1,-2,1,-2,-2,-2,-2,-2,-2,-2,-2,-2,-2,-2,-2,-2,-2,-2,-2,-2,1,-2,-2,-2 
"maplO","alemac",-2,2,-2,2,1,-2,1,1,1,1,1,1,1,1,2,-2,-2,-2,-2,-2,-2,-2,-2,-2,-2,-2,-2,-2,-2,-2,-2,-2,-2,1,-2,-2 
"kauaO","alslyc",-2,2,-2,-2,1,-2,1,-2,1,1,2,1,-2,-2,1,-2,-2,-2,-2,-2,-2,-2,-2,-2,-2,-2,-2,-2,-2,-2,-2,-2,-2,-2,-2,-2 
"oahpO","alsobo",-2,-2,-2,-2,-2,1,-2,-2,1,1,-2,1,-2,-2,1,-2,-2,-2,-2,-2,-2,-2,-2,-2,-2,-2,-2,-2,-2,-2,-2,-2,-2,-2,-2,-2 
"kauaO","alsvis",-2,2,-2,-2,2,-2,1,-2,2,1,-2,1,-2,-2,1,-2,-2,-2,-2,-2,-2,-2,-2,-2,-2,-2,-2,-2,-2,-2,-2,-2,-2,-2,-2,-2 
"prpaO","amavit",1,1,-2,1,1,1,1,1,3,1,1,1,3,-2,1,1,-2,-2,-2,-2,-2,-2,-2,3,-2,-2,-2,-2,-2,-2,-2,-2,-2,-2,-2,-2 
"ashmO","ambama",-2,-2,-2,-2,-2,-2,2,-2,2,-2,-2,1,1,-2,2,-2,-2,-2,-2,-2,-2,-2,-2,-2,-2,-2,-2,-2,-2,-2,-2,-2,-2,-2,-2,-2 
"ozarR","ambros",-2,-2,-2,-2,-2,-2,-2,-2,-2,-2,-2,1,1,-2,1,-2,-2,-2,-2,-2,-2,2,2,3,-2,-2,-2,-2,-2,-2,-2,-2,-2,-2,-2,-2 
"sonoR","antame",1,2,-2,2,2,-2,2,-2,-2,1,-2,2,1,-2,1,1,-2,1,-2,-2,-2,1,-2,-2,-2,-2,-2,-2,-2,-2,-2,-2,-2,-2,-2,-2 
"antiR","apomor",1,-2,-2,-2,1,-2,-2,-2,2,-2,2,1,1,-2,2,-2,-2,1,-2,-2,-2,-2,-2,-2,-2,-2,-2,-2,-2,-2,1,-2,-2,-2,-2,-2 
"raveO","archoo",-2,1,1,-2,1,1,1,-2,1,1,1,1,1,1,-2,-2,-2,-2,-2,-2,-2,-2,-2,-2,-2,-2,-2,-2,-2,-2,-2,-2,-2,-2,-2,-2 
"dwbeO","archum",-2,-2,-2,-2,-2,-2,-2,-2,-2,-2,-2,1,1,-2,1,-2,-2,-2,-2,-2,-2,-2,-2,-2,-2,-2,-2,-2,-2,-2,-2,-2,-2,-2,-2,-2 
"fourO","arcmor",-2,-2,-2,-2,-2,-2,-2,-2,2,2,-2,2,1,1,1,-2,-2,-2,-2,-2,-2,-2,-2,-2,-2,-2,-2,-2,-2,-2,-2,-2,-2,-2,-2,-2 
"maunO","argsan",-2,-2,-2,-2,-2,-2,1,-2,-2,-2,-2,1,-2,-2,2,-2,-2,-2,-2,-2,-2,-2,-2,-2,-2,-2,-2,-2,-2,-2,-2,-2,-2,-2,-2,-2 
"anthO","athant",-2,2,-2,2,2,-2,-2,-2,1,-2,2,1,-2,-2,-2,-2,-2,-2,-2,-2,-2,-2,-2,-2,-2,-2,-2,-2,-2,-2,-2,-2,-2,-2,-2,-2 
"virgR","betube",-2,-2,-2,-2,-2,-2,-2,1,-2,1,-2,-2,2,1,1,-2,-2,-2,-2,-2,-2,-2,-2,-2,-2,-2,-2,-2,-2,-2,-2,-2,-2,-2,-2,-2 
"flscR","bongra",-2,1,-2,-2,-2,-2,-2,-2,2,1,-2,1,1,1,1,-2,-2,-2,-2,-2,-2,-2,-2,-2,-2,-2,-2,-2,-2,2,-2,-2,-2,-2,-2,-2 
"aleuR","bracan",-2,2,-2,2,2,2,2,2,-2,-2,-2,-2,-2,-2,-2,2,-2,2,2,-2,-2,2,2,2,-2,-2,-2,-2,-2,-2,-2,-2,-2,-2,-2,-2 
"cavpO","brasan",-2,2,-2,-2,2,-2,1,-2,1,-2,-2,2,1,-2,2,-2,-2,-2,-2,-2,-2,2,-2,-2,-2,-2,-2,-2,-2,1,1,-2,-2,-2,-2,1 
"kaupO","briins",-2,2,-2,-2,1,-2,1,1,1,-2,1,1,-2,-2,1,-2,-2,-2,-2,-2,-2,-2,-2,-2,-2,-2,-2,-2,-2,-2,-2,-2,-2,-2,-2,-2 
"palmO","calriv",-2,-2,2,-2,1,-2,-2,-2,-2,-2,-2,-2,1,-2,1,-2,-2,-2,-2,-2,-2,-2,-2,-2,-2,-2,-2,-2,-2,-2,-2,-2,2,-2,-2,-2 
"grayO","canlup",-2,1,-2,2,-2,-2,-2,1,-2,-2,1,2,3,-2,-2,-2,3,-2,3,-2,3,-2,3,-2,-2,-2,-2,-2,-2,-2,-2,-2,-2,-2,-2,-2 
"eastR","canlup",3,3,-2,3,-2,2,-2,2,-2,-2,-2,2,-2,3,2,-2,-2,3,-2,-2,-2,3,-2,-2,-2,-2,-2,-2,-2,-2,-2,-2,-2,-2,-2,-2 
"redwR","canruf",-2,2,-2,-2,1,-2,-2,-2,-2,-2,-2,-2,3,-2,-2,-2,-2,-2,-2,-2,-2,-2,-2,-2,-2,-2,-2,-2,-2,-2,-2,-2,-2,-2,-2,-2 
"ashmO","cennam",-2,3,-2,-2,-2,-2,-2,-2,2,-2,2,2,1,-2,2,-2,-2,-2,-2,-2,-2,-2,-2,-2,-2,-2,-2,-2,-2,-2,-2,-2,-2,-2,-2,-2 
"cuiuR","chacuj",-2,-2,-2,-2,2,-2,-2,-2,-2,-2,-2,1,-2,-2,-2,1,-2,-2,-2,-2,-2,-2,-2,-2,-2,-2,-2,-2,-2,-2,-2,-2,-2,-2,-2,-2 
"pineO","chagar",-2,3,-2,-2,3,3,-2,-2,2,1,-2,1,1,1,1,-2,-2,-2,-2,-2,-2,-2,-2,-2,-2,-2,-2,-2,-2,-2,-2,-2,1,-2,-2,-2 
"oahpO","charoc",-2,1,-2,-2,1,-2,-2,-2,1,1,-2,-2,1,-2,1,-2,-2,-2,-2,-2,-2,-2,-2,-2,-2,-2,-2,-2,-2,-2,-2,-2,-2,-2,-2,-2 
"flogO","chrflo",-2,2,2,2,2,2,-2,-2,-2,-2,-2,1,1,1,-2,-2,-2,-2,-2,-2,-2,-2,-2,-2,-2,-2,-2,-2,-2,-2,-2,-2,2,-2,-2,-2 
"nortO","cicdor",-2,2,-2,-2,-2,-2,-2,-2,-2,-2,-2,2,1,-2,-2,-2,-2,-2,-2,-2,-2,-2,-2,-2,-2,-2,-2,-2,-2,-2,-2,-2,-2,-2,-2,-2 
"maskR","colvir",1,-2,1,2,1,-2,-2,1,-2,-2,1,1,1,1,-2,-2,-2,1,-2,-2,-2,-2,-2,1,-2,-2,-2,-2,-2,-2,-2,-2,-2,-2,-2,1 
"hawcO","corhaw",-2,1,-2,-2,1,-2,1,1,-2,-2,-2,1,-2,-2,1,1,-2,1,-2,-2,-2,-2,-2,-2,-2,-2,-2,-2,-2,-2,-2,-2,-2,-2,-2,-2 
"amcrR","croacu",-2,-2,-2,-2,-2,1,2,-2,-2,-2,-2,1,1,-2,1,-2,-2,-2,-2,-2,-2,1,-2,-2,-2,-2,-2,-2,-2,-2,-2,-2,-2,-2,-2,-2 
"newmO","crowil",-2,-2,-2,-2,3,2,-2,-2,-2,-2,3,2,2,-2,2,-2,-2,-2,-2,-2,-2,-2,-2,-2,-2,-2,-2,-2,-2,-2,-2,-2,2,-2,-2,-2 
"sccyO","cupabr",-2,-2,-2,-2,2,-2,-2,2,2,2,-2,2,2,2,-2,-2,-2,-2,-2,-2,-2,-2,-2,-2,-2,-2,-2,-2,-2,-2,-2,-2,-2,-2,-2,-2 
"moloO","cyaman",-2,-2,-2,2,1,-2,1,1,2,-2,1,1,1,-2,1,-2,-2,-2,-2,-2,-2,-2,-2,1,-2,-2,-2,-2,-2,-2,-2,-2,-2,-2,-2,-2 
"biplO","cyashi",-2,2,3,2,1,-2,1,1,-2,1,-2,1,1,1,1,-2,-2,-2,-2,-2,-2,-2,-2,-2,-2,-2,-2,-2,-2,-2,-2,-2,-2,-2,-2,-2 
"fishR","cypfor",-2,2,2,-2,-2,-2,2,-2,1,2,-2,1,1,1,-2,-2,-2,-2,-2,-2,-2,-2,-2,-2,-2,-2,-2,-2,-2,-2,-2,-2,-2,-2,-2,-2 
"kauaO","cyrcya",-2,2,-2,-2,2,-2,1,1,1,1,-2,1,-2,-2,1,-2,-2,-2,-2,-2,-2,-2,-2,-2,-2,-2,-2,-2,-2,-2,-2,-2,-2,-2,-2,-2 
"biplO","cyrgif",-2,2,2,2,1,-2,1,1,-2,1,-2,1,1,1,1,-2,-2,-2,-2,-2,-2,-2,-2,-2,-2,-2,-2,-2,-2,-2,-2,-2,-2,-2,-2,-2 
"oahpO","cyrvir",-2,1,1,-2,1,-2,1,-2,-2,-2,-2,1,1,-2,-2,-2,-2,-2,-2,-2,-2,-2,-2,-2,-2,-2,-2,-2,-2,-2,-2,-2,-2,-2,-2,-2 
"kirtR","denkir",-2,1,-2,-2,1,-2,-2,-2,1,-2,-2,1,1,-2,-2,1,1,1,1,-2,-2,-1,-2,-2,-2,-2,-2,-2,-2,-2,-2,-2,-2,-2,-2,-2 
"flomO","dicchr",-2,-2,2,-2,1,-2,-2,-2,-2,1,2,1,-2,-2,1,1,-2,-2,-2,-2,-2,-2,-2,-2,-2,-2,-2,-2,-2,-2,-2,3,3,-2,-2,-2 
"tennR","echten",-2,-2,1,-2,3,-2,-2,-2,-2,1,2,1,1,-2,1,-2,-2,-2,-2,-2,-2,-2,-2,-2,-2,-2,-2,-2,-2,-2,-2,-2,-2,-2,-2,-2 
"tarrR","ellste",-2,2,-2,2,-2,-2,-2,-2,2,-2,-2,1,1,-2,1,-2,-2,-2,-2,-2,-2,-2,-2,-2,-2,-2,-2,-2,-2,-2,-2,-2,-2,-2,-2,-2 
"cavpO","eryari",-2,2,-2,-2,2,-2,2,-2,1,-2,-2,2,1,-2,2,-2,-2,-2,-2,-2,-2,-2,-2,2,-2,-2,-2,-2,-2,1,1,-2,-2,-2,-2,1 
"antiR","erycap",-2,2,-2,-2,2,-2,-2,-2,2,-2,-2,1,1,-2,1,-2,-2,-2,-2,-2,-2,-2,-2,-2,-2,-2,-2,-2,-2,-2,1,-2,-2,-2,-2,-2 
"flscR","erycun",-2,1,-2,-2,-2,-2,-2,-2,2,-2,-2,1,1,1,2,-2,-2,-2,-2,-2,-2,-2,-2,-2,-2,-2,-2,-2,-2,2,1,-2,2,-2,-2,-2 
"seveO","erymen",-2,-2,-2,-2,-2,-2,-2,-2,1,1,-2,1,1,-2,1,-2,-2,-2,-2,-2,-2,-2,-2,-2,-2,-2,-2,-2,-2,-2,-2,-2,-2,-2,-2,1 
"threO","eryter",-2,-1,-1,-1,-1,-1,-1,-1,3,3,-1,2,1,2,2,-2,-2,-2,-2,-2,-2,-2,-2,-2,-2,-2,-2,-2,-2,-2,-2,-2,-2,-2,-2,-2 
"slacO","ethbos",-2,-2,-2,-2,-2,-2,-2,-2,-2,-2,-2,2,2,-2,2,2,2,-2,-2,-2,-2,-2,-2,-2,-2,-2,-2,-2,-2,-2,-2,-2,-2,-2,-2,-2 
"edwaR","ethfon",-2,-2,-2,-2,1,-2,2,3,2,2,-2,2,-2,1,1,-2,-2,-2,-2,-2,-2,-2,-2,-2,-2,-2,-2,-2,-2,1,-2,-2,-2,-2,-2,1 
"wateR","ethnuc",-2,-2,3,3,2,-2,-2,-2,-2,-2,-2,1,-2,-2,-2,-2,-2,-2,-2,-2,-2,-2,-2,-2,-2,-2,-2,-2,-2,-2,-2,-2,-2,-2,-2,2 
"okalO","ethoka",-2,2,-2,-2,-2,-2,2,-2,2,2,-2,3,3,-2,1,-2,-2,-2,-2,-2,-2,-2,-2,-2,-2,-2,-2,-2,-2,-2,-2,-2,-2,-2,-2,-2 
"bayoR","ethrub",-2,-2,-2,3,-2,-2,-2,-2,-2,-2,-2,2,2,-2,2,-2,-2,-2,-2,-2,-2,-2,-2,-2,-2,-2,-2,-2,-2,-2,-2,-2,3,-2,-2,-2 
"maryR","ethsel",-2,-2,-2,-2,-2,-2,-2,-2,-2,-2,-2,-2,1,-2,-2,-2,-2,-2,-2,-2,-2,-2,-2,-2,-2,-2,-2,-2,-2,-2,-2,-2,1,-2,-2,1 
"elseO","eupbat",-2,1,-2,-2,1,2,-2,-2,1,-2,-2,1,1,-2,1,1,1,1,1,-2,-2,1,1,-2,-2,-2,-2,-2,-2,1,-2,-2,-2,-2,-2,-2 
"edwaR","eurnan",-2,-2,-2,-2,1,-2,2,2,-2,2,-2,2,-2,-2,2,-2,-2,-2,-2,-2,-2,-2,-2,-2,-2,-2,-2,-2,-2,-2,-2,-2,-2,-2,-2,-2 
"pereO","falper",-2,3,1,-2,3,3,-2,-2,-2,-2,-2,3,3,-2,-2,3,3,-2,-2,-2,-2,-2,-2,-2,-2,-2,-2,-2,-2,-2,-2,-2,-2,-2,-2,-2 
"ampeO","falper",1,1,-2,1,1,1,-2,1,-2,3,-2,1,-2,-2,1,1,1,2,-2,2,-2,-2,-2,-2,-2,-2,-2,-2,-2,-2,-2,-2,-2,-2,-2,1 
"hawwR","fulame",-2,-2,-2,-2,-2,2,1,2,2,-2,-2,1,1,-2,2,-2,-2,2,-2,2,-2,-2,-2,-2,-2,-2,-2,-2,-2,-2,-2,-2,-2,-2,-2,-2 
"lanaO","gahlan",-2,2,-2,-2,1,-2,1,2,1,-2,2,1,1,1,1,-2,-2,-2,-2,-2,-2,-2,-2,1,-2,-2,-2,-2,-2,-2,-2,-2,-2,-2,-2,-2 
"hawwR","galchl",-2,-2,-2,-2,-2,2,1,-2,-2,-2,3,1,1,-2,2,1,-2,1,-2,2,-2,-2,-2,-2,-2,-2,-2,-2,-2,-2,-2,-2,-2,-2,-2,1 
"edwaR","gamgeo",-2,1,-2,-2,1,-2,2,3,2,2,-2,1,-2,-2,1,-2,-2,-2,-2,-2,-2,-2,-2,-2,-2,-2,-2,-2,-2,-2,-2,-2,-2,-2,-2,-2 
"hawgO","garbri",-2,2,-2,-2,1,-2,1,1,-2,1,2,-2,1,-2,-2,-2,-2,-2,-2,-2,-2,-2,-2,-2,-2,-2,-2,-2,-2,-2,-2,-2,-2,-2,-2,-2 
"unarR","gasacu",-2,2,-2,2,-2,-2,-2,-2,1,-2,1,1,1,-2,-2,-2,-2,-2,-2,-2,-2,-2,-2,-2,-2,-2,-2,-2,-2,-2,-2,-2,-2,-2,-2,-2 
"maplO","gerarb",-2,2,-2,2,2,-2,1,1,2,1,-2,-2,1,1,2,-2,-2,-2,-2,-2,-2,-2,-2,-2,-2,-2,-2,-2,-2,-2,-2,-2,-2,-2,-2,-2 
"humpR","gilcyp",-2,3,-2,-2,3,2,2,-2,2,2,-2,3,3,3,-2,-2,-2,-2,-2,-2,-2,-2,-2,-2,-2,-2,-2,-2,-2,-2,-2,-2,-2,-2,-2,-2 
"bonyR","gilele",-2,1,-2,-2,1,-2,-2,-2,2,2,1,2,2,-2,3,1,2,-2,-2,-2,-2,-2,-2,-2,-2,-2,-2,-2,-2,-2,-2,-2,-2,-2,-2,2 
"chihO","gilnig",-2,1,-2,-2,1,2,-2,-2,2,-2,-2,1,1,-2,2,-2,-2,-2,-2,-2,-2,-2,-2,-2,-2,-2,-2,-2,-2,-2,-2,-2,-2,-2,-2,-2 
"fishR","gilpur",-2,2,-2,-2,-2,-2,-2,-2,2,2,-2,2,2,-2,2,-2,-2,-2,-2,-2,-2,-2,-2,-2,-2,-2,-2,-2,-2,-2,-2,-2,-2,-2,-2,-2 
"whooR","gruame",-2,2,-2,-2,2,2,-2,2,-2,-2,-2,1,1,-2,2,-2,-2,1,1,1,1,-2,-2,1,-2,-2,-2,-2,-2,-2,-2,-2,-2,-2,-2,-2 
"missR","grucan",3,2,-2,-2,1,1,1,1,-2,-2,-1,1,2,1,1,1,2,1,2,1,2,-2,-2,-2,-2,-2,-2,-2,-2,-2,-2,-2,-2,-2,-2,-2 
"cacoR","gymcal",3,1,1,-2,1,3,3,-2,-2,-2,-2,1,1,-2,3,1,-2,2,1,-2,-2,-2,-2,1,-2,-2,-2,-2,-2,-2,-2,-2,-2,-2,-2,-2 
"gnomO","gymlin",-2,-2,2,-2,2,-2,-2,-2,1,-2,-2,1,2,-2,2,-2,-2,-2,-2,-2,-2,2,-2,-2,-2,-2,-2,-2,-2,-2,-2,-2,-2,-2,-2,-2 
"todsO","hedtod",-2,-2,2,2,2,-2,-2,-2,1,-2,-2,-2,-2,-2,1,-2,-2,-2,-2,-2,-2,-2,-2,-2,-2,-2,-2,-2,-2,-2,-2,-2,-2,-2,-2,-2 
"oahpO","hesarb",-2,2,-2,-2,1,1,1,2,1,-2,-2,1,-2,-2,1,-2,-2,-2,-2,-2,-2,-2,-2,-2,-2,-2,-2,-2,-2,-2,-2,-2,-2,-2,-2,-2 
"moloO","hibarn",-2,3,-2,2,1,-2,-2,1,1,-2,1,1,-2,-2,1,-2,-2,-2,-2,-2,-2,-2,-2,-2,-2,-2,-2,-2,-2,-2,-2,-2,1,-2,-2,-2 
"kaupO","hibcla",-2,2,2,-2,2,-2,1,1,1,1,-2,1,-2,1,1,-2,-2,-2,-2,-2,-2,-2,-2,-2,-2,-2,-2,-2,-2,-2,-2,-2,-2,-2,-2,-2 
"kauaO","hibwoo",-2,-2,-2,-2,1,-2,2,-2,1,1,1,1,-2,-2,-2,-2,-2,-2,-2,-2,-2,-2,-2,-2,-2,-2,-2,-2,-2,-2,-2,-2,-2,-2,-2,-2 
"hawwR","himmex",-2,-2,-2,-2,-2,2,1,2,2,-2,-2,1,1,-2,2,2,-2,2,-2,2,-2,-2,-2,-2,-2,-2,-2,-2,-2,-2,-2,3,-2,-2,-2,-2 
"flscO","hypcum",-2,-2,2,-2,-2,-2,-2,-2,-2,-2,-2,1,1,1,2,-2,-2,-2,-2,-2,-2,-2,-2,-2,-2,-2,-2,-2,-2,2,-2,-2,-2,-2,-2,-2 
"smalR","isomed",-2,-2,-2,-2,-2,-2,-2,-2,-2,-2,-2,2,1,-2,-2,-2,-2,-2,-2,-2,-2,-2,-2,-2,-2,-2,-2,-2,-2,-2,-2,-2,-2,-2,-2,-2 
"beacO","jacrec",-2,3,3,-2,1,3,-2,-2,1,1,-2,2,3,2,1,-2,-2,-2,-2,-2,-2,-2,-2,-2,-2,-2,-2,-2,-2,-2,-2,-2,3,-2,-2,3 
"oahpO","labcyr",-2,2,-2,-2,1,-2,1,-2,-2,1,-2,1,-2,-2,1,-2,-2,-2,-2,-2,-2,-2,-2,-2,-2,-2,-2,-2,-2,-2,-2,-2,-2,-2,-2,-2 
"pinkO","lamabr",-2,-2,-2,-2,-2,1,-2,-2,-2,-2,-2,-2,-2,-2,-2,-2,-2,-2,-2,-2,-2,-2,-2,2,-2,-2,-2,-2,-2,-2,-2,-2,-2,-2,-2,-2 
"snakO","lanxsp",-2,-2,-2,-2,-2,-2,-2,-2,2,-2,-2,1,-2,-2,1,-2,-2,-2,-2,-2,-2,-2,-2,1,-2,-2,-2,-2,-2,1,-2,-2,-2,-2,-2,1 
"caroO","lasdec",-2,2,-2,-2,2,-2,-2,-2,1,-2,-2,1,2,-2,1,-2,-2,-2,-2,-2,-2,-2,-2,-2,-2,-2,-2,-2,-2,-2,-2,-2,-2,-2,-2,-2 
"praiO","leslep",-2,-2,-2,-2,-2,-2,-2,-2,2,2,-2,-2,2,2,-2,-2,-2,-2,-2,-2,-2,-2,-2,-2,-2,-2,-2,-2,-2,-2,-2,-2,-2,-2,-2,-2 
"flscR","liaohl",-2,1,1,-2,1,-2,-2,-2,-2,-2,-2,1,1,1,2,-2,-2,-2,-2,-2,-2,-2,-2,-2,-2,-2,-2,-2,-2,-2,-2,-2,1,-2,-2,-2 
"kaupO","lipfau",-2,2,2,2,2,-2,1,1,1,1,-2,1,-2,1,1,-2,-2,-2,-2,-2,-2,-2,-2,-2,-2,-2,-2,-2,-2,-2,-2,-2,-2,-2,-2,-2 
"oahpO","loboah",-2,1,-2,-2,1,1,1,-2,1,1,-2,1,-2,-2,1,-2,-2,-2,-2,-2,-2,-2,-2,-2,-2,-2,-2,-2,-2,-2,-2,-2,1,-2,-2,-2 
"flscR","lupari",-2,-2,-2,-2,-2,-2,-2,-2,-2,-2,-2,-2,1,-2,-2,-2,-2,-2,-2,-2,-2,-2,-2,-2,-2,-2,-2,-2,-2,2,-2,-2,1,-2,-2,1 
"lotiO","lycarg",-2,2,-2,2,2,-2,-2,-2,-2,-2,-2,1,2,-2,-2,-2,-2,-2,-2,-2,-2,-2,-2,-2,-2,-2,-2,-2,-2,-2,-2,-2,-2,-2,-2,-2 
"roleO","lysasp",-2,3,-2,-2,3,-2,-2,-2,-2,-2,-2,1,1,1,1,-2,-2,-2,-2,-2,-2,-2,-2,-2,-2,-2,-2,-2,-2,-2,-2,-2,-2,-2,-2,-2 
"apalO","macalb",-2,3,-2,-2,3,-2,-2,-2,-2,-2,-2,1,2,1,-2,-2,-2,-2,-2,-2,-2,-2,-2,-2,-2,-2,-2,-2,-2,-2,-2,-2,3,-2,-2,2 
"mohrO","marmoh",-2,-2,-2,-2,3,-2,-2,-2,-2,2,-2,1,1,2,1,-2,-2,-2,-2,-2,-2,-2,-2,-2,-2,-2,-2,-2,-2,-2,-2,1,1,-2,-2,-2 
"kaupO","melpal",-2,2,-2,-2,1,-2,1,1,1,1,1,1,1,-2,1,-2,-2,-2,-2,-2,-2,-2,-2,-2,-2,-2,-2,-2,-2,-2,-2,-2,-2,-2,-2,-2 
"oahpO","melsai",-2,2,1,1,1,1,2,-2,1,1,-2,1,-2,-2,1,-2,-2,-2,-2,-2,-2,-2,-2,-2,-2,-2,-2,-2,-2,-2,-2,-2,-2,-2,-2,-2 
"armaO","miccal",-2,2,-2,2,-2,-2,-2,-2,1,2,-2,2,-2,-2,1,-2,-2,-2,-2,-2,-2,-2,-2,-2,-2,-2,-2,-2,-2,-2,-2,-2,-2,-2,-2,-2 
"hualO","micmex",-2,3,3,-2,3,-2,-2,-2,1,-2,-2,1,2,-2,1,-2,-2,-2,-2,-2,-2,1,-2,2,-2,-2,-2,-2,-2,-2,-2,-2,-2,-2,-2,2 
"blacR","musnig",1,1,-2,2,1,-2,-2,1,-2,-2,-2,1,3,-2,3,-2,-2,-2,-2,-2,-2,-2,-2,-2,-2,-2,-2,-2,-2,-2,-2,-2,-2,-2,-2,-2 
"kaufO","myapal",-2,1,-2,-2,1,-2,1,1,2,-2,1,1,2,-2,2,-2,-2,-2,-2,-2,-2,-2,-2,-2,-2,-2,-2,-2,-2,-2,-2,-2,-2,-2,-2,-2 
"woodO","mycame",-2,-2,-2,-2,-2,-2,-2,-2,-2,-2,-2,1,-2,-2,2,-2,-2,-2,-2,-2,-2,-2,-2,-2,-2,-2,-2,-2,-2,-2,-2,-2,-2,-2,-2,2 
"indiR","myosod",-2,-2,-2,-2,-2,-2,-2,-2,-2,-2,-2,1,1,-2,1,-2,-2,3,3,1,1,-2,-2,-2,-2,-2,-2,-2,-2,-2,-2,-2,-2,-2,-2,-2 
"oahpO","nothum",-2,-2,-2,-2,-2,-2,-2,-2,1,1,-2,1,-2,-2,-2,-2,-2,-2,-2,-2,-2,-2,-2,-2,-2,-2,-2,-2,-2,-2,-2,-2,-2,-2,-2,-2 
"capeO","notmek",-2,2,-2,-2,2,-2,-2,-2,-2,-2,-2,-1,-2,-1,-2,-2,-2,-2,-2,-2,-2,-2,-2,-2,-2,-2,-2,-2,-2,-2,-2,-2,-2,-2,-2,-2 
"neosO","notpla",-2,3,3,-2,3,-2,-2,-2,-2,2,2,1,-2,-2,-2,-2,-2,-2,-2,-2,-2,-2,-2,-2,-2,-2,-2,-2,-2,-2,-2,3,-2,-2,-2,3 
"ringO","oboret",-2,2,-2,-2,2,1,-2,-2,-2,-2,-2,1,2,-2,-2,-2,-2,-2,-2,-2,-2,-2,-2,-2,-2,-2,-2,-2,-2,-2,-2,-2,-2,-2,-2,-2 
"keydR","odvicl",-2,-2,-2,-2,-2,1,1,-2,-2,-2,-2,-2,1,2,2,-2,-2,-2,-2,-2,-2,3,-2,-2,-2,-2,-2,-2,-2,-2,-2,-2,-2,-2,-2,-2 
"coluR","odvile",1,-1,-1,-1,-2,1,-2,-2,-2,-2,-2,1,1,1,1,-2,-2,1,1,1,1,-2,-2,-2,-2,-2,-2,-2,-2,-2,-2,-2,-2,-2,-2,1 
"antiR","oendel",-2,-1,-1,-2,-2,-2,-2,-2,2,-2,-2,1,1,2,-2,-2,-2,-2,-2,-2,-2,-2,-2,-2,-2,-2,-2,-2,-2,-2,1,-2,-2,-2,-2,-2 
"arizR","oncapa",-2,2,2,2,3,3,-2,-2,1,-2,-2,3,-2,-2,3,3,-2,-2,-2,-2,-2,-2,-2,-2,-2,-2,-2,-2,-2,-2,-2,-2,-2,-2,-2,-2 
"grcuR","onccla",-2,3,-2,3,3,3,-2,3,3,3,-2,3,-2,-2,-2,3,-2,-2,-2,-2,-2,-2,-2,-2,-2,-2,-2,-2,-2,-2,-2,-2,-2,-2,-2,-2 
"gilaR","oncgil",-2,2,-1,2,2,2,-2,-2,1,1,-2,2,-2,2,1,-2,-2,-2,-2,-2,-2,-2,-2,2,-2,-2,-2,-2,-2,-2,-2,-2,-2,-2,-2,-2 
"nashR","orcsho",-2,2,-2,2,-2,-2,-2,-2,-2,-2,-2,1,-2,-2,1,-2,-2,-2,-2,-2,-2,-2,-2,-2,-2,-2,-2,-2,-2,-2,-2,-2,-2,-2,-2,-2 
"flscR","parcha",-2,-2,-2,-2,-2,-2,-2,-2,-2,-2,-2,1,1,1,1,-2,-2,-2,-2,-2,-2,-2,-2,-2,-2,-2,-2,-2,-2,2,-2,-2,-2,-2,-2,-2 
"mamoO","parfla",-2,-2,-2,-2,-2,-2,-2,1,3,-2,-2,-2,2,-2,-2,-2,-2,-2,-2,-2,-2,-2,-2,-2,-2,-2,-2,-2,-2,-2,-2,-2,-2,-2,-2,-2 
"bradO","pedbra",-2,-2,-2,-2,-2,1,1,-2,-2,-2,-2,-2,1,-2,1,-2,-2,-2,-2,-2,-2,-2,-2,-2,-2,-2,-2,-2,-2,-2,-2,-2,-2,-2,-2,1 
"furbR","pedfur",-2,3,-2,-2,-2,-2,-2,-2,-2,2,-2,2,1,2,2,-2,-2,-2,-2,-2,-2,-2,-2,-2,-2,-2,-2,-2,-2,-2,-2,-2,-2,-2,-2,-2 
"prcrO","pellem",-2,2,2,-2,2,-2,-2,-2,-2,-2,-2,3,-2,-2,1,3,-2,-2,-2,-2,-2,-2,-2,-2,-2,-2,-2,-2,-2,2,-2,-2,-2,-2,-2,-2 
"anasO","perpol",-2,3,3,3,1,-2,1,-2,1,1,-2,1,1,-2,1,3,3,-2,-2,-2,-2,-2,-2,-2,-2,-2,-2,-2,-2,-2,-2,-2,-2,-2,-2,-2 
"snaiR","pertan",-2,-2,-2,-2,-2,-2,-2,-2,-2,-2,-2,2,-2,-2,-2,-2,-2,-2,-2,-2,-2,-2,-2,-2,-2,-2,-2,-2,-2,-2,-2,-2,-2,-2,-2,-2 
"lanaO","phygla",-2,2,-2,-2,1,-2,-2,2,1,-2,1,2,1,-2,1,-2,-2,-2,-2,-2,-2,-2,-2,-2,-2,-2,-2,-2,-2,-2,-2,-2,-2,-2,-2,1 
"biadO","phyrac",-2,1,-2,-2,1,-2,-2,-2,-2,1,-2,1,-2,-2,-2,-2,-2,-2,-2,-2,-2,-2,-2,-2,-2,-2,-2,-2,-2,-2,-2,-2,-2,-2,-2,-2 
"redcR","picbor",-2,-2,-2,-2,-2,-2,-2,-2,-2,-2,-2,1,3,-2,-2,1,-2,1,-2,-2,-2,-2,-2,-2,-2,-2,-2,-2,-2,-2,-2,-2,-2,-2,-2,3 
"ropiO","pleple",-2,3,-2,3,3,1,-2,-2,-2,-2,-2,1,2,-2,1,-2,-2,-2,-2,-2,-2,-2,2,-2,-2,-2,-2,-2,-2,-2,-2,-2,2,-2,-2,2 
"shenO","pleshe",-2,-2,-2,-2,-2,-2,-2,-2,-2,-2,-2,2,-2,-2,2,-2,-2,-2,-2,-2,-2,-2,-2,-2,-2,-2,-2,-2,-2,-2,-2,-2,-2,-2,-2,-2 
"fishR","poeocc",-2,3,-2,-2,-2,-2,1,-2,1,1,1,1,1,-2,2,-2,-2,-2,-2,-2,-2,-2,-2,2,-2,-2,-2,-2,-2,-2,-2,-2,-2,-2,-2,-2 
"cavpO","pognud",-2,2,-2,2,2,-2,-2,-2,2,-2,-2,1,1,-2,1,-2,-2,-2,-2,-2,-2,-2,-2,-2,-2,-2,-2,-2,-2,-2,-2,-2,1,-2,-2,1 
"flscR","polbas",-2,-2,-2,-2,-2,-2,-2,-2,2,-2,-2,1,1,1,2,-2,-2,-2,-2,-2,-2,-2,-2,-2,-2,-2,-2,-2,-2,2,-2,-2,2,-2,-2,-2 
"fatpR","potcap",-2,-2,-2,-2,-2,-2,-2,-2,-2,-2,-2,1,-2,-2,-2,-2,-2,-2,-2,-2,-2,-2,-2,-2,-2,-2,-2,-2,-2,-2,-2,-2,-2,-2,-2,-2 
"littO","potcly",-2,-2,-2,-2,-2,-2,1,-2,-2,1,-2,1,-2,-2,-2,-2,-2,-2,-2,-2,-2,-2,-2,-2,-2,-2,-2,-2,-2,-2,-2,-2,-2,-2,-2,-2 
"flscR","prugen",-2,1,1,-2,1,3,-2,-2,2,2,-2,2,1,1,2,-2,-2,-2,-2,-2,-2,-2,-2,-2,-2,-2,-2,-2,-2,2,-2,-2,2,-2,-2,-2 
"guamO","ptemar",3,3,-2,3,3,1,1,-2,1,-2,-2,2,2,-2,-2,-2,-2,-2,-2,-2,-2,-2,-2,-2,-2,-2,-2,-2,-2,-2,-2,-2,-2,-2,-2,-2 
"harpO","ptinod",-2,3,-2,-2,3,1,-2,-2,-2,-2,-2,3,1,-2,-2,-2,-2,-2,-2,-2,-2,-2,-2,-2,-2,-2,-2,-2,-2,-2,-2,-2,-2,-2,-2,-2 
"coloR","ptyluc",-2,2,-2,1,2,1,-2,-2,1,-2,-2,1,1,1,-2,1,-2,-2,-2,-2,-2,-2,-2,2,-2,-2,-2,-2,-2,-2,-2,-2,-2,-2,-2,-2 
"flopR","pumcon",3,1,-2,3,1,-2,-2,-2,-2,-2,-2,1,1,-2,2,-2,-2,-2,-2,-2,-2,-2,-2,-2,-2,-2,-2,-2,-2,-2,1,-2,-2,-2,-2,2 
"alamO","pyrneo",-2,-2,2,2,-2,-2,-2,-2,-2,-2,-2,2,2,-2,-2,-2,-2,-2,-2,-2,-2,-2,-2,-2,-2,-2,-2,-2,-2,-2,-2,-2,-2,-2,-2,-2 
"tombO","quasta",-2,-2,-2,-2,-2,-2,-2,-2,-2,-2,-2,1,-2,-2,1,-2,-2,-2,-2,-2,-2,-2,-2,-2,-2,-2,-2,-2,-2,-2,-2,-2,-2,-2,-2,-2 
"saltO","raloob",-2,2,-2,2,-2,-2,-2,-2,1,-2,-2,1,1,1,1,-2,-2,-2,-2,-2,-2,-2,1,-2,-2,-2,-2,-2,-2,-2,-2,-2,-2,-2,-2,-2 
"yumaO","raloyu",-2,-2,-2,-2,-2,-2,-2,-2,-2,-2,-2,-2,-2,2,2,2,3,-2,-2,-2,-2,-2,-2,3,-2,-2,-2,-2,-2,-2,-2,-2,-2,-2,-2,-2 
"selkR","rantar",3,1,-2,1,-2,1,-2,1,1,-2,1,1,2,1,-2,-2,-2,-2,-2,-2,-2,-2,1,-2,-2,-2,-2,-2,-2,-2,-2,-2,-2,-2,-2,-2 
"kendO","rhiosc",-2,-2,-2,-2,-2,1,-2,-2,-2,-2,-2,1,-2,-2,1,-2,-2,-2,-2,-2,-2,-2,-2,-2,-2,-2,-2,-2,-2,-2,-2,-2,-2,-2,-2,-1 
"chapO","rhocha",-2,3,-2,3,3,-2,-2,-2,-2,1,2,-2,-2,2,2,-2,-2,-2,-2,-2,-2,-2,-2,-2,-2,-2,-2,-2,-2,-2,-2,-2,-2,-2,-2,1 
"everR","rossoc",-2,3,-2,-2,3,-2,-2,-2,2,-2,-2,-2,-2,-2,1,2,2,2,2,-2,-2,1,1,-2,-2,-2,-2,-2,-2,-2,-2,-2,-2,-2,-2,-2 
"grpiR","sarore",-2,3,-2,-2,3,-2,-2,-2,-2,-2,-2,1,1,1,1,-2,-2,-2,-2,-2,-2,-2,-2,-2,-2,-2,-2,-2,-2,-2,-2,-2,-2,-2,-2,1 
"pallO","scaalb",1,1,-2,1,1,1,-2,-2,1,-2,-2,1,1,1,-2,1,-2,1,-2,-2,-2,1,-2,-2,-2,-2,-2,-2,-2,-2,-2,-2,-2,-2,-2,-2 
"maplO","schhal",-2,2,-2,-2,1,-2,1,1,1,-2,1,-2,-2,-2,2,-2,-2,-2,-2,-2,-2,-2,-2,1,-2,-2,-2,-2,-2,-2,-2,-2,-2,-2,-2,-2 
"oahpO","schkaa",-2,-2,-2,-2,1,-2,1,-2,1,1,1,-2,-2,-2,-2,-2,-2,-2,-2,-2,-2,-2,-2,-2,-2,-2,-2,-2,-2,-2,-2,-2,1,-2,-2,-2 
"oahpO","schkea",-2,2,-2,1,1,-2,1,-2,1,1,1,1,1,1,-2,-2,-2,-2,-2,-2,-2,-2,-2,-2,-2,-2,-2,-2,-2,-2,-2,-2,-2,-2,-2,-2 
"kaupO","schspe",-2,-2,-2,-2,-2,-2,-2,1,1,1,-2,1,1,-2,1,-2,-2,-2,-2,-2,-2,-2,-2,-2,-2,-2,-2,-2,-2,-2,-2,-2,-2,-2,-2,-2 
"delmR","scinig",-2,-2,-2,2,-2,-2,-2,-2,-2,-2,-2,2,2,-2,-2,-2,-2,-2,-2,-2,-2,-2,-2,-2,-2,-2,-2,-2,-2,-2,-2,2,2,-2,-2,2 
"enruO","soldry",-2,1,1,-2,1,-2,-2,-2,-2,-2,-2,-2,1,-2,-2,-2,1,-2,-2,-2,-2,-2,-2,-2,-2,-2,-2,-2,-2,-2,-2,-2,-2,-2,-2,-2 
"hougO","solhou",-2,-2,-2,-2,-2,-2,-2,-2,-2,-2,-2,1,1,-2,1,-2,-2,-2,-2,-2,-2,-2,-2,-2,-2,-2,-2,-2,-2,-2,-2,-2,-2,-2,-2,-2 
"alabR","spepou",-2,-2,-2,-2,-2,-2,-2,-2,-2,-2,-2,1,-2,-2,2,-2,-2,-2,-2,-2,-2,-2,-2,-2,-2,-2,-2,-2,-2,-2,-2,-2,-2,-2,-2,-2 
"caleO","steant",2,-2,-2,-2,-2,-2,1,-2,-2,-2,1,2,-2,-2,1,2,2,2,2,-2,3,2,-2,2,-2,-2,-2,-2,-2,-2,-2,-2,-2,-2,-2,-2 
"kaupO","stecam",-2,2,-2,-2,-2,-2,-2,1,1,1,-2,1,1,-2,1,-2,-2,-2,-2,-2,-2,-2,-2,-2,-2,-2,-2,-2,-2,-2,-2,-2,-2,-2,-2,-2 
"mexiO","strocc",-2,-2,-2,-2,-2,-2,-2,-2,-2,-2,-2,1,-2,1,1,1,-2,1,-2,1,-2,1,-2,-2,-2,-2,-2,-2,-2,-2,-2,-2,-2,-2,-2,-2 
"loweO","sylpal",-2,3,-2,-2,3,1,2,-2,1,-2,2,1,1,-2,1,1,-2,1,-2,1,-2,1,1,-2,-2,-2,-2,-2,-2,-2,-2,-2,-2,-2,-2,-2 
"lanaO","tetrem",-2,2,-2,2,1,-2,-2,2,1,-2,1,1,1,-2,1,-2,-2,-2,-2,-2,-2,-2,-2,-2,-2,-2,-2,-2,-2,-2,-2,-2,-2,-2,-2,1 
"karsO","texred",-2,-2,-2,-2,-2,1,1,-2,1,1,-2,-2,1,-2,1,-2,-2,-2,-2,-2,-2,-2,-2,-2,-2,-2,-2,-2,-2,-2,-2,-2,-2,-2,-2,-2 
"coolO","thacoo",-2,1,1,1,1,1,1,1,1,1,1,1,1,1,1,1,1,1,1,1,1,1,-2,-2,-2,-2,-2,-2,-2,-2,-2,-2,-2,-2,-2,-2 
"pedaO","theste",-2,2,2,2,-2,-2,2,-2,2,-2,-2,1,1,-2,2,-2,-2,-2,-2,-2,-2,-2,-2,-2,-2,-2,-2,-2,-2,-2,-2,-2,-2,2,-2,1 
"soccO","thethe",-2,3,3,-2,1,-2,-2,-2,1,-2,-2,1,1,-2,1,-2,-2,-2,-2,-2,-2,-2,-2,-2,-2,-2,-2,-2,-2,-2,-2,-2,-2,-2,-2,-2 
"prfeO","theyau",-2,2,2,-2,2,-2,-2,-2,-2,-2,2,-2,1,-2,2,-2,-2,-2,-2,-2,-2,-2,-2,2,-2,-2,-2,-2,-2,-2,-2,-2,-2,-2,-2,-2 
"westR","triman",-2,-2,-2,-2,-2,-2,-2,-2,-2,-2,1,1,1,-2,-2,-2,-2,-2,-2,-2,-2,-2,-2,-2,-2,-2,-2,-2,-2,1,-2,-2,1,-2,-2,1 
"bariO","tritri",-2,-2,-2,-2,1,1,-2,-2,-2,-2,-2,-2,1,-2,-2,-2,-2,-2,-2,-2,-2,-2,-2,-2,-2,-2,-2,-2,-2,-2,-2,-2,1,-2,-2,-2 
"attwR","tymcup",3,1,-2,-2,1,2,2,2,1,2,-2,1,1,1,-2,1,-2,3,-2,-2,-2,-2,-2,-2,-2,-2,-2,-2,-2,-2,1,-2,-2,-2,-2,1 
"grizR","ursarc",-2,-2,-2,1,-2,1,-2,-2,-2,-2,1,1,-2,-2,1,-2,-2,-2,-2,-2,-2,2,-2,-2,-2,-2,-2,-2,-2,-2,-2,-2,-2,-2,-2,-2 
"flscR","warcar",-2,-2,-2,-2,-2,-2,-2,-2,2,-2,-2,1,1,1,2,-2,-2,-2,-2,-2,-2,-2,-2,-2,-2,-2,-2,-2,-2,-2,-2,-2,2,-2,-2,-2 
"cachO","xanriv",-2,-2,-2,-2,-2,-2,1,-2,-2,-2,-2,2,-2,-2,-2,-2,-2,-2,-2,-2,-2,-2,-2,-2,-2,-2,-2,-2,-2,-2,-2,-2,-2,-2,-2,2 
"flscR","zizcel",-2,-2,1,-2,1,3,-2,-2,-2,-2,-2,2,1,1,-2,-2,-2,-2,-2,-2,-2,-2,-2,-2,-2,-2,-2,-2,-2,2,-2,-2,3,-2,-2,-2 
"edwaR","ziztex",-2,1,-2,-2,1,-2,-2,-2,2,2,-2,1,-2,-2,1,-2,-2,-2,-2,-2,-2,-2,-2,-2,1,1,1,1,1,1,-2,-2,-2,-2,-2,2 
