"PLAN","SPECIES","130J","131J","132J","133J","134J","135J","136J","137J","138J","139J","140J","141J","142J","143J","144J","145J","146J","147J","148J","149J","150J","151J","152J","153J","154J","155J","156J","157J","158J","159J","160J","161J","162J","163J","164J","165J","166J","167J"
"largO","abrmac",1,1,-2,-2,-2,-2,-2,-2,1,-2,-2,-2,1,-2,1,1,-2,1,1,1,1,-2,1,1,1,-2,0,0,-2,-2,-2,-2,-2,-2,1,1,2,1 
"lanaO","abuere",-1,-2,-2,-2,-2,-2,-2,-2,1,-2,-2,-2,-2,1,-2,1,-2,-2,1,1,1,1,1,1,-2,1,-2,-2,-2,-2,1,1,-2,-2,1,-2,-2,-2 
"oahpO","abusan",-2,-2,-2,-2,-2,-2,-2,-2,-1,-2,-2,-1,-2,-2,-2,-1,-2,-2,-1,-1,-1,-2,-1,-1,-2,-2,-2,-2,-2,-2,-2,-2,-2,-2,-1,-2,-2,-2 
"prraO","accstr",1,1,1,1,-2,-2,-2,-2,-2,-2,-2,1,1,1,-2,1,-2,-2,-2,-2,1,1,1,1,-2,-2,-2,-2,-2,-2,1,-2,-2,-2,1,-2,-2,-2 
"oahtO","achlil",2,2,-3,-3,-3,-3,-3,-3,2,-3,-3,-2,-3,-3,-3,2,-3,-3,2,-3,2,2,-3,-3,-3,-3,-3,-3,-3,-3,-3,-3,-3,-3,1,1,-3,-3 
"nighO","acrlus",1,1,-2,-2,-2,1,1,0,-2,-2,-2,1,0,1,-2,1,-2,-2,1,1,1,-2,-2,-2,-2,0,-2,0,-2,-2,-2,1,-2,-2,1,0,-2,-2 
"sensO","aesvir",1,1,-2,-2,-2,0,0,-2,0,-2,-2,0,0,-2,-2,1,-2,1,-2,-2,1,-2,-2,-2,1,-2,-2,-2,-2,-2,-2,-2,-2,-2,0,0,-2,1 
"dwweO","alahet",1,1,1,-2,-2,2,1,-2,1,-2,-2,1,1,1,-2,1,-2,-2,1,1,-2,-2,1,-2,-2,-2,-2,-2,-2,-2,-2,-2,-2,-2,1,-2,-2,-2 
"maplO","alemac",1,-2,-2,-2,-2,1,-2,-2,-2,-2,-2,0,0,2,-2,0,0,0,0,-2,0,0,0,0,-2,1,-2,-2,-2,0,0,-2,-2,-2,2,1,-2,-1 
"kauaO","alslyc",1,1,-2,-2,-2,1,1,-2,1,1,-2,1,1,-3,-2,-1,0,0,0,-2,-1,0,-2,-2,-2,1,-2,-2,-2,-2,-2,-2,-2,-2,1,1,-2,-2 
"oahpO","alsobo",-2,-2,-2,-2,-2,-2,-2,-2,-1,-2,-2,-1,-2,-2,-2,-1,-2,-2,-1,-1,-1,-2,-1,-1,-2,-2,-2,-2,-2,-2,-2,-2,-2,-2,-1,-2,-2,-2 
"kauaO","alsvis",-2,1,-2,-2,-2,-2,-2,-2,1,-2,-2,0,0,0,0,0,-3,-2,-2,-2,-2,-2,-2,0,-2,-2,-2,-2,-2,-2,-2,-2,-2,-2,-2,-2,-2,-2 
"prpaO","amavit",1,1,1,-2,-2,-2,-2,-2,1,-2,-2,-2,-2,1,-2,1,-2,-2,-2,-2,1,-2,-2,-2,-2,-2,1,-2,1,-2,-2,-2,-2,-2,1,-2,-2,-2 
"ashmO","ambama",1,1,1,-2,-2,-2,-2,-2,-2,-2,1,1,-2,1,-2,-2,-2,-2,-2,-2,-2,1,1,1,-2,1,-2,-2,1,-2,-2,1,1,-2,0,0,-2,-2 
"ozarR","ambros",-2,1,-2,-2,-2,1,1,-2,1,1,-2,-2,1,1,-2,-2,-2,-2,-2,-2,-2,-2,-2,-2,-2,-2,-2,-2,-2,-2,-2,-2,-2,-2,-1,-1,-2,-2 
"sonoR","antame",2,1,1,1,2,-3,-3,-3,1,1,-3,2,-3,1,-3,1,1,-3,-3,-3,1,-3,-3,-3,-3,0,-3,-3,-3,-3,1,-3,-3,2,1,1,-3,-3 
"antiR","apomor",1,1,-2,-2,-2,-2,-2,-2,-2,-2,-2,1,-2,1,-2,1,-2,-2,1,1,1,1,1,1,1,-2,-2,-2,-2,-2,-2,-2,-2,-2,-2,-2,-2,-2 
"raveO","archoo",1,1,-2,-2,-2,-2,-2,-2,0,-2,-2,0,-2,-2,-2,-2,-2,-2,-2,2,1,-2,-2,-2,-2,-1,-2,-1,-2,2,2,-2,-2,-2,-2,-2,0,-2 
"dwbeO","archum",2,1,-2,-2,-2,-2,-2,-2,2,-2,-2,2,2,2,1,2,-2,-2,2,-2,2,2,-2,-2,-2,-2,-2,-2,-2,-2,2,-2,-2,-2,2,-2,-2,-2 
"fourO","arcmor",-2,-2,-2,-2,-2,-2,-2,-2,-2,-2,-2,-2,-2,1,-2,-2,-2,-2,-2,-2,-2,-2,-2,-2,1,-2,-2,-2,-2,-2,-2,-2,-2,-2,-2,-2,1,-2 
"maunO","argsan",1,1,-2,-2,-2,-2,-2,1,1,-2,-2,1,1,1,1,1,0,-2,-2,-2,2,-2,2,2,-2,1,1,1,1,-2,-2,-2,-2,-2,2,1,-2,-2 
"anthO","athant",1,1,1,1,-2,-2,-2,-2,1,-2,-2,1,1,-2,-2,1,-2,-2,1,-2,-2,-2,-2,-2,-2,-2,1,1,-2,1,-2,1,1,-2,1,-2,-2,-2 
"virgR","betube",-2,-2,-2,-2,-2,-2,-2,-2,-2,-2,-2,-2,-2,-2,-2,-2,-2,-2,-2,-2,-2,-2,-2,-2,-2,2,-2,-2,-2,-2,-2,-2,-2,-2,1,-2,-2,-2 
"flscR","bongra",1,1,-2,-2,-2,1,-2,-2,1,-2,-2,0,-2,-2,-2,1,-2,-2,-2,-2,-1,-2,-2,-2,-2,1,-2,-2,-2,-2,-2,-2,-2,-2,-2,-2,-2,-2 
"aleuR","bracan",-2,2,2,2,2,-2,-2,-2,2,-2,-2,2,-2,2,-2,-2,2,-2,-2,-2,-2,-2,-2,-2,-2,-2,-2,-2,-2,-2,-2,1,-2,2,2,-2,-2,-2 
"cavpO","brasan",1,1,-2,-2,-2,1,1,1,-1,-2,-2,-1,-1,1,-2,-2,-2,-2,-2,-2,-2,-2,-2,-2,-2,-2,1,1,-2,-2,1,-2,-2,-2,1,-2,1,-2 
"kaupO","briins",1,-2,-2,-2,-2,-2,-2,-2,1,-2,-2,1,-2,1,-2,-2,1,-2,1,1,1,1,1,1,-2,-2,-2,-2,-2,-2,-2,-2,-2,-2,-2,-2,-2,-2 
"palmO","calriv",1,1,-2,1,-2,-2,-2,-2,1,-2,-2,1,1,1,-2,1,-2,-2,-2,1,1,-2,-2,1,1,-2,-2,-2,-2,-2,1,-2,-2,-2,1,-2,-2,-2 
"grayO","canlup",2,2,2,2,2,-3,-3,-3,2,-3,-3,2,-3,2,-3,-3,-3,-3,-3,-3,-3,-3,-3,-3,-3,-3,-3,-3,-3,-3,1,-3,2,-3,2,2,-3,-3 
"eastR","canlup",2,2,2,2,-2,2,1,-2,2,1,-2,2,2,2,-2,-2,-2,-2,2,2,2,2,-2,-2,-2,2,-2,-2,-2,-1,2,2,2,-2,2,2,-2,-2 
"redwR","canruf",-2,-2,-2,-2,-2,-2,-2,-2,-2,-2,-2,-2,-2,-2,-2,-2,-2,-2,-2,-2,-2,-2,-2,-2,-2,2,-2,-2,-2,-2,-2,-2,-2,-2,1,-2,-2,-2 
"ashmO","cennam",1,1,-2,-2,-2,-2,-2,0,0,-2,-2,-2,-2,-2,-2,1,-2,-2,-2,1,1,-2,-2,-2,1,1,1,-2,1,-2,-2,-2,-2,-2,1,1,-2,-2 
"cuiuR","chacuj",-3,-3,-3,-3,-3,-3,-3,-3,-3,-3,-3,-3,-3,-3,-3,-3,-3,-3,-3,-3,-3,-3,-3,-3,-3,-3,-3,-3,-3,-3,-3,-3,-3,-3,-3,-3,-3,-3 
"pineO","chagar",-3,2,-2,-2,-2,-3,-3,-3,-3,-3,-2,1,2,-3,-3,-3,-3,-2,-3,-3,-3,-3,-3,-3,-2,-3,-3,-3,-3,-3,-3,-2,-2,-2,-3,-3,2,-2 
"oahpO","charoc",1,-3,-2,-2,-2,-3,-3,-3,1,-3,-3,1,-3,-3,-3,1,0,-3,0,1,-2,-2,0,1,-2,0,0,0,1,-2,0,-2,-2,-2,1,-3,-3,-3 
"flogO","chrflo",-2,-1,-2,-2,-2,-2,-2,-2,-1,-2,-2,-1,-1,-2,-2,-2,-2,-2,-2,-2,-2,-2,-2,-2,-2,-2,-2,-2,-2,-2,-2,-2,-2,-2,-2,-3,-2,-2 
"nortO","cicdor",-2,-2,-2,-2,-2,1,1,-2,-3,-2,-2,-2,-2,-2,-2,-2,0,-2,-2,-2,-2,-2,-2,-2,-2,-2,-2,-2,-2,-2,1,-2,-2,-2,-2,-2,-2,-2 
"maskR","colvir",2,1,1,2,-3,2,2,-3,1,-3,1,1,-3,1,-3,0,2,1,2,2,2,2,2,2,2,1,2,2,1,1,-3,-3,0,-3,2,0,-3,-3 
"hawcO","corhaw",1,1,-2,-2,-2,-2,-2,-2,1,-2,-2,1,-2,1,1,-1,-2,-2,1,-2,-2,-2,-2,-2,-2,-2,-2,-2,-2,-2,1,-2,1,-2,1,1,-2,-2 
"amcrR","croacu",2,2,2,2,-3,2,2,2,2,-3,-3,2,-3,2,-3,2,-3,-3,2,-3,2,2,2,2,-3,2,-3,-3,-3,-3,-3,-3,-3,-3,2,2,-3,-3 
"newmO","crowil",1,1,-2,-2,-2,-2,-2,-2,1,-2,-2,1,1,1,-2,-2,-2,-2,1,-2,1,-2,-2,-2,-2,0,-2,-2,-2,-2,1,1,1,1,1,-2,-2,-2 
"sccyO","cupabr",-2,-2,-2,-2,-2,-2,-2,-2,-2,-2,-2,-2,-2,-2,-2,-1,-2,-2,-2,-2,-1,-1,-1,-1,-2,-1,-1,-1,-1,-2,-2,-2,-2,-2,-2,-2,-2,-2 
"moloO","cyaman",1,0,-2,-2,-2,1,-2,-2,1,-2,0,0,1,0,0,0,-2,0,0,0,0,-2,0,-2,0,0,-2,-2,-2,-2,-2,-2,-2,-2,0,-2,-2,1 
"biplO","cyashi",-3,0,-2,-2,-2,-2,-2,-2,1,-2,-2,1,1,0,-2,0,-2,-2,0,0,0,0,0,0,-2,-2,-2,-2,-2,-2,-2,0,-2,-2,1,1,-2,-2 
"fishR","cypfor",0,0,-2,-2,-2,-2,-2,0,-2,-2,-2,1,-2,1,-2,-2,-2,-2,0,0,0,0,0,0,0,0,0,0,0,0,-2,-2,-2,-2,0,0,-2,-2 
"kauaO","cyrcya",-2,-2,-2,-2,-2,0,0,-2,2,-2,-2,2,2,0,-2,0,0,-2,0,0,0,0,0,0,-2,0,0,-2,0,-2,-2,-2,-2,-2,0,-2,-2,-2 
"biplO","cyrgif",0,-3,-3,-3,-3,-3,-3,-3,1,-3,-3,1,1,0,-3,0,-3,-3,0,0,0,0,0,0,-3,-3,-3,-3,-3,-3,-3,0,-3,-3,0,0,-2,-3 
"oahpO","cyrvir",0,-2,-2,-2,-2,1,-2,-2,1,-2,-2,1,-2,1,-2,-2,-2,-2,0,1,-2,-2,-2,-2,-2,0,-2,-2,-2,-2,0,1,-2,-2,1,1,-2,-2 
"kirtR","denkir",-1,-2,-2,-1,-1,-2,-1,-2,-1,-1,-2,-1,-2,-1,-2,-1,-2,-2,-2,-2,-2,-2,-2,-2,-2,-2,-2,-2,-2,-2,-2,-2,-2,-2,-1,-2,-2,-2 
"flomO","dicchr",-2,-2,-2,-2,-2,-2,-2,-2,-2,-2,1,-2,-2,-2,-2,-2,-2,-2,-2,-2,-2,-2,-2,-2,-2,-2,-2,-2,-2,-2,-2,-2,-2,-2,-2,-2,-2,-2 
"tennR","echten",-2,2,-2,-2,-2,2,2,-2,2,-2,-2,2,2,2,-2,2,-2,-2,-2,-2,-2,-2,-2,-2,-2,-2,-2,-2,-2,-2,-2,-2,-2,-2,2,1,1,2 
"tarrR","ellste",1,1,1,1,-2,1,-2,-2,-2,-2,1,1,-2,1,-2,1,1,-2,1,1,1,-2,1,1,1,1,1,-2,-2,-2,-2,-2,-2,-2,1,-2,-2,-2 
"cavpO","eryari",-3,-3,-3,-3,-3,-3,-3,-3,-3,-3,-3,-3,-3,-3,-3,-3,-3,-3,-3,-3,-3,-3,-3,-3,-3,-3,-3,-3,-3,-3,-3,-3,-3,-3,-3,-3,-3,-3 
"antiR","erycap",-1,-1,-2,-2,-2,1,1,-2,0,0,-2,1,-2,1,-2,1,-2,-2,1,1,1,1,1,1,-2,-2,-2,-2,-2,-2,-2,-2,-2,-2,-2,-2,1,1 
"flscR","erycun",1,1,-2,-2,-2,-2,-2,-2,-2,-2,-2,-2,-2,-2,-2,-2,-3,-2,-2,-2,-2,-2,-2,-2,-2,-2,-2,-2,-2,-2,-2,-2,-2,-2,1,1,-2,-2 
"seveO","erymen",1,-2,-2,-2,-2,-2,-2,-2,-2,-2,-2,1,-2,1,-2,-2,-2,-2,-1,-1,-1,-1,-1,-1,-2,-2,-2,-2,-2,-2,-1,-2,-2,-2,-1,-1,-2,-2 
"threO","eryter",-1,0,-2,-2,-2,-1,-1,-1,0,-2,-2,0,0,0,-1,0,0,-1,-1,-1,0,0,0,0,-1,-1,-1,-1,-1,-1,-2,-2,-2,-2,0,0,-1,-1 
"slacO","ethbos",2,2,-2,2,2,-1,-1,-2,2,-2,-2,1,-2,1,-2,2,-2,-2,2,-2,2,2,2,2,-2,-2,-2,-2,-2,-2,-2,2,-2,-2,0,-2,-2,-2 
"edwaR","ethfon",-3,-2,-2,-2,-2,-3,-3,-2,-3,-2,-2,-3,-2,-3,-3,-3,-3,-2,-3,-3,-3,-2,-3,-3,-2,-3,-3,-3,-2,-2,-2,-3,-3,-2,-3,-3,-3,-2 
"wateR","ethnuc",2,1,-2,-2,-2,1,1,-2,-2,-2,1,1,-2,1,-2,-2,0,-2,-2,-2,-2,-2,-2,-2,-2,0,0,-2,-2,-2,-2,-2,-2,-2,-2,-2,-2,-2 
"okalO","ethoka",1,1,-2,-2,-2,1,1,-2,1,-2,-2,1,1,-1,1,-2,-2,-2,1,1,1,1,1,1,-2,-2,-2,-2,-2,-2,1,1,1,-2,1,-2,1,-2 
"bayoR","ethrub",-3,-3,-2,-2,-2,-3,-3,-2,-2,-2,-2,-2,-3,-3,-2,-2,-2,-2,-2,-2,-2,-2,-2,-2,-2,-2,-2,-2,-2,-2,-2,-2,-2,-2,-2,-2,-2,-2 
"maryR","ethsel",1,-2,-2,-2,-2,-2,-2,-2,2,-2,2,-2,2,-2,-2,-2,-2,-2,-2,-2,-2,-2,-2,-2,2,-2,-2,-2,-2,-2,-2,-2,-2,-2,-2,-2,-2,-2 
"elseO","eupbat",0,1,-2,-2,0,-2,-2,-2,1,-2,-2,-2,-2,-2,-2,-2,-2,-2,-2,-2,-2,-2,-2,-2,-2,-2,-2,-2,-2,-2,0,-2,-2,-2,0,-2,-2,-2 
"edwaR","eurnan",-3,-3,-3,-3,-3,-3,-3,-3,-3,-3,-3,-3,-3,-3,-3,-3,-3,-3,-3,-3,-3,-3,-3,-3,-3,-3,-3,-3,-3,-3,-3,-3,-3,-3,-3,-3,-3,-3 
"pereO","falper",-2,-2,2,2,0,2,2,1,1,-2,-2,2,-2,2,-2,-2,-2,-2,-2,-2,-2,-2,2,-2,-2,-2,-2,-2,-2,-2,-2,2,2,0,0,-2,-2,-2 
"ampeO","falper",-2,2,2,2,2,2,2,2,2,-2,-2,2,-2,2,2,2,-2,-2,-2,-2,2,-2,2,-2,-2,-2,-2,-2,-2,-2,2,2,2,-2,2,2,-2,-2 
"hawwR","fulame",1,1,1,1,1,1,1,-1,1,-1,-2,1,1,1,1,1,-1,-2,0,-2,1,-2,1,1,-2,-2,-2,-2,-2,-2,0,1,0,-2,1,-2,-2,-2 
"lanaO","gahlan",-1,-1,-2,-2,-2,-2,-1,-1,-2,-2,-2,-2,-2,-1,-2,-1,-1,-2,-1,-1,-1,-1,-1,-1,-2,-2,-2,-2,-2,-2,-2,-2,-2,-2,-1,-2,-2,-2 
"hawwR","galchl",-2,-2,-2,-2,-2,-2,-2,-2,-2,-2,-2,-2,-2,-2,-2,-2,-2,-2,-2,-2,-2,-2,-2,-2,-2,-2,-2,-2,-2,-2,-2,-2,-2,-2,-2,-2,-2,-2 
"edwaR","gamgeo",-1,-1,-2,-2,-2,-1,-1,-2,-1,-2,-2,-1,-2,-1,-2,-1,-2,-2,-2,-1,-1,-1,-1,-1,-2,-2,-2,-2,-2,-2,-2,-2,-1,-2,-1,-2,-2,-2 
"hawgO","garbri",-2,-2,-2,-2,-2,-2,-2,-2,-2,-2,-2,-2,-2,0,-2,-2,-2,-2,-2,1,-2,-2,-2,-2,-2,0,2,2,-2,-2,-2,-2,-2,-2,1,0,-2,-2 
"unarR","gasacu",1,1,-3,1,-3,-3,-3,-3,1,-3,0,-3,1,-3,-3,-3,-3,-3,-3,1,1,-3,-3,-3,-3,1,-3,-3,-3,-3,-3,-3,1,-3,1,-3,-3,-3 
"maplO","gerarb",1,1,-2,-2,-2,1,1,-2,1,1,-2,1,1,1,-2,0,0,-2,0,-2,0,0,-2,-2,-2,0,0,0,0,-2,0,-2,-2,-2,1,1,-2,0 
"humpR","gilcyp",2,2,-2,-2,-2,-2,-2,-2,-2,-2,-2,2,2,1,-2,-2,-2,-2,1,1,1,2,1,1,-2,2,-2,-2,-2,-2,2,1,2,-2,1,-2,-2,-2 
"bonyR","gilele",1,2,-2,1,-2,-2,-2,-2,-2,-2,-2,-2,-2,-2,-2,-3,1,2,1,-2,-2,-2,-2,-2,2,2,-2,-2,2,-2,1,1,1,-2,1,-2,-2,1 
"chihO","gilnig",-3,-3,-2,-2,-2,-3,-2,-2,-2,-2,-2,-3,-2,-2,-2,-2,-2,-2,-2,-2,-2,-2,-2,-2,-3,-2,-2,-3,-2,-2,-2,-2,-2,-2,-2,-2,-2,-2 
"fishR","gilpur",-1,-1,-2,-2,-2,-2,-2,-2,-2,-2,-2,-1,-2,-1,-2,-1,-2,-2,-1,-2,-2,-1,-1,-1,-2,-1,-2,-1,-2,-2,-2,-2,-2,-1,-1,-2,-2,-2 
"whooR","gruame",1,-2,1,-2,1,1,-2,-2,-2,-2,-2,-2,-2,-2,-2,-2,-2,1,-2,-2,-2,-2,-2,-2,1,1,1,1,1,-2,1,-2,1,1,-2,-2,-2,1 
"missR","grucan",-2,-2,-2,-2,-2,-2,-2,-2,2,-2,-2,1,-2,1,-2,1,2,-2,-2,-2,-2,-2,-2,-2,-2,-2,-2,-2,-2,-2,-2,-2,-2,-2,1,-2,1,-2 
"cacoR","gymcal",-2,-2,2,2,-2,1,1,-3,1,-2,1,2,2,2,-2,-2,-2,-2,-2,-2,-2,-2,-2,-2,-2,2,-2,-2,-2,-2,-2,2,2,-2,-2,-2,-2,-2 
"gnomO","gymlin",-3,-3,-2,-2,-2,-3,-2,-2,-3,-2,-2,-3,-3,-3,-2,-3,-2,-2,0,-2,-2,-2,-2,-2,-2,-3,-3,-2,-2,-2,-2,-2,-2,-2,-3,-3,-2,-2 
"todsO","hedtod",0,0,-2,0,-2,0,0,0,0,0,0,0,0,0,0,0,-2,0,0,0,0,0,0,0,0,-2,-2,-2,-2,-2,0,0,-2,0,0,0,0,0 
"oahpO","hesarb",-3,-3,-3,-3,-3,-3,-3,-3,-3,-3,-3,0,0,-3,-3,0,-3,-3,0,1,1,-3,-3,-3,-3,-3,-3,-3,-3,-3,-3,-3,-3,-3,1,1,1,-3 
"moloO","hibarn",0,-2,-2,-2,-2,-2,-2,-2,1,-2,-2,1,-2,-2,-2,0,1,-2,0,0,-2,-2,0,-2,0,0,-2,-2,-2,-2,-2,-2,-2,-2,1,1,-2,0 
"kaupO","hibcla",1,1,-2,-2,-2,-2,-2,-2,1,-2,-2,1,-2,-2,-2,1,0,-2,1,0,0,1,1,0,-2,-2,-2,-2,-2,-2,-2,-2,-2,-2,0,-2,-2,-2 
"kauaO","hibwoo",1,-2,-2,-2,-2,-2,-2,-2,1,-2,-2,1,-2,1,-2,0,0,-2,-2,0,0,-2,-2,-2,-2,-2,-2,-2,-2,-2,-2,-2,-2,-2,1,1,-2,-2 
"hawwR","himmex",-2,-2,-2,-2,-2,1,-2,-2,-2,-2,0,-2,-2,-2,-2,-2,-2,-2,-2,-2,-2,-2,-2,-2,0,-2,-2,-2,-2,-2,1,-2,0,-2,-2,-2,-2,-2 
"flscO","hypcum",1,1,-2,-2,-2,1,1,-2,1,1,-2,1,1,1,1,1,1,-2,-2,-2,-2,-2,-2,-2,-2,-2,-2,-2,-2,-2,-2,-2,-2,-2,1,1,1,-2 
"smalR","isomed",-2,1,-2,-2,-2,1,1,-2,1,-2,-2,-2,1,1,-2,-2,0,-2,-2,0,0,-2,-2,-2,2,-2,0,0,-2,-2,-2,-2,-2,-2,-3,-2,-2,-2 
"beacO","jacrec",1,-2,-2,-2,-2,1,1,-2,1,-2,-2,1,-2,1,-2,1,-2,-2,-2,-2,1,1,1,1,1,1,-2,-2,-2,-2,-2,-2,-2,-2,1,1,1,-2 
"oahpO","labcyr",0,-2,-2,-2,-2,-2,-2,-2,-2,-2,-2,-2,-2,-2,-2,0,0,1,0,0,-2,-2,0,-2,-2,0,-2,-2,-2,-2,-2,-2,-2,-2,-2,1,-2,-2 
"pinkO","lamabr",-1,-1,-2,-2,-2,-1,-2,-2,-1,-2,-1,-2,-2,-2,-2,-2,-2,-2,-2,-2,-2,-2,-2,-2,-2,-2,-2,-2,-2,-2,-2,-2,-2,-2,-2,-2,-2,-2 
"snakO","lanxsp",0,1,-2,-2,-2,1,-2,-2,1,-2,-2,1,-1,0,-2,-1,-2,-2,-1,-1,-1,-1,-2,-2,-2,-2,-2,-2,-2,-2,-1,-1,-1,-2,-1,-2,-2,-2 
"caroO","lasdec",1,-2,-2,-2,-2,-2,-2,-2,1,-2,-2,-2,-2,-2,-2,1,1,-2,1,1,-2,-2,-2,-2,-2,1,-2,1,-2,-2,-2,-2,-2,-2,1,-2,-2,-2 
"praiO","leslep",2,2,-2,-2,-2,-2,-2,-2,1,-2,-2,1,1,1,2,1,1,-2,-1,1,1,-1,1,-2,-2,-2,2,2,-2,-2,-2,-2,-2,-2,1,1,1,-2 
"flscR","liaohl",-2,2,-2,-2,-2,1,-2,-2,1,-2,-2,2,2,2,-2,-2,-2,-2,-2,-1,-2,-2,-2,-2,-2,-2,1,-2,-2,-2,-2,-2,-2,-2,-2,-2,1,-2 
"kaupO","lipfau",1,1,-2,-2,-2,-2,-2,-2,1,-2,-2,1,-2,-2,-2,1,0,-2,1,0,0,1,1,0,-2,-2,-2,-2,-2,-2,-2,-2,-2,-2,0,-2,-2,-2 
"oahpO","loboah",1,1,-2,-2,-2,1,1,-2,1,-2,-2,1,1,1,-2,0,-2,-2,0,1,1,1,1,1,0,0,-2,-2,1,0,1,1,-2,-2,1,1,1,-2 
"flscR","lupari",-2,2,-2,-2,-2,-2,-2,-2,2,-2,-2,2,2,-2,-2,1,1,-2,-2,-2,-2,-2,-2,-2,-2,1,-2,-2,-2,-2,-2,-2,-2,-2,-2,-2,-2,1 
"lotiO","lycarg",0,2,2,-2,-2,-2,-2,-2,2,-2,1,2,2,-2,-2,0,-2,1,0,-2,0,0,0,-2,-2,-2,-2,-2,-2,-2,0,0,0,-2,0,-2,1,-2 
"roleO","lysasp",-2,1,-2,-2,-2,-2,-2,-2,2,-2,-2,-2,2,2,-2,-2,-2,1,-2,-2,-2,-2,-2,-2,1,-2,1,1,-2,-2,-2,-2,-2,-2,-2,-2,1,-2 
"apalO","macalb",1,1,-2,-2,-2,-2,-2,-2,1,-2,-2,1,-2,1,-2,1,-2,-2,-2,-2,1,-2,-2,-2,-2,0,0,0,0,0,-2,-2,-2,-2,-2,-2,0,-2 
"mohrO","marmoh",-3,-3,-2,-2,-2,-2,-2,-2,-3,-2,-2,-3,-2,-3,-2,-3,-3,-2,-3,-2,-3,-3,-3,-3,-2,-3,-3,-3,-2,-3,-2,-2,-2,-2,-2,-2,-2,-2 
"kaupO","melpal",-2,-2,-2,-2,-2,-2,-2,-2,-2,-2,-2,-2,-2,-2,-2,-2,-3,-2,-2,-2,-2,-2,-2,-2,-2,-2,-2,-2,-2,-3,-2,-2,-2,-2,-2,-3,-2,-2 
"oahpO","melsai",1,1,-2,-2,-2,1,1,0,1,0,-2,1,1,1,1,0,0,-2,0,0,0,0,0,0,-2,0,0,0,-2,-2,-2,-2,-2,-2,0,0,0,-2 
"armaO","miccal",2,2,-2,-2,-2,-2,1,-2,1,-2,-2,1,-2,1,1,1,-2,-2,-2,-2,-2,-2,1,1,-2,0,0,-2,-2,-2,-2,-2,-2,-2,-2,-2,1,-2 
"hualO","micmex",1,0,-2,-2,-2,-1,-2,0,1,-2,-2,0,1,0,-2,0,0,-2,-2,-2,-2,-2,-2,-2,0,0,-2,-2,0,-2,-2,-2,-2,-2,0,0,-2,-2 
"blacR","musnig",-2,-3,-3,-3,-2,-3,-2,-2,-2,-2,-2,-3,-3,-2,-2,-3,-3,-2,-2,-2,-3,-3,-3,-3,-2,-2,-3,-2,-3,-2,-2,-3,-3,-3,-3,-3,-2,-2 
"kaufO","myapal",-2,1,-2,-2,-2,-2,-2,-2,-2,-2,-2,1,-2,0,1,-2,0,-2,-2,-2,-2,-2,-2,-2,-2,-2,-2,-2,-2,-2,-2,-2,-2,-2,1,1,-2,-2 
"woodO","mycame",-1,-2,-1,-1,-2,-1,-2,-2,-2,-2,-2,-1,-2,-2,-2,-1,-2,-2,-2,-2,-2,-2,-1,-1,-2,-1,-2,-2,-2,-1,-1,-2,-2,-2,-2,-1,-1,-1 
"indiR","myosod",1,1,1,1,-2,1,-2,-2,1,-2,-2,-2,1,1,1,-2,-2,-2,-2,-2,-2,-2,-2,-2,-2,-2,-2,-2,-2,-2,-2,-2,-1,-2,-1,-2,-2,-2 
"oahpO","nothum",-2,1,-2,-2,-2,-2,-2,-2,1,-2,-2,1,1,1,-2,-2,-2,-2,0,1,0,1,-2,-2,-2,-2,-2,-2,-2,-2,-2,-2,-2,-2,1,1,-2,0 
"capeO","notmek",1,1,-2,-2,-2,1,1,-2,1,-2,-2,-2,1,1,-2,1,-2,-2,1,1,1,1,1,1,-2,-2,1,-2,-2,-2,-2,-2,1,-2,1,1,-2,1 
"neosO","notpla",2,0,-2,1,-2,-2,2,-2,-2,-2,-2,1,1,1,-2,1,-2,-2,-2,-2,1,-2,-2,-2,1,-2,-2,-2,-2,0,1,1,-2,-2,0,-2,-2,1 
"ringO","oboret",1,1,-2,-2,-2,1,1,-2,1,-2,-2,1,1,1,-2,1,-1,-2,1,1,-2,1,1,1,-2,1,-2,-2,-2,-2,1,1,-2,-2,1,1,-2,-2 
"keydR","odvicl",-2,-2,-2,-2,-2,2,2,-2,-2,-2,-2,2,-2,2,-2,-2,-2,-2,-2,-2,-2,-2,-2,-2,-2,-2,-2,-2,-2,-2,-2,-2,2,-2,1,-2,-2,-2 
"coluR","odvile",-2,2,2,-2,-2,-2,-2,-2,-2,-2,-2,2,2,2,-2,2,-2,-2,-2,-2,2,-2,2,-2,-2,-2,-2,-2,-2,2,-2,2,2,-2,2,-2,-2,-2 
"antiR","oendel",-1,2,-2,-2,-2,-2,-2,1,-2,2,-2,0,-3,-3,-3,-2,-2,-2,-3,-3,-3,-3,-3,-3,-3,-2,-2,-2,-2,-2,-2,-2,-2,-2,-2,1,-2,-3 
"arizR","oncapa",2,1,1,1,-2,-2,-2,2,2,1,-2,2,2,-2,-2,-2,-2,2,-2,-2,2,2,-2,-2,2,2,2,2,1,2,2,2,2,-2,2,-2,-2,-1 
"grcuR","onccla",1,1,1,1,-2,-2,-2,1,1,-2,-2,1,-2,-2,-2,-2,-2,-2,-2,-2,1,-2,-2,-2,-2,-2,-2,-2,-2,-2,-2,-2,-2,-2,1,1,-2,-2 
"gilaR","oncgil",1,1,-2,-2,-2,1,-2,-2,-2,-2,-2,-2,-2,1,1,1,-2,-2,-2,-2,-2,-2,1,-2,1,1,-2,-2,-2,-2,-2,-2,-2,-2,-2,-2,-2,-2 
"nashR","orcsho",1,1,-2,-2,-2,1,-2,-2,-2,-2,-2,1,1,-2,-2,1,-2,-2,1,-2,1,-2,-2,-2,-2,-2,-2,-2,-2,-2,-2,-2,-2,-2,-2,-2,-2,-2 
"flscR","parcha",-2,1,-2,-2,-2,1,1,-2,1,-2,-2,-2,-2,1,-2,-2,-2,-2,-2,-2,-2,-2,-2,-2,-2,-2,-2,-2,-2,-2,-2,-2,-2,-2,-2,-2,1,-2 
"mamoO","parfla",1,1,2,-1,-2,-2,-2,-2,1,-2,-2,-2,-2,-2,-2,1,-2,-2,-2,-2,-1,-2,-2,-2,-2,-2,-2,-2,-2,-2,1,-2,-2,-2,-2,-2,-2,-2 
"bradO","pedbra",-2,1,-2,-2,-2,-2,-2,-2,1,1,1,1,1,1,-2,1,-2,-2,-2,-2,-2,-2,1,1,1,-2,-2,-2,-2,-2,-2,-2,-2,-2,1,-2,-2,0 
"furbR","pedfur",-2,0,-2,-2,-2,0,1,-2,1,-2,-2,0,1,0,-2,1,-2,-2,-2,-2,-2,-2,-2,-2,-2,-2,-2,-2,-2,-2,1,-2,-2,-2,-2,-2,1,-2 
"prcrO","pellem",1,-2,-2,-2,-2,-2,-2,-2,-3,-2,-2,1,1,1,-2,-2,-2,-2,-2,-3,-2,-2,-2,-2,-2,-2,-3,-3,-2,-2,-2,-2,-2,-2,1,1,-2,-2 
"anasO","perpol",-2,-2,-2,-2,-2,-2,1,-2,-2,-2,-2,1,-2,-2,-2,-2,-2,-2,-2,-2,-2,-2,-2,-2,-2,-2,-2,-2,-2,-2,-2,-2,-2,-2,1,1,1,-2 
"snaiR","pertan",-1,-1,-2,-2,-2,-1,-2,-2,-1,-2,-2,-1,-1,-1,-1,-2,-2,-2,-2,-2,-2,-2,-2,-2,-2,-2,-2,-2,-2,-2,-2,-2,-2,-2,-2,-2,-2,-2 
"lanaO","phygla",1,1,-2,-2,-2,-2,-2,-2,1,-2,0,1,1,-2,-2,0,-2,-2,0,0,-2,-2,0,-2,0,0,-2,-2,-2,-2,-2,-2,-2,-2,1,1,-2,0 
"biadO","phyrac",0,-2,-2,-2,-2,-2,-2,-2,-2,-2,-2,-2,-2,-2,-2,-2,-2,0,-2,-2,-2,-2,-2,0,0,-2,-2,-2,-2,-2,0,-2,-2,-2,0,-2,-2,0 
"redcR","picbor",-2,-2,2,2,-2,-2,-2,-2,2,-2,-2,2,2,2,2,-2,-2,2,-2,-2,-2,-2,-2,-2,-2,2,2,-2,-2,-2,-2,-2,-2,2,1,1,-2,2 
"ropiO","pleple",1,1,-2,-2,-2,1,-2,-2,1,-2,-2,1,1,1,-2,1,1,-2,1,1,1,1,1,1,-2,-2,-2,-2,1,-2,-2,-2,-2,-2,1,-2,-2,-2 
"shenO","pleshe",0,1,1,1,-3,1,1,-3,1,0,-3,0,1,0,0,0,-3,-3,-3,-3,-3,-3,-3,-3,-1,-3,-3,-3,-1,-3,0,0,0,-3,-1,-3,1,-3 
"fishR","poeocc",1,1,-2,-2,-2,-2,-2,-2,-2,-2,1,1,-2,-2,-2,-2,-2,-2,-2,-2,-2,-2,-2,-2,1,-2,1,1,-2,-2,-2,-2,-2,1,1,-2,-2,-2 
"cavpO","pognud",-2,-1,-2,-2,-2,-2,-2,-1,-1,-2,-2,-1,-2,-2,-2,-2,-2,-2,-2,-2,-2,-2,-2,-2,-2,-1,-2,-2,-2,-2,-2,-2,-2,-2,-1,-1,-1,-1 
"flscR","polbas",2,2,-2,-2,-2,-2,2,-2,-2,-2,-2,2,2,2,-2,-2,-2,-2,-2,-2,-2,-2,-2,-2,-2,-2,-2,-2,-2,-2,-2,-2,-2,-2,-2,-2,-2,-2 
"fatpR","potcap",1,2,-2,-2,-2,-2,-2,-2,2,-2,-2,2,-2,1,-2,-2,-2,-2,-2,-2,-2,1,1,1,1,-2,-2,-2,-2,-2,-2,-2,-2,-2,2,-2,-2,-2 
"littO","potcly",0,0,-2,-2,-2,-2,-2,-2,0,-2,-2,0,0,-2,-2,-1,-1,-2,-2,0,0,-2,-2,-2,-2,-1,-1,-1,-2,-2,-2,-2,-2,-2,-1,-1,-1,-2 
"flscR","prugen",-2,1,-2,-2,-2,1,-2,-2,-2,-2,-2,2,-2,0,-2,-2,-2,-2,-2,-2,-2,-2,-2,-2,-2,-2,1,-2,-2,-2,-2,-2,-2,-2,-2,-2,1,-2 
"guamO","ptemar",1,-3,2,0,1,1,-3,-3,2,-3,-3,2,-3,2,-3,1,-3,-3,-3,-3,-3,1,-3,1,-3,0,-3,-3,-3,0,-3,-3,1,-3,-3,-3,-3,-3 
"harpO","ptinod",-3,-3,-2,-2,-2,-3,-2,-2,-2,-2,-2,-3,-2,-2,-3,-3,-2,-2,-2,-3,-3,-2,-2,-2,-2,-3,-2,-2,-2,-2,-2,-2,-2,-2,-2,-2,-2,-2 
"coloR","ptyluc",-3,-3,-3,-3,-3,-2,-2,-2,-2,-2,-2,-3,-2,-3,-2,-2,-2,-2,-2,-2,-3,-2,-3,-3,-2,-2,-2,-3,-2,-2,-3,-3,-2,-2,-3,-3,-2,-2 
"flopR","pumcon",-2,-1,-2,-2,-2,-2,-2,-2,-1,-2,-2,-1,-2,-2,-2,-2,-1,-2,-2,-2,-2,-2,-2,-2,-2,-1,-1,-2,-2,-2,-1,-1,-1,-1,-1,-2,-2,-2 
"alamO","pyrneo",0,1,0,0,-2,1,-2,0,-2,-2,-2,1,1,1,-2,-2,-2,0,-2,-2,-2,0,-2,-2,-2,-2,-2,-2,-2,-2,-2,0,0,-2,0,0,-2,-2 
"tombO","quasta",0,0,0,0,0,0,0,0,0,0,-2,1,-2,1,1,0,-2,-2,-2,-2,-2,-2,-2,-2,-2,-2,-2,-2,-2,-2,-2,-2,-2,-2,0,-2,-2,0 
"saltO","raloob",-3,-3,-3,-3,-3,-3,-3,-3,-3,-3,-3,-3,-3,-3,-3,-3,-3,-3,-3,-3,-3,-3,-3,-3,-3,-3,-3,-3,-3,-3,-3,-3,-3,-3,-3,-3,-3,-3 
"yumaO","raloyu",-2,-2,-2,-1,-2,-2,-2,-2,-1,-2,2,1,-2,1,-2,-2,-2,-2,2,-2,-2,2,2,2,2,-2,-2,-2,-2,-2,-2,2,2,-2,2,-2,1,-2 
"selkR","rantar",2,1,1,2,2,1,2,-2,1,-2,-2,2,-2,1,-2,1,2,-2,-2,-2,-2,-2,1,1,-2,2,2,-2,-2,-2,-2,-2,-2,-2,1,1,1,-2 
"kendO","rhiosc",1,1,-2,-2,-2,1,1,-2,-2,-2,1,1,-2,1,-2,-2,-2,1,2,-2,2,2,-2,-2,-2,2,-2,-2,-2,2,-2,-2,-2,-2,-2,-2,-2,-2 
"chapO","rhocha",-2,-2,-2,-2,-2,-2,-2,-2,-2,-2,-2,-2,-2,-2,-2,-2,-2,-2,-2,-2,-2,-2,-2,-2,-2,-2,-2,-2,-2,-2,-2,-2,-2,-2,-2,-2,-2,-2 
"everR","rossoc",2,2,2,2,-2,-2,-2,2,2,-2,-2,-2,-2,1,-2,2,-2,1,-2,-2,1,-2,-2,-2,-2,2,-2,-2,-2,-2,-1,1,-1,-1,2,-1,-2,-2 
"grpiR","sarore",1,1,-2,-2,-2,2,-2,-2,2,-2,-2,2,2,0,1,1,-2,-2,-2,-2,-1,-1,2,0,-2,-2,1,1,-2,-2,-2,-2,-2,-2,0,1,1,-2 
"pallO","scaalb",1,1,1,1,1,-2,-2,-2,1,1,-2,1,-2,1,-2,1,0,-2,1,-2,-2,1,-2,-2,1,-2,-2,1,1,1,1,-2,1,1,1,-2,1,2 
"maplO","schhal",-1,1,-2,-2,-2,-2,-2,-2,-2,-2,-2,1,-2,-2,-2,1,-1,-2,-1,1,1,-1,-1,1,-2,0,-2,-2,-2,-2,-1,-2,-2,-2,2,-1,1,-2 
"oahpO","schkaa",1,2,-2,-2,-2,1,1,-2,1,1,2,2,-2,1,-2,2,0,2,0,2,2,2,-1,-1,0,2,1,0,-3,-2,-2,-2,-2,-2,2,-2,-2,1 
"oahpO","schkea",0,-2,-2,-2,-2,-2,-2,-2,1,-2,-2,1,1,-2,-2,0,-2,-2,0,2,-2,-2,2,-2,-2,-2,-2,-2,-2,0,-2,-2,-2,-2,0,2,-2,-2 
"kaupO","schspe",1,0,-2,-2,-2,-2,-2,-2,1,-2,-2,0,0,0,-2,-2,-2,-2,-2,-2,-2,-2,-2,-2,-2,-2,-2,-2,-2,-2,-2,-2,-2,-2,-2,-2,-2,-2 
"delmR","scinig",1,1,-2,-2,-2,-2,-2,-2,1,1,1,1,1,1,1,1,-2,-2,-2,1,1,-2,-2,-2,-2,2,2,2,-2,-2,1,-2,-2,-2,-2,-2,1,-2 
"enruO","soldry",1,1,-2,-2,-2,1,1,1,1,1,-2,1,1,1,1,1,1,-2,0,2,2,0,2,2,-2,-2,-2,-2,-2,-2,0,-2,-2,-2,-2,2,-2,-2 
"hougO","solhou",-2,1,-2,-2,-2,1,1,-2,1,-2,-2,-2,1,1,-2,0,0,1,-2,-2,0,-2,-2,-2,-2,1,0,0,-2,-2,-2,-2,-2,-2,-2,-2,1,-2 
"alabR","spepou",2,1,-3,-3,-3,1,-3,-3,-1,-3,-3,1,1,1,-3,1,-3,1,1,-3,-3,1,1,-3,1,-3,-3,-3,-3,-3,-3,-3,1,-3,-2,-3,-3,1 
"caleO","steant",-2,1,1,1,1,1,-2,-2,1,-2,-2,1,1,1,-2,1,-2,-2,1,-2,1,1,1,1,-2,-2,-2,-2,-2,-2,1,1,1,-2,1,-2,-2,-2 
"kaupO","stecam",1,1,-2,-2,-2,-2,-2,-2,1,-2,-2,1,1,1,-2,-2,-2,-2,-2,-2,-2,-2,-2,-2,-2,-2,-2,-2,-2,-2,-2,-2,-2,-2,-2,-2,-2,-2 
"mexiO","strocc",-3,1,-3,-3,-3,1,1,-3,-3,1,1,1,-3,-3,-3,-3,-3,-3,-3,-3,-3,-3,-3,-3,-3,-3,-3,1,1,-3,1,-3,-3,1,-3,-3,-3,-3 
"loweO","sylpal",1,2,-2,-2,-2,-2,-2,-2,-2,-2,-2,2,-2,-2,-2,2,-2,-2,-2,-2,-2,-2,-2,-2,-2,-2,-2,-2,-2,-2,-2,-2,-2,-2,-3,-2,-2,-2 
"lanaO","tetrem",1,0,-2,-2,-2,-2,-2,-2,1,-2,0,1,1,-2,-2,0,-2,-2,0,0,-2,-2,0,-2,0,0,-2,-2,-2,-2,-2,-2,-2,-2,1,1,-2,0 
"karsO","texred",2,1,-2,-2,-2,2,2,-2,2,-2,1,-2,1,-1,-1,-1,-1,1,-1,1,-1,-1,-1,-1,-1,-2,-2,-2,-2,-2,-2,-1,-1,-1,1,1,1,1 
"coolO","thacoo",1,1,1,1,1,1,1,1,1,1,1,1,1,1,1,1,1,1,1,1,1,1,1,1,1,1,1,1,1,1,1,1,-2,-2,1,1,1,1 
"pedaO","theste",-2,-2,0,-2,-2,-2,0,0,-2,-2,-2,-2,-2,-2,0,-2,0,0,-2,0,0,0,0,0,0,-2,-2,0,0,-2,-2,0,-2,-2,-2,0,-2,-2 
"soccO","thethe",1,1,-2,-2,-2,1,1,-2,-2,-2,-2,1,-2,1,-2,1,-2,-2,1,-2,1,1,1,1,-2,-2,-2,-2,-2,-2,-2,-2,1,-2,1,-2,-2,-2 
"prfeO","theyau",-2,-3,-2,-2,-2,-2,-2,-2,-3,-2,-2,-3,-3,-2,-2,-2,-2,-2,-2,-2,-2,-2,-2,-2,-2,-2,-2,-2,-2,-2,-2,-2,-2,-2,-2,-2,-2,-2 
"westR","triman",1,1,1,1,1,1,1,-2,-2,-2,-2,1,-2,1,-2,1,1,1,1,-2,-2,1,1,1,1,1,1,1,1,1,1,-2,1,1,-2,-2,-2,-2 
"bariO","tritri",1,1,-2,-2,-2,-2,-2,-2,-2,-2,-2,1,-2,-2,-2,-2,1,-2,-2,1,2,-2,2,-2,-2,-2,-2,-2,-2,-2,-2,-2,-2,-2,-2,-2,-2,-2 
"attwR","tymcup",1,1,1,1,-2,-2,-2,-2,-2,1,-2,-2,-2,-2,-2,1,2,-2,-2,-2,-2,-2,1,1,-2,1,2,1,1,-2,1,1,1,-2,2,2,-2,-2 
"grizR","ursarc",2,2,-2,-2,-2,1,-2,-2,2,1,-2,2,-2,-2,1,-2,2,-2,-2,-2,-2,-2,-2,-2,-2,-2,-2,-2,-2,-2,2,2,2,-2,-2,-2,2,-2 
"flscR","warcar",-2,-2,-2,-2,-2,-2,-2,-2,1,-2,-2,-2,-2,-2,-2,0,0,-2,-2,-2,-2,-2,-2,-2,-2,-2,-2,-2,-2,-2,-2,-2,-2,-2,-2,-2,-2,-2 
"cachO","xanriv",1,1,-2,-2,-2,-2,-2,-2,-2,-2,1,2,-2,2,-2,-2,-2,-2,-2,-2,-2,-2,-2,-2,-2,-2,-2,-2,-2,-2,-2,-2,-2,-2,-2,-2,-2,-2 
"flscR","zizcel",2,-2,-2,-2,-2,-2,-2,-2,-2,-2,-2,-2,-2,-2,-2,-2,0,-2,-2,-2,-2,-2,-2,-2,-2,-2,-2,-2,-2,-2,-2,-2,-2,-2,-2,-2,-2,-2 
"edwaR","ziztex",1,1,-2,-2,-2,1,1,-2,-2,-2,-2,1,-2,-2,-2,-2,-2,-2,-2,1,1,1,1,1,-2,-2,-2,-2,-2,-2,-2,-2,-2,-2,1,1,1,-2 
