"PLAN","SPECIES","173Q","174Q","175Q","176Q","177Q","178Q","179Q","180Q","181Q","182Q","183Q","184Q","185Q","186Q","187Q","188Q","189Q","190Q","191Q","192Q","193Q","194Q","195Q","196Q","197Q","198Q","199Q","200Q","201Q","202Q","203Q","204Q","205Q","206Q","207Q","208Q","209Q","210Q","211Q","212Q","213Q","214Q","215Q","216Q","217Q","218Q","219Q","220Q","221Q","222Q","223Q","224Q","225Q","226Q","227Q","228Q","229Q","230Q","231Q"
"largO","abrmac",1,4,-2,4,4,4,-2,-2,-2,-2,-2,-2,-2,-2,-2,4,-2,-2,4,4,-2,-2,-2,-2,-2,-2,-2,-2,-2,-2,-2,-2,-2,-2,-2,-2,-2,-2,-2,-2,-2,4,4,-2,-1,-2,-2,-2,3,4,4,-2,1,-2,4,-2,3,-2,-2 
"lanaO","abuere",-2,-2,-2,-2,-2,-2,-2,-2,-2,-2,-2,-2,-2,-2,-2,-2,1,-2,-2,-2,-2,-2,-2,-2,-2,-2,-2,-2,-2,-2,-2,-2,-2,-2,-2,-2,2,2,-2,-2,-2,2,-2,-2,-2,-2,-2,-2,3,-2,2,-2,-2,-2,3,-2,-2,-2,-2 
"oahpO","abusan",-2,-2,-2,-2,-2,-2,-2,-2,-2,-2,-2,-2,-2,-2,-2,-2,2,2,2,2,-2,-2,-2,-2,-2,-2,-2,-2,-2,-2,-2,-2,-2,-2,-2,-2,2,2,2,2,2,2,-2,-2,-2,2,-2,-2,-2,-2,3,-2,-2,-2,-2,-2,-2,-2,-2 
"prraO","accstr",-2,-2,-2,-2,4,4,-2,-2,-2,-2,-2,-2,-2,4,-2,-2,-2,3,3,4,-2,-2,-2,-2,-2,-2,-2,-2,-2,-2,-2,-2,-2,-2,-2,-2,-2,-2,-2,-2,-2,-2,-2,4,-2,4,-2,-2,-2,-2,-2,-2,-2,-2,3,-2,-2,4,-2 
"oahtO","achlil",-2,-2,1,-2,-2,4,1,-2,-2,-2,-2,-2,-2,1,-2,-2,4,-2,4,-2,-2,-2,-2,-2,-2,-2,-2,-2,-2,-2,-2,-2,-2,-2,-2,-2,-2,4,-2,-1,-2,1,-2,-2,-2,-2,-2,-2,-2,-2,-2,-2,4,-2,-2,-2,4,-2,-2 
"nighO","acrlus",2,-2,2,-2,-2,-2,-2,-2,-2,-2,-2,-2,4,-2,-2,-2,-2,-2,-2,-2,-2,-2,-2,-2,4,-2,-2,-2,-2,-2,-2,-2,-2,1,-2,-2,-2,4,-2,-2,-2,4,-2,-2,-2,-2,-2,-2,-2,-2,1,-2,-2,-2,-2,-2,-2,-2,-2 
"sensO","aesvir",2,2,-2,-2,2,2,-2,-2,-2,-2,-2,-2,2,2,2,-2,-2,-2,-2,2,4,2,2,-2,2,2,4,-2,-2,-2,-2,-2,-2,2,-2,-2,2,4,-2,-2,-2,-2,-2,4,4,-2,-2,-2,-2,-2,-2,-2,-2,-2,-2,3,3,-2,-2 
"dwweO","alahet",4,4,-2,-2,4,-2,4,-2,-2,-2,-2,-2,-2,4,-2,-2,-2,-2,4,-2,4,-2,-2,-2,-2,-2,-2,3,4,-2,-2,-2,-2,4,3,-2,4,-2,-2,-2,-2,-2,-2,-2,-2,-2,-2,-2,-2,-2,-2,4,-2,-2,3,-2,-2,-2,-2 
"maplO","alemac",-2,-2,-2,-2,-2,-2,-2,-2,-2,-2,-2,-2,-2,-2,-2,-2,4,-2,4,-2,-2,-2,-2,-2,-2,-2,-2,-2,-2,-2,-2,-2,-2,-2,-2,-2,4,4,4,-2,4,4,-2,-2,-2,-2,-2,-2,4,-2,4,-2,-2,2,4,-2,-2,4,-2 
"kauaO","alslyc",-2,-2,-2,-2,-2,-2,-2,-2,-2,-2,-2,-2,-2,-2,-2,-2,-2,-2,4,3,-2,-2,-2,-2,-2,-2,-2,-2,-2,-2,-2,-2,-2,-2,-2,-2,4,4,-2,-2,-2,4,-2,-2,-2,-2,-2,-2,-2,-2,-2,-2,-2,-2,3,-2,4,4,-2 
"oahpO","alsobo",-2,-2,-2,-2,-2,-2,-2,-2,-2,-2,-2,-2,-2,-2,-2,-2,2,2,2,2,-2,-2,-2,-2,-2,-2,-2,-2,-2,-2,-2,-2,-2,-2,-2,-2,2,2,2,2,2,2,-2,-2,-2,-2,-2,-2,-2,-2,-2,-2,-2,-2,-2,-2,-2,-2,-2 
"kauaO","alsvis",-2,-2,-2,-2,-2,-2,-2,-2,-2,-2,-2,-2,-2,-2,-2,-2,4,-2,3,-2,-2,4,-2,-2,-2,-2,-2,-2,-2,-2,-2,-2,-2,-2,-2,-2,4,4,-2,-2,-2,4,-2,-2,-2,-2,-2,-2,-2,-2,-2,-2,-2,-2,-2,-2,-2,3,-2 
"prpaO","amavit",-2,-2,-2,-2,-2,4,-2,-2,-2,-2,-2,-2,-2,4,-2,-2,-2,1,1,1,-2,-2,-2,-2,-2,-2,-2,-2,-2,-2,-2,-2,-2,-2,-2,1,3,2,-2,-2,3,-2,3,2,-2,2,2,-2,-2,-2,-2,-2,-2,-2,-2,-2,2,1,-2 
"ashmO","ambama",-2,1,-2,-2,4,-2,1,-2,-2,-2,-2,-2,-2,-2,1,-2,-2,-2,-2,-2,-2,1,-2,4,-2,-2,-2,-2,-2,-2,-2,-2,-2,-2,-2,-2,-2,-2,-2,-2,-2,4,-2,-2,-2,-2,-2,-2,-2,-2,-2,1,1,1,-2,-2,-2,4,-2 
"ozarR","ambros",-2,4,-2,-2,-2,4,-2,-2,-2,-2,-2,-2,-2,-2,1,-2,-2,-2,1,4,4,-2,-2,4,-2,-2,-2,-2,-2,-2,-2,-2,3,4,-2,-2,-2,-2,-2,-2,-2,-2,-2,-2,-2,-2,4,-2,4,-2,-2,4,-2,-2,-2,-2,-2,4,-2 
"sonoR","antame",-2,-1,-2,-2,4,-1,-2,4,-2,-2,-2,-2,-2,-2,-1,-2,4,4,-2,-2,-2,4,-2,-2,-2,-2,-2,-2,-2,-2,-2,-2,-2,-2,-2,-2,4,-2,-2,-2,-2,-2,-2,-2,4,-2,-2,-1,-2,-2,-2,-2,4,-2,3,-2,4,-2,-2 
"antiR","apomor",4,-2,-2,4,-2,4,-2,-2,4,-2,-2,-2,-2,-2,1,-2,1,-2,-2,4,-2,-2,-2,-2,-2,-2,-2,-2,-2,-2,-2,-2,-2,-2,-2,-2,-2,-2,-2,-2,-2,-2,4,-2,-2,-2,4,-2,-2,-2,-2,-2,-2,-2,-2,-2,-2,4,-2 
"raveO","archoo",-2,-2,-2,-2,-2,-2,-2,-2,-2,-2,-2,-2,-2,-2,-2,-2,-2,-2,-2,-2,-2,-2,-2,-2,-2,-2,-2,-2,-2,-2,-2,-2,-2,-2,-2,-2,4,-2,-2,-2,-2,1,-2,-2,-2,-2,-2,-2,-2,-2,4,-2,-2,-2,-2,-2,-2,2,-2 
"dwbeO","archum",-2,2,-2,-2,4,-2,-2,-2,-2,-2,-2,-2,-2,-2,2,-2,-2,-2,3,2,-2,-2,-2,-2,-2,-2,-2,-2,-2,-2,-2,-2,-2,-2,-2,-2,-2,-2,-2,-2,-2,-2,-2,-2,-2,-2,-2,-2,-2,-2,-2,-2,-2,-2,-2,-2,-2,-2,-2 
"fourO","arcmor",-2,4,-2,4,4,1,-2,-2,-2,-2,-2,-2,-2,-2,-2,-2,-2,-2,-2,-2,-2,-2,-2,-2,-2,-2,-2,-2,-2,-2,-2,-2,-2,-2,-2,-2,4,-2,-2,-2,-2,4,-2,-2,-2,-2,-2,-2,-2,-2,4,-2,-2,-2,4,-2,-2,4,-2 
"maunO","argsan",-2,-2,-2,-2,-2,-2,-2,-2,-2,-2,-2,-2,-2,-2,-2,-2,-2,4,-2,-2,-2,-2,-2,-2,-2,-2,-2,-2,-2,-2,-2,-2,-2,-2,-2,-2,-2,4,-2,-2,-2,4,-2,-2,-2,-2,-2,-2,-2,-2,-2,-2,-2,-2,4,-2,-2,3,-2 
"anthO","athant",-2,-2,-2,-2,-2,2,-2,-2,-2,-2,-2,-2,2,2,1,-2,-2,-2,-2,-2,4,-2,-2,-2,-2,4,4,2,2,-2,-2,-2,2,-2,-2,-2,-2,-2,-2,-2,-2,-2,-2,-2,-1,-1,-2,-1,-2,-2,-2,-2,-2,-2,-2,-2,-2,-2,-2 
"virgR","betube",-2,-2,-2,-2,1,-2,-2,-2,-2,-2,-2,-2,-2,-2,-2,-2,1,-2,1,4,-2,-2,-2,-2,-2,-2,-2,-2,-2,-2,-2,-2,-2,-2,-2,-2,-2,-2,-2,-2,-2,-2,-2,-2,-2,-2,-2,3,4,2,-2,-2,-2,-2,-2,-2,-2,-2,-2 
"flscR","bongra",4,4,-2,-2,4,-2,-2,-2,-2,4,-2,-2,2,-2,-2,-2,-2,-2,1,-2,-2,-2,-2,-2,-2,-2,-2,-2,-2,-2,-2,-2,4,-2,-2,-2,4,-2,-2,-2,-2,-2,-2,-2,-2,-2,-2,-2,-2,4,4,-2,-2,-2,-2,-2,-2,-2,4 
"aleuR","bracan",-2,4,-2,-2,-2,-2,-2,-2,-2,-2,-2,-2,-2,-2,-2,-2,-2,4,-2,-2,-2,-2,-2,-2,-2,-2,-2,-2,-2,-2,-2,-2,-2,4,-2,-2,-2,4,-2,4,-2,-2,-2,-1,4,-2,-2,-2,-2,-2,-2,-2,4,-2,-2,-2,-2,4,4 
"cavpO","brasan",3,4,-2,4,4,-2,-2,-2,-2,-2,-2,-2,4,-2,-2,-2,4,-2,-2,-2,-2,-2,-2,-2,-2,-2,4,4,4,-2,-2,-2,4,4,-2,-2,-2,4,-2,-2,-2,4,-2,4,-2,-2,-2,-2,-2,-2,-2,4,4,-2,3,-2,4,3,4 
"kaupO","briins",-2,-2,-2,-2,-2,3,-2,-2,-2,-2,-2,-2,3,-2,-2,-2,-2,-2,3,-2,-2,-2,-2,-2,-2,-2,-2,-2,-2,-2,-2,-2,-2,-2,-2,-2,4,4,-1,-2,-2,4,4,-2,-2,-2,-2,-2,-1,-2,4,-2,-2,-2,-1,-2,-2,4,4 
"palmO","calriv",2,2,4,2,4,-2,4,-2,4,-2,-2,-2,4,4,3,-2,4,-2,-2,-2,-2,-2,-2,-2,-2,-2,-2,-2,-2,-2,-2,-2,-2,-2,-2,-2,-2,4,-2,-2,-2,-2,-2,-2,-2,-2,-2,-2,-2,-2,4,3,1,-2,-2,-2,-2,-2,-2 
"grayO","canlup",-2,-2,-2,-2,-2,-2,-2,-2,-2,-2,-2,-2,-2,-2,-2,-2,-2,-2,-2,-2,-2,-2,-2,-2,-2,-2,-2,-2,-2,-2,-2,-2,-2,-2,-2,-2,-2,-2,-2,-2,-2,-2,-2,-2,-2,-2,4,4,4,-2,-2,-2,-2,-2,-2,-2,-2,-2,-2 
"eastR","canlup",-2,-2,-2,4,4,-2,-2,-2,-2,-2,-2,-2,-2,4,3,-2,4,4,-2,-2,-2,-2,-2,-2,-2,-2,-2,-2,-2,-2,-2,-2,-2,-2,-2,-2,-2,-2,-2,4,-2,4,-2,-2,-2,-2,4,-2,-2,-2,-2,-2,-2,-2,-2,-2,-2,-2,-2 
"redwR","canruf",-2,-2,-2,-2,1,-2,-2,-2,-2,-2,-2,-2,-2,1,1,-2,-2,-2,-2,-2,-2,-2,-2,-2,-2,-2,1,-2,-2,-2,-2,-2,-2,-2,-2,-2,-2,-2,-2,-2,-2,-2,-2,4,4,-2,1,-2,-2,-2,-2,-2,-2,-2,-2,-2,-2,-2,-2 
"ashmO","cennam",1,1,-2,-2,4,-2,-2,1,-2,-2,-2,-2,-2,-2,4,-2,1,-2,-2,-2,1,4,-2,4,-2,-2,-2,-2,-2,-2,-2,-2,-2,-2,-2,-2,4,-2,-2,-2,-2,4,4,-2,-2,-2,-2,-2,-2,-2,-2,-2,-2,-2,-2,-2,-2,-1,-2 
"cuiuR","chacuj",-2,-2,-2,-2,-2,-2,-2,4,-2,-2,-2,-2,-2,1,-2,-2,4,-2,-2,-2,4,4,-2,-2,-2,-2,-2,4,4,-2,-2,-2,-2,-2,-2,-2,-2,-2,-2,-2,-2,-2,-2,-2,4,-2,-2,-2,-2,-2,-2,4,4,-2,4,-2,4,3,-2 
"pineO","chagar",4,4,-2,-2,-2,-2,-2,4,-2,-2,-2,-2,-2,-2,-2,-2,-2,-2,-2,-2,-2,-2,-2,-2,-2,-2,-2,-2,-2,-2,-2,-2,2,-2,-2,-2,4,-2,-2,-2,-2,4,-2,-2,-2,-2,-2,-2,-2,4,4,-2,-2,-2,-2,-2,-2,-2,-2 
"oahpO","charoc",-2,-2,-2,-2,-2,-2,-2,-2,-2,-2,-2,-2,-2,-2,-2,-2,-2,-2,-2,-2,-2,-2,-2,-2,-2,-2,-2,-2,-2,-2,-2,-2,-2,-2,-2,-2,4,-2,-2,-2,-2,4,-2,-2,-2,-2,-2,-2,-2,-2,-2,-2,-2,-2,3,-2,-2,-2,-2 
"flogO","chrflo",-2,4,-2,-2,-2,4,-2,-2,-2,-2,-2,-2,3,-2,3,-2,4,-2,4,3,-2,-2,-2,-2,-2,-2,-2,-2,-2,-2,-2,-2,-2,-2,-2,-2,-2,-2,-2,-2,-2,-2,-2,-2,-2,-2,-2,-2,-2,-2,4,-2,-2,-2,-2,-2,-2,-2,1 
"nortO","cicdor",4,4,-2,-2,-2,4,-2,-2,-2,-2,-2,-2,-2,-2,-2,-2,-2,-2,-2,-2,-2,-2,-2,-2,-2,-2,-2,-2,-2,-2,-2,-2,-2,-2,-2,-2,-2,-2,-2,-2,-2,-2,-2,-2,-2,-2,-2,-2,-2,-2,-2,-2,-2,-2,-2,-2,-2,-2,-2 
"maskR","colvir",-2,-2,4,-2,-2,-2,-2,-2,-2,-2,-2,-2,-2,-2,-2,-2,4,-2,-2,-2,-2,-2,-2,-2,-2,-2,-2,-2,-2,-2,-2,-2,-2,-2,-2,-2,-2,-2,-2,-2,-2,4,-2,-2,-2,-2,-2,-2,-2,-2,-2,-2,-2,-2,-2,-2,4,-2,-2 
"hawcO","corhaw",-2,1,-2,-2,1,-2,-2,-2,-2,-2,-2,-2,-2,-2,-2,-2,4,4,-2,-2,-2,-2,-2,-2,-2,-2,-2,-2,-2,-2,-2,-2,-2,-2,-2,-2,4,4,4,4,4,4,-2,-2,4,-2,-2,-2,4,-2,4,-2,-2,-2,-2,-2,-2,-2,-2 
"amcrR","croacu",-2,4,4,-2,4,-2,-2,-2,-2,-2,-2,-2,-2,-2,-2,-2,-2,4,-2,4,-2,-2,-2,-2,-2,-2,-1,-2,-2,-2,-2,-2,-2,-1,-2,-2,-2,-2,-2,-2,-2,4,-2,-2,4,-2,-2,-2,-2,-2,-2,-2,-2,-2,-2,-2,-2,-2,-2 
"newmO","crowil",-2,-2,-2,-2,-2,3,-2,-2,-2,-2,-2,-2,-2,3,3,-2,4,-2,4,3,-2,-2,-2,-2,-2,-2,-2,-2,-2,-2,-2,-2,-2,-2,-2,-2,-2,-2,-2,-2,-2,-2,-2,-2,4,-2,-2,4,-2,-2,-2,-2,-2,-2,-2,-2,-2,-2,-2 
"sccyO","cupabr",1,1,1,-2,3,-2,-2,-2,-2,-2,-2,-2,3,4,-2,3,-2,-2,4,-2,-2,-2,-2,-2,-2,-2,-2,-2,-2,-2,-2,-2,-2,-2,-2,-2,4,-2,-2,-2,-2,-2,-2,-2,4,-2,-2,4,-2,-2,4,-2,-2,-2,3,-2,-2,3,-2 
"moloO","cyaman",3,-2,-2,-2,-2,-2,-2,1,-2,-2,-2,-2,-2,-2,-2,-2,4,-2,3,-2,-2,-2,-2,-2,-2,-2,-2,-2,-2,-2,-2,-2,-2,-2,-2,-2,-2,-1,-2,-2,-2,4,-2,-2,-2,-2,-2,-2,-2,-2,3,-2,-2,-2,4,-2,-2,3,-2 
"biplO","cyashi",-2,-2,-2,-2,-2,-2,-2,-2,-2,-2,-2,-2,-2,-2,-2,-2,-2,-2,-2,-2,-2,-2,-2,-2,-2,-2,-2,-2,-2,-2,-2,-2,-2,-2,-2,-2,-2,4,-2,-2,-2,-2,-2,-2,-2,-2,-2,-2,-2,-2,-2,-2,-2,-2,3,-2,-2,3,-2 
"fishR","cypfor",-2,-2,-2,-2,-2,-2,-2,4,-2,-2,-2,-2,-2,-2,1,-2,4,-2,-2,-2,-2,4,-2,4,-2,-2,-2,1,-2,-2,-2,-2,-2,-2,-2,-2,4,4,-2,-2,-2,-2,4,-1,-2,-2,-2,-2,-2,-2,-2,4,4,-2,-2,-2,4,-2,-2 
"kauaO","cyrcya",-2,-2,-2,-2,4,-2,-2,-2,-2,-2,-2,-2,-2,-2,-2,-2,-2,-2,-2,-2,-2,-2,-2,-2,-2,-2,-2,-2,-2,-2,-2,-2,-2,-2,-2,-2,4,4,-2,-2,-2,-2,-2,-2,-2,-2,-2,-2,-2,-2,-1,-2,-2,-2,3,-2,-2,4,-2 
"biplO","cyrgif",-2,-2,-2,-2,-2,-2,-2,-2,-2,-2,-2,-2,-2,-2,-2,-2,-2,-2,-2,3,-2,-2,-2,-2,-2,-2,-2,-2,-2,-2,-2,-2,-2,-2,-2,-2,4,4,-2,-2,-2,-2,-2,-2,-2,-2,-2,-2,-2,-2,-2,-2,-2,-2,3,-2,-2,3,-2 
"oahpO","cyrvir",-2,-2,-2,-2,-2,3,-2,-2,-2,-2,-2,-2,-2,-2,-2,-2,-2,-2,3,-2,-2,-2,-2,-2,-2,-2,-2,-2,-2,-2,-2,-2,-2,-2,-2,-2,4,3,-2,-2,-2,4,-2,-2,-2,-2,-2,-2,-2,-2,-2,-2,-2,-2,4,-2,-2,-2,-2 
"kirtR","denkir",-2,-2,-2,-2,-2,-2,-2,-2,-2,-2,-2,-2,-2,4,-2,-2,-2,-2,-2,-2,-2,-2,-2,-2,-2,-2,-2,-2,-2,-2,-2,-2,-2,3,-2,-2,-2,-2,2,-2,-2,-2,-2,-2,-2,-2,-2,-2,-2,4,4,-2,-2,-2,-2,-2,-2,-2,-2 
"flomO","dicchr",-2,4,4,-2,-2,-2,-2,-2,-2,-2,4,-2,-2,-2,-2,-2,-2,-2,-2,-2,-2,-2,-2,-2,-2,-2,-2,-2,-2,-2,-2,-2,-2,-2,-2,-2,4,-2,-2,-2,-2,-2,-2,4,-2,-2,-2,-2,-2,4,4,-2,-2,-2,-2,-2,-2,-2,-2 
"tennR","echten",-2,4,4,-2,-2,-2,-2,-2,-2,-2,-2,-2,4,-2,-2,-2,4,-2,4,4,-2,-2,-2,-2,-2,-2,-2,-2,-2,-2,-2,-2,4,-2,-2,-2,-2,-2,-2,-2,-2,-2,-2,4,4,-2,-2,-2,-2,4,-2,-2,4,-2,-2,-2,-2,-2,4 
"tarrR","ellste",-2,-2,-2,-2,4,-2,4,-2,-2,-2,-2,-2,-2,4,4,-2,-2,-2,-2,-2,4,-2,-2,-2,-2,-2,-2,4,4,-2,-2,-2,-2,4,-2,-2,3,-2,-2,-2,-2,-2,-2,-2,-2,-2,-2,-2,-2,-2,-2,4,-2,-2,-2,-2,-2,4,-2 
"cavpO","eryari",3,4,-2,4,3,-2,-2,-2,-2,-2,-2,-2,1,-2,-2,-2,1,-2,-2,2,-2,-2,-2,-2,-2,-2,4,4,4,-2,-2,-2,4,4,-2,-2,4,4,-2,-2,-2,4,-2,-2,-2,-2,-2,-2,-2,-2,-2,4,-2,-2,-2,-2,4,3,-2 
"antiR","erycap",1,-2,-2,4,-2,-2,-2,-2,1,-2,-2,-2,-2,-2,1,-2,1,-2,-2,2,-2,-2,-2,-2,-2,-2,-2,-2,-2,-2,-2,-2,-2,-2,-2,-2,4,-2,-2,-2,-2,-2,-2,-2,-2,-2,-2,-2,-2,-2,-2,-2,-2,4,-2,-2,-2,-2,-2 
"flscR","erycun",4,4,-2,-2,-2,-2,-2,-2,-2,4,-2,-2,-2,-2,-2,-2,-2,-2,-2,2,-2,-2,-2,-2,-2,-2,-2,-2,-2,-2,-2,-2,2,-2,-2,-2,3,-2,-2,-2,-2,-2,-2,-2,-2,-2,-2,-2,-2,-2,4,-2,-2,-2,-2,-2,-2,-2,-2 
"seveO","erymen",4,4,-2,3,-2,-2,-2,-2,-2,-2,-2,-2,-2,-2,4,-2,4,-2,-2,3,-2,-2,-2,-2,-2,-2,-2,-2,-2,-2,-2,-2,-2,-2,-2,-2,4,-2,-2,-2,-2,4,-2,-2,-2,-2,-2,1,-2,4,-2,-2,-2,-2,-2,-2,-2,-2,-2 
"threO","eryter",-2,4,-2,-2,-2,-2,-2,-2,-2,-2,-2,-2,4,-2,-2,-2,-2,-2,-2,4,-2,-2,-2,-2,-2,-2,-2,-2,-2,-2,-2,-2,-2,-2,-2,-2,-2,-2,-2,-2,-2,-2,-2,-2,-2,-2,-2,-2,-2,2,2,-1,4,-2,-2,-2,-1,-1,-2 
"slacO","ethbos",2,2,2,2,-2,-2,-2,2,-2,-2,-2,2,-2,-2,-2,-2,-2,-2,-2,-2,-2,-2,1,-2,-2,-2,-2,-2,3,-2,-2,-2,3,3,-2,-2,-2,-2,-2,-2,-2,-2,-2,2,-2,-2,-2,-2,-2,-2,-2,-2,-2,-2,-2,-2,-2,-2,-2 
"edwaR","ethfon",-2,2,-2,-2,-2,-2,-2,-2,-2,-2,-2,-2,-2,-2,-2,-2,-2,-2,-2,4,2,-2,2,4,-2,-2,2,4,4,-2,-2,-2,-2,-2,-2,-2,4,4,-2,-2,-2,4,-2,-2,-2,-2,-2,-2,4,-2,-2,4,-2,-2,-2,-2,-2,3,-2 
"wateR","ethnuc",2,2,-2,-2,3,-2,-2,-2,-2,4,-2,-2,-2,-2,-2,-2,-2,-2,-2,-2,1,4,-2,4,-2,-2,-2,-2,4,-2,-2,-2,-2,4,-2,-2,-2,-2,-2,-2,-2,2,-2,2,-2,-2,-2,-2,-2,-2,-2,1,-2,2,-2,-2,-2,3,-2 
"okalO","ethoka",-2,-2,-2,-2,1,-2,-2,-2,-2,-2,-2,-2,-2,-2,-2,-2,-2,-2,-2,-2,4,-2,-2,-2,-2,-2,-2,-2,-2,-2,-2,-2,-2,-2,-2,-2,-2,-2,-2,-2,-2,-2,-2,-2,-2,-2,-2,-2,-2,-2,-2,4,-2,-2,-2,-2,3,-2,-2 
"bayoR","ethrub",4,-2,-2,-2,-2,-2,4,-2,-2,-2,-2,-2,-2,-2,4,1,-2,-2,-2,-2,-2,-2,-2,-2,-2,4,-2,-2,-2,-2,-2,-2,-2,4,-2,-2,-2,-2,-2,-2,-2,-2,-2,-2,-2,-2,-2,-2,-2,-2,-2,-2,-2,-2,-2,-2,-2,-2,-2 
"maryR","ethsel",-2,-2,-2,-2,-2,4,-2,-2,-2,-2,-2,-2,4,-2,-2,-2,-2,-2,-2,-2,4,-2,-2,-2,-2,-2,4,4,4,-2,-2,-2,4,4,-2,4,-2,-2,-2,-2,-2,-2,-2,-2,-2,-2,-2,-2,-2,-2,-2,-2,-2,-2,-2,-2,-2,-2,-2 
"elseO","eupbat",4,4,-2,4,4,-2,-2,-2,-2,-2,-2,-2,-2,-2,-2,-2,-2,-2,4,-2,-2,-2,-2,-2,-2,-2,-2,-2,-2,-2,-2,-2,-2,-2,-2,-2,-2,-2,-2,-2,-2,4,4,-2,-2,4,4,-2,-2,-2,-2,-2,-2,-2,-2,-2,-2,-2,4 
"edwaR","eurnan",-2,-2,-2,4,-2,-2,-2,-2,-2,-2,-2,-2,-2,-2,-2,-2,-2,-2,-2,-2,-2,4,4,4,4,-2,-2,-2,-2,-2,-2,-2,-2,4,-2,-2,4,4,-2,-2,-2,4,-2,-2,4,-2,-2,-2,-2,-2,-2,-2,-2,-2,-2,-2,4,-2,-2 
"pereO","falper",-2,2,2,-2,-2,-2,-2,-2,-2,-2,-2,-2,-2,-2,-2,-2,-2,4,4,-2,-2,-2,-2,-2,-2,-2,-2,-2,-2,-2,-2,-2,-2,-2,-2,2,-2,-2,-2,-2,-2,-2,-2,-2,4,-2,-2,4,-2,-2,-2,-2,-2,-2,-2,-2,-2,-2,-2 
"ampeO","falper",-2,-2,4,4,4,-2,-2,-2,-2,-2,-2,-2,-2,-2,-2,-2,-2,4,4,4,-2,-2,-2,-2,-2,-2,-2,-2,-2,-2,-2,-2,-2,2,-2,-2,-2,-2,-2,-2,-2,-2,-2,4,4,4,-2,-2,-2,-2,-2,-2,-2,-2,-2,1,-2,-2,-2 
"hawwR","fulame",4,4,-2,-2,-2,-2,-2,-2,-2,-2,-2,4,-2,-2,-2,-2,-2,1,-2,-2,-2,-2,-2,-2,4,-2,-2,-2,-2,-2,-2,-2,-2,3,-2,-2,4,4,-2,-2,-2,-2,-2,-2,4,-2,-2,-2,-2,-2,-2,4,4,-2,-2,-2,-2,-2,-2 
"lanaO","gahlan",3,-2,-2,-2,2,-2,-2,-2,-2,-2,-2,-2,-2,-2,-2,-2,-2,-2,-2,-2,-2,-2,-2,-2,-2,-2,-2,-2,-2,-2,-2,-2,-2,-2,-2,-2,2,2,-2,-2,-2,2,-2,-2,-2,-2,-2,-2,-2,-2,-2,-2,-2,-2,-2,-2,-2,-2,-2 
"hawwR","galchl",2,2,-2,2,2,-2,-2,2,-2,-2,-2,-2,-2,-2,-2,-2,-2,1,-2,-2,-2,-2,-2,-2,-2,-2,4,-2,4,-2,-2,-2,-2,-2,-2,-2,-2,4,-2,-2,-2,4,-2,-2,-2,-2,-2,-2,-2,-2,-2,-2,-2,1,-2,-2,-2,-2,-2 
"edwaR","gamgeo",-2,3,-2,-2,-2,-2,-2,-2,-2,-2,-2,-2,-2,-2,-2,-2,-2,-2,-2,2,2,-2,2,2,-2,-2,-2,2,2,-2,-2,-2,-2,2,-2,-2,4,4,-2,-2,-2,4,-2,2,-2,-2,-2,-2,2,-2,-2,2,-2,-2,-2,-2,2,-2,-2 
"hawgO","garbri",-2,1,-2,-2,-2,-2,-2,-2,-2,-2,-2,-2,1,-2,-2,-2,4,-2,3,-2,-2,-2,-2,-2,-2,-2,-2,-2,-2,-2,-2,-2,-2,-2,-2,-2,4,4,4,-2,2,1,-2,-2,-2,-2,-2,-2,-2,-2,4,-2,-2,-2,3,3,4,-2,-2 
"unarR","gasacu",-2,4,-2,-2,-2,-2,-2,4,-2,-2,-2,-2,-2,-2,-2,-2,4,-2,-2,4,4,-2,-2,-2,-2,-2,4,3,3,-2,-2,-2,-2,3,-2,-2,4,4,-2,-2,-2,-2,-2,-2,3,-2,-2,-2,-2,-2,-2,-2,-2,-2,4,-2,-2,-2,-2 
"maplO","gerarb",-2,-2,-2,-2,-2,-2,-2,-2,-2,-2,-2,-2,-2,-2,-2,-2,-2,-2,3,-2,-2,-2,-2,-2,-2,-2,-2,-2,-2,-2,-2,-2,-2,-2,-2,-2,2,2,-2,-2,-2,2,2,-2,-2,-2,-2,-2,1,-2,2,-2,-2,-2,3,-2,-2,3,-2 
"humpR","gilcyp",-2,-2,-2,4,-2,-2,-2,-2,-2,-2,-2,-2,-2,-2,-2,-2,-2,-1,-2,-2,4,-1,4,-2,-2,-2,-2,4,-2,-2,-2,-2,-2,-1,-2,-2,-1,-1,-1,-2,-2,-2,-2,-2,-2,-2,-2,-2,4,-2,-2,4,-2,-2,-1,-2,-2,3,-2 
"bonyR","gilele",-2,-2,-2,-2,-2,-2,-2,-2,-2,-2,-2,-2,-2,-2,1,-2,1,-2,-2,-2,4,4,-2,-1,-2,-2,1,-2,1,-2,-2,-2,-2,-2,-2,-2,-2,-2,-2,-2,-2,-2,4,-2,-2,-2,-2,-2,4,-2,-2,4,1,4,-2,-2,-2,-2,-2 
"chihO","gilnig",-2,-2,-2,-2,-2,-2,-2,-2,-2,-2,-2,-2,4,-2,-2,-2,-2,-2,-2,4,4,4,4,-2,-2,-2,4,-2,-2,-2,-2,-2,-2,-2,-2,-2,-2,-1,-2,-2,-2,-2,-2,-2,-2,-2,-2,-2,-2,-2,-2,4,-2,-2,-2,-2,4,-2,-2 
"fishR","gilpur",-2,-2,-2,-2,-2,3,-2,4,-2,-2,-2,-2,4,-2,-2,-2,4,-2,-2,-2,-2,4,-2,-2,-2,-2,-2,-1,-2,-2,-2,-2,-2,-2,-2,-2,4,1,-2,-2,-2,4,-2,-2,-2,-2,-2,-2,-2,-2,-2,4,4,4,-1,-2,1,-2,-2 
"whooR","gruame",2,4,4,4,-2,4,4,-2,-2,-2,-2,-2,-2,-2,-2,3,-2,4,1,-2,-2,-2,-2,-2,-2,3,-2,4,-2,-2,-2,-2,-2,3,-2,-2,-2,-2,-2,-2,-2,-2,-2,-2,4,-2,-2,4,-2,-2,-2,-2,-2,-2,-2,-2,4,-2,4 
"missR","grucan",1,1,1,1,4,-2,4,-2,4,-2,4,-2,-2,4,-2,-2,-2,4,-2,-2,-2,-2,-2,-2,-2,-2,-2,-2,-2,-2,-2,-2,-2,4,-2,-2,-2,4,-2,-2,-2,-2,-2,-2,4,4,-2,4,-2,4,4,4,4,-2,4,-2,4,4,-2 
"cacoR","gymcal",-2,-2,-2,-2,-2,-2,-2,-2,-2,-2,-2,-2,-2,-2,-2,-2,-2,-2,1,4,-2,-2,-2,-2,-2,-2,-2,-2,-2,-2,-2,-2,-2,4,-2,4,-2,-2,-2,-2,-2,-2,-2,-2,4,-2,-2,-2,-2,-2,-2,-2,4,-2,2,-2,-2,-2,4 
"gnomO","gymlin",2,-2,-2,-2,1,-2,-2,-2,-2,-2,-2,-2,-2,1,-2,-2,-2,-2,1,-2,-2,-2,-2,-2,-2,-2,-2,-2,-2,-2,-2,-2,-2,-2,4,-2,-2,-2,-2,-2,-2,4,4,-2,-2,-2,-2,-2,-2,-2,-2,4,-2,-2,-2,-2,-2,4,4 
"todsO","hedtod",-2,-2,-2,4,4,4,-2,-2,-2,-2,-2,-2,-2,-2,-2,-2,-2,-2,-2,-2,-2,-2,-2,-2,-2,-2,-2,-2,-2,-2,-2,-2,-2,-2,-2,-2,-2,4,-2,-2,-2,4,4,-2,-2,-2,-2,-2,4,-2,-2,-2,-2,4,-2,-2,-2,-2,4 
"oahpO","hesarb",-2,-2,-2,-2,-2,-2,-2,-2,-2,-2,-2,-2,-2,-2,-2,-2,4,-2,-2,-2,-2,-2,-2,-2,-2,-2,-2,-2,-2,-2,-2,-2,-2,-2,-2,-2,4,-2,-2,-2,-2,-2,2,-2,-2,-2,-2,-2,-2,-2,4,-2,-2,-2,-2,-2,-2,3,2 
"moloO","hibarn",3,-2,-2,-2,-2,3,1,-2,-2,-2,-2,-2,-2,-2,-2,-2,4,-2,3,-2,-2,-2,-2,-2,-2,-2,-2,-2,-2,-2,-2,-2,-2,-2,-2,-2,-2,-2,-2,-2,-2,-2,4,-2,-2,-2,-2,-2,-2,-2,3,-2,-2,-2,3,-2,-2,3,-2 
"kaupO","hibcla",-2,-2,-2,-2,-2,-2,-2,-2,-2,-2,-2,-2,-2,-2,-2,-2,-2,-2,-2,-2,-2,-2,-2,-2,-2,-2,-2,-2,-2,-2,-2,-2,-2,-2,-2,-2,2,2,-2,3,-2,-2,-2,-2,-2,-2,-2,-2,-2,-2,2,-2,-2,-2,-2,-2,-2,-2,-2 
"kauaO","hibwoo",-2,-2,-2,-2,-2,-2,-2,-2,-2,-2,-2,-2,-2,-2,-2,-2,-2,-2,3,-2,-2,-2,-2,-2,-2,-2,-2,-2,-2,-2,-2,-2,-2,-2,-2,-2,2,3,2,-2,-2,2,-2,-2,-2,2,-2,-2,-2,-2,1,-2,4,-2,3,-2,-2,3,-2 
"hawwR","himmex",4,4,-2,4,4,4,-2,4,-2,-2,-2,4,-2,-2,-2,-2,-2,1,-2,-2,-2,4,-2,-2,4,-2,-2,-2,-2,-2,-2,-2,-2,4,-2,-2,-2,4,-2,3,-2,4,-2,-2,-2,-2,-2,3,-2,-2,-2,4,4,-2,-2,-2,-2,-2,-2 
"flscO","hypcum",4,4,-2,-2,4,-2,-2,-2,-2,4,-2,-2,-2,-2,-2,-2,4,-2,-2,-2,-2,-2,-2,-2,-2,-2,-2,-2,-2,-2,-2,-2,-2,-2,-2,-2,-2,-2,-2,-2,-2,4,-2,-2,-2,-2,-2,-2,-2,4,4,-2,4,-2,-2,-2,-2,-2,-2 
"smalR","isomed",4,4,-2,4,4,-2,-2,-2,-2,-2,-2,-2,-2,-2,-2,-2,-2,-2,4,-2,-2,-2,-2,-2,-2,-2,-2,-2,-2,-2,-2,-2,-2,-2,-2,-2,-2,-2,-2,-2,-2,-2,-2,4,4,-2,-2,-2,-2,4,-2,-2,-2,-2,-2,-2,-2,-2,-2 
"beacO","jacrec",4,4,-2,-2,4,4,-2,-2,-2,-2,-2,-2,-2,-2,-2,-2,-2,-2,-2,4,-2,-2,-2,-2,-2,-2,-2,-2,-2,-2,-2,-2,-2,2,-2,-2,4,-2,-2,-2,-2,4,-2,-2,-2,-2,-2,-2,-2,4,4,4,-2,-2,-2,-2,4,4,-2 
"oahpO","labcyr",-2,-2,-2,-2,-2,-2,-2,-2,-2,-2,-2,-2,-2,-2,-2,-2,-2,-2,-2,-2,-2,-2,-2,-2,-2,-2,-2,-2,-2,-2,-2,-2,-2,-2,-2,-2,4,4,-2,-2,-2,4,-2,-2,-2,-2,-2,-2,-2,-2,3,-2,-2,-2,4,-2,-2,3,-2 
"pinkO","lamabr",-2,-2,-2,-2,4,4,-2,-2,-2,-2,-2,-2,4,4,4,-2,-2,4,-2,4,4,-2,-2,-2,-2,4,-2,4,4,-2,-2,-2,4,-2,-2,4,-2,-2,-2,-2,-2,-2,-2,-2,-2,-2,-2,-2,4,-2,-2,-2,-2,4,-2,-2,-2,-2,-2 
"snakO","lanxsp",-2,-2,-2,4,-2,-2,-2,4,-2,-2,-2,4,4,-2,-2,-2,-2,-2,3,-2,4,4,-2,4,-2,-2,4,4,4,-2,-2,-2,-2,4,-2,-2,3,3,-2,-2,-2,-2,-2,-2,-2,-2,-2,-2,-2,-2,-2,-2,-2,-2,-2,-2,4,-2,-2 
"caroO","lasdec",-2,4,-2,-2,-1,4,-2,-2,-2,-2,-2,-2,4,-2,4,-2,-2,-2,3,-1,4,-2,-2,-2,-2,4,-2,4,4,-2,-2,-2,-2,4,-2,-2,3,-2,-2,-2,-2,-2,-2,-2,-2,-2,-2,-2,-2,-2,-2,-2,-2,-2,-2,-2,-2,3,-2 
"praiO","leslep",4,-2,4,-2,4,-2,4,-2,-2,-2,-2,-2,-2,-2,-2,-2,4,-2,-2,-2,-2,-2,-2,-2,-2,-2,-2,-2,-2,-2,-2,-2,-2,4,-2,-2,-2,4,-2,-2,-2,-2,-2,4,4,-2,-2,-2,-2,4,4,-2,4,-2,-2,-2,-2,-2,-2 
"flscR","liaohl",-1,-1,-2,2,2,-2,-2,-2,-2,1,-2,-2,-2,-2,-2,-2,1,-2,-2,-2,-2,-2,-2,-2,-2,-2,-2,-2,-2,-2,-2,-2,2,2,-2,-2,-2,-2,-2,-2,-2,-2,3,-2,-2,-2,-2,-2,-2,-2,2,-2,-2,-2,3,-2,-2,-2,4 
"kaupO","lipfau",-2,-2,-2,-2,-2,-2,-2,-2,-2,-2,-2,-2,-2,-2,-2,-2,1,-2,-2,-2,-2,-2,-2,-2,-2,-2,-2,-2,-2,-2,-2,-2,-2,-2,-2,-2,2,2,-2,3,-2,-2,-2,-2,-2,-2,-2,-2,-2,-2,2,-2,-2,-2,-2,-2,-2,-2,-2 
"oahpO","loboah",-2,-2,-2,-2,-2,-2,-2,-2,-2,-2,-2,-2,-2,-2,-2,-2,1,-2,3,2,-2,-2,-2,-2,-2,-2,-2,-2,-2,-2,-2,-2,-2,-2,-2,-2,4,4,-2,-2,-2,4,-2,-2,-2,-2,-2,-2,-2,-2,-2,-2,-2,-2,3,-2,-2,3,2 
"flscR","lupari",4,4,4,-2,4,-2,-2,-2,-2,4,-2,-2,-2,-2,-2,-2,4,-2,4,4,-2,-2,-2,-2,-2,-2,-2,-2,-2,-2,-2,-2,-2,-2,-2,-2,3,-2,-2,-2,-2,-2,-2,-2,-2,-2,-2,4,-2,-2,-2,-2,-2,-2,-2,-2,-2,-1,-2 
"lotiO","lycarg",-2,-2,-2,3,-2,-2,-2,-2,-2,-2,-2,-2,-2,3,-2,-2,-2,-2,4,-2,-2,-2,-2,-2,-2,-2,-2,-2,-2,-2,-2,-2,-2,-2,-2,-2,-2,-2,-2,-2,-2,-2,-2,-2,-2,-2,-2,-2,-2,3,4,-2,-2,-2,-2,1,4,-2,4 
"roleO","lysasp",4,4,-2,-2,-1,-2,-2,-2,-2,-2,4,-2,4,-1,-2,-2,-2,-2,-2,-2,-2,-2,-2,-2,-2,-2,-2,-2,-2,-2,-2,-2,-2,-2,-2,-2,-2,-2,-2,-2,-2,-2,-2,-2,-2,-2,-2,-2,-2,-2,4,4,-2,4,-2,-2,-2,-2,-1 
"apalO","macalb",-2,-2,-2,-2,-2,-2,-2,-2,-2,-2,4,-2,4,4,-2,-2,-2,-2,4,-2,-2,-2,-2,-2,-2,-2,4,-2,-2,-2,-2,-2,-2,4,-2,-2,-2,-2,-2,-2,-2,4,-2,-2,-2,-2,-2,-2,-2,-2,4,-2,4,-2,-2,-2,-2,-2,-2 
"mohrO","marmoh",-2,-2,-2,4,4,-2,4,-2,-2,-2,4,-2,-2,-2,-2,-2,-2,-2,3,-2,-2,-2,-2,-2,-2,-2,-2,-2,-2,-2,-2,-2,-2,-2,-2,-2,4,-2,-2,-2,-2,-2,-2,-2,-2,-2,-2,-2,-2,4,4,4,4,-2,-2,-2,-2,-2,3 
"kaupO","melpal",-2,-2,-2,-2,-2,-2,-2,-2,-2,-2,-2,-2,-2,-2,-2,-2,-2,-2,-2,-2,-2,-2,-2,-2,-2,-2,-2,-2,-2,-2,-2,-2,-2,-2,-2,-2,4,-2,-2,-2,-2,4,-2,-2,4,-2,-2,-2,-2,-2,4,-2,-2,-2,4,-2,-2,4,-2 
"oahpO","melsai",-2,-2,-2,-2,-2,-2,-2,-2,-2,-2,-2,-2,-2,-2,-2,-2,-2,-2,-2,4,-2,-2,-2,-2,-2,-2,-2,-2,-2,-2,-2,-2,-2,-2,-2,-2,4,4,-2,-2,-2,4,-2,-2,-2,-2,-2,-2,-2,-2,4,-2,-2,-2,4,-2,-2,4,-2 
"armaO","miccal",4,4,4,3,4,-2,-2,-2,-2,-2,-2,-2,-2,-2,-2,-2,4,-2,-2,-2,-2,-2,-2,4,4,-2,-2,-2,-2,-2,-2,-2,-2,-2,-2,-2,4,4,-2,-2,-2,4,-2,-2,-2,-2,-2,-2,-2,-2,4,4,4,-2,-2,-2,4,-2,-2 
"hualO","micmex",-2,-2,-2,-2,1,4,-2,-2,-2,-2,-2,-2,-2,-2,-1,-2,4,-2,-2,4,-2,-2,-2,-2,-2,-2,4,-2,-2,-2,-2,-2,-2,-2,-2,-2,-1,-1,-2,-2,-2,4,-2,-2,-1,-2,-2,-2,-2,-2,-1,4,-2,-1,-1,4,4,-2,-1 
"blacR","musnig",-2,-2,-2,-2,-2,-2,-2,1,-2,-2,-2,-2,-2,-2,-2,-2,-2,-2,-2,-2,-2,-2,-2,-2,-2,-2,-2,-2,-2,-2,-2,-2,-2,4,-2,-2,-2,-2,-2,4,-2,-2,-2,-2,-2,-2,4,-2,-2,-2,-2,-2,-2,-2,4,-2,-2,4,-2 
"kaufO","myapal",-2,4,-2,-2,4,-2,-2,-2,-2,-2,-2,-2,4,-2,-2,-2,1,4,-1,-2,3,-2,-2,-2,-2,-2,-2,-2,-2,-2,-2,-2,-2,-2,-2,-2,-1,4,-2,4,4,4,-2,4,-2,-2,-2,-2,-2,-2,-1,-2,-2,-1,-1,-2,-2,-2,2 
"woodO","mycame",-2,2,-2,-1,-2,-2,-2,-2,-2,-2,-2,-2,-2,-2,-2,-2,-2,-2,-2,-2,2,1,2,-2,2,2,-2,-2,-2,-2,-2,-2,-2,1,-2,-2,-2,-2,-2,-2,-2,-2,-2,-2,1,-2,-2,-2,-2,-2,-2,2,-2,-2,-2,-2,-2,-2,-2 
"indiR","myosod",-2,-2,-2,-2,-2,4,-2,4,-2,-2,-2,-2,-2,4,4,-2,-2,-2,4,-2,-2,4,-2,-2,-2,-2,-2,-2,-2,-2,-2,-2,-2,4,-2,-2,-2,-2,-2,-2,-2,-2,-2,-2,-2,-2,4,-2,-2,-2,-2,-2,-2,4,-2,4,4,4,-2 
"oahpO","nothum",-2,-2,-2,-2,-2,4,-2,-2,-2,-2,-2,-2,-2,-2,-2,-2,4,-2,-2,-2,-2,-2,-2,-2,-2,-2,-2,-2,-2,-2,-2,-2,-2,-2,-2,-2,4,4,-2,-2,-2,4,-2,-2,-2,-2,-2,-2,-2,-2,4,-2,-2,-2,-2,-2,-2,3,-2 
"capeO","notmek",-2,-2,-2,3,3,3,-2,-2,-2,-2,-2,-2,-2,-2,-2,-2,-2,-2,-2,-2,4,-2,3,-2,-2,-2,-2,3,3,-2,-2,-2,-2,-2,-2,3,-2,-1,-2,-2,-2,-2,-2,-2,-2,-2,-2,-2,-2,-2,-2,4,-2,-2,-2,-2,-2,3,-2 
"neosO","notpla",-2,-2,-2,-2,-2,-2,-2,-2,-2,-2,-2,-2,-2,-2,-2,-2,-2,-2,-2,4,4,4,-2,-2,-2,-2,-2,4,4,-2,-2,-2,-2,4,-2,-2,-2,-2,-2,-2,-2,-2,-2,3,-2,-2,-2,-2,-2,-2,-2,4,-2,-2,-2,-2,4,-2,-2 
"ringO","oboret",-2,-2,-2,-2,-2,-2,-2,-2,-2,-2,-2,-2,-2,-2,-2,4,-2,4,-1,-2,4,-2,-2,-2,-2,4,-2,4,-2,-2,-2,-2,-2,-2,-2,-2,3,-2,-2,-2,-2,-2,-2,-2,-2,-2,-2,4,-2,-2,-2,4,-2,-2,-2,-2,-2,-2,-2 
"keydR","odvicl",3,3,-2,-2,3,3,-2,-2,-2,-2,-2,-2,-2,-2,-2,-2,-2,1,-2,-2,-2,-2,-2,3,-2,-2,2,-2,-2,-2,-2,-2,-2,-2,-2,-2,-2,4,-2,-2,-2,-2,-2,-2,-2,-2,-2,-2,-2,-2,-2,-2,-2,-2,-2,-2,-2,-2,-2 
"coluR","odvile",2,4,4,-2,4,-2,-2,-2,-2,-2,-2,-2,4,4,-2,-2,4,4,-2,-2,-2,-2,-2,-2,4,-2,-2,-2,-2,-2,-2,-2,-2,-2,-2,-2,3,4,-2,-2,-2,-2,-2,4,4,4,-2,4,3,1,1,4,4,-2,3,-2,4,-2,-2 
"antiR","oendel",-2,-2,-2,4,-2,-2,-2,-2,-2,-2,-2,-2,-2,-2,-2,-2,-2,-2,-2,4,-2,-2,-2,-2,-2,-2,-2,-2,-2,-2,-2,-2,-2,-2,-2,-2,4,-2,-2,-2,-2,4,-2,-2,-2,-2,-2,-2,4,-2,-2,-2,-2,4,-2,-2,-2,-2,2 
"arizR","oncapa",-2,-2,-2,-2,-1,-2,-2,-2,-2,-2,-1,-2,-2,4,4,-2,4,4,-2,-2,-2,-2,-2,-2,-2,-2,4,-2,4,-2,-2,-2,-2,2,-2,-2,4,4,-2,-2,-2,-2,4,-2,-2,-2,-2,-2,-2,4,4,3,4,4,4,-2,-2,-2,-2 
"grcuR","onccla",-2,-2,-2,-2,-2,-2,-2,3,-2,-2,3,-2,-2,3,3,-2,3,3,-2,-2,3,3,-2,-2,-2,-2,-2,-2,-2,-2,-2,-2,-2,-2,-2,-2,4,-2,-2,-2,-2,4,4,-2,-2,-2,-2,-2,-2,-2,-2,-2,-2,-2,-2,-2,-2,-2,-2 
"gilaR","oncgil",-2,-2,-2,-2,-2,-2,-2,-2,-2,-2,-2,-2,-2,-2,-2,-2,4,-2,-2,-2,-2,-2,-2,-2,-2,-2,-2,-1,-1,-1,-1,-2,-2,-2,-2,-2,4,-2,-2,-2,-2,4,1,-2,-2,-2,-2,-2,-2,-2,-2,-2,-2,-2,-2,-2,4,4,-2 
"nashR","orcsho",2,2,-2,-2,3,-2,2,-2,-2,-2,-2,-2,-2,-2,-2,-2,-2,-2,-2,-2,2,-2,-2,-2,-2,-2,2,-2,-2,-2,-2,-2,-2,2,-2,-2,-2,-2,-2,-2,-2,-2,-2,4,-2,-2,-2,-2,-2,-2,-2,-2,-2,-2,-2,-2,-2,3,-2 
"flscR","parcha",4,4,4,-2,4,-2,-2,-2,-2,4,-2,-2,-2,-2,-2,-2,-2,-2,-2,-2,-2,-2,-2,-2,-2,-2,-2,-2,-2,-2,-2,-2,4,-2,-2,-2,3,-2,-2,-2,-2,-2,-2,4,-2,-2,-2,-2,-2,4,4,-2,-2,-2,-2,-2,-2,-2,4 
"mamoO","parfla",-2,-2,-2,-2,-2,-2,-2,-2,-2,-2,-2,-2,1,-2,-2,-2,4,-2,-2,-2,-2,-2,-2,-2,-2,-2,-2,-2,-2,-2,-2,-2,-2,-2,-2,-2,-2,4,-2,4,4,4,-2,-2,-2,-2,-2,-2,-2,-2,1,-2,1,-2,-2,-2,-2,-2,-2 
"bradO","pedbra",-2,-2,-2,4,4,-2,-2,-2,-2,-2,-2,-2,-2,-2,3,-2,4,-2,4,4,-2,-2,-2,-2,-2,-2,-2,-2,-2,-2,-2,-2,-2,-2,-2,-2,-2,-2,-2,-2,-2,-2,-2,-2,-2,-2,-2,-2,-2,-2,-2,-2,-2,4,4,-2,4,-2,4 
"furbR","pedfur",4,4,4,4,-2,-2,-2,-2,-2,-2,-2,-2,-2,2,-2,-2,-2,-2,2,-2,3,-2,-2,-2,-2,-2,-2,-2,-2,-2,-2,-2,-2,-2,-2,-2,-2,-2,-2,-2,-2,-2,-2,-2,-2,-2,-2,-2,-2,4,-2,4,-2,-2,-2,-2,4,-2,4 
"prcrO","pellem",4,-2,-2,-2,-2,-2,-2,4,-2,-2,-2,-2,-2,-2,-2,-2,4,-2,-2,4,-2,-2,-2,-2,-2,-2,-2,-2,-2,-2,-2,-2,4,-2,-2,-2,-2,-2,-2,-2,-2,-2,-2,3,4,-2,-2,-2,-2,-2,-2,-2,-2,4,-2,-2,4,-2,-2 
"anasO","perpol",2,2,-2,-2,-2,-2,-2,-2,-2,-2,-2,-2,-2,-2,-2,-2,-2,-2,-2,4,-2,-2,-2,-2,-2,-2,-2,-2,-2,-2,-2,-2,4,-2,-2,-2,-2,-2,-2,-2,-2,-2,-2,-2,-2,-2,-2,-2,-2,-2,-2,-2,-2,-2,-2,-2,-2,-2,-2 
"snaiR","pertan",-2,-2,-2,-2,-2,3,-2,4,-2,-2,-2,-2,-2,4,4,-2,-2,-2,-2,-2,4,-2,4,-2,-2,4,-2,3,4,-2,-2,-2,-2,-1,-2,-2,-2,-2,-2,-2,-2,-2,-2,-2,-2,-2,-2,-2,-2,-2,-2,4,-2,-2,-2,-2,-2,-2,-2 
"lanaO","phygla",3,-2,-2,-2,-2,-2,-2,1,-2,-2,-2,-2,-2,-2,-2,-2,1,-2,3,4,-2,-2,-2,-2,-2,-2,-2,-2,-2,-2,-2,-2,-2,-2,-2,-2,4,-2,-2,3,-2,4,4,-2,-2,-2,-2,-2,4,-2,4,-2,-2,-2,4,-2,3,3,1 
"biadO","phyrac",-2,-2,-2,-2,-2,-2,-2,-2,-2,-2,-2,-2,-2,-1,-2,-2,-2,-2,-2,-2,-2,-2,-2,-2,-2,-2,-2,-2,-2,-2,-2,-2,-2,-2,-2,-2,-1,-2,-2,-2,-2,-1,-2,-2,-2,-2,-2,-2,-2,-2,-2,-2,-2,3,-2,-2,-2,-2,-2 
"redcR","picbor",-2,-2,-2,-2,-2,-2,-2,-2,-2,-2,4,-2,-2,4,-2,-2,-2,-2,-2,4,-2,-2,-2,-2,-2,-2,-2,-2,-2,-2,-2,-2,-2,-2,-2,-2,-2,-2,-2,-2,-2,-2,-2,3,-2,-2,-2,-2,-2,4,-2,-2,-2,4,3,-2,-2,3,-2 
"ropiO","pleple",-1,-2,-2,4,4,-2,-2,-2,-2,-2,-2,-2,4,4,4,4,-2,-1,-2,-2,4,-2,4,-2,-2,4,-2,4,4,-2,-2,-2,-2,4,-2,-2,-2,-2,-2,-2,-2,-2,-2,-2,-2,-2,-2,-2,-2,-2,-2,4,4,-2,-2,-2,-2,-2,-2 
"shenO","pleshe",-2,-2,-2,-2,-2,4,-2,-2,-2,-2,-2,-2,-2,-2,-2,-2,-2,-2,-2,4,-2,-2,-2,-2,-2,-2,-2,-2,-2,-2,4,-2,-2,4,4,-2,-2,-2,-2,-2,-2,4,-2,4,-2,-2,-2,-2,-2,4,-2,-2,-2,-2,-2,-2,-2,-2,-2 
"fishR","poeocc",-2,-2,-2,-2,-2,-2,-2,-2,-2,-2,-2,-2,-2,-2,4,-2,4,-2,-2,-2,-2,4,-2,4,-2,-2,-2,-2,-2,-2,-2,-2,-2,-2,-2,-2,-2,4,-2,-2,-2,-2,-2,-2,-2,-2,-2,-2,-2,-2,-2,4,-2,-2,-2,-2,-2,-2,-2 
"cavpO","pognud",4,4,-2,4,4,-2,-2,-2,-2,-2,-2,-2,4,-2,-2,-2,4,-2,3,4,-2,-2,-2,-2,-2,-2,4,-2,-2,-2,-2,-2,4,-2,-2,4,4,-2,-2,-2,-2,4,-2,4,-2,-2,-2,-2,-2,-2,4,4,4,-2,4,-2,4,4,-2 
"flscR","polbas",4,4,-2,-2,4,1,-2,-2,-2,4,-2,-2,-2,-2,-2,-2,-2,-2,1,2,-2,-2,-2,-2,-2,-2,-2,-2,-2,-2,-2,-2,4,-2,-2,-2,4,-2,-2,-2,-2,-2,-2,-2,-2,-2,-2,-2,-2,-2,4,-2,2,-2,-2,-2,-2,-2,-2 
"fatpR","potcap",-2,-2,-2,-2,-2,-2,-2,-2,-2,-2,-2,-2,-1,-2,-2,-2,-2,-2,-2,-2,-2,-1,-1,-2,-2,-1,-2,-1,-2,-2,-2,-2,-2,-2,-2,-2,-2,-2,-2,-2,-2,-2,-2,-2,-2,-2,-2,-2,-2,-2,-2,-2,-2,-1,-2,-2,-2,-2,-2 
"littO","potcly",-2,-2,-2,-2,-2,-2,-2,-2,-2,-2,-2,-2,-2,-2,-2,-2,-2,-2,-2,-2,3,3,3,-2,-2,-2,-2,-2,3,-2,-2,-2,-2,-2,-2,-2,-2,-2,-2,-2,-2,-2,-2,3,4,-2,-2,3,-2,-2,-2,4,-2,3,3,-2,4,-2,-2 
"flscR","prugen",2,2,-2,-2,2,1,-2,-2,2,-2,-2,-2,-2,-2,-2,-2,-2,-2,4,2,-2,-2,-2,-2,-2,-2,-2,-2,-2,-2,-2,-2,2,-2,-2,-2,-2,-2,-2,-2,-2,2,-2,-2,-2,-2,-2,-2,-2,-2,4,-2,2,-2,-2,-2,-2,-2,-2 
"guamO","ptemar",-2,4,-2,-2,-2,-2,1,-2,-2,-2,-2,-2,-2,-2,-2,-2,-2,-2,4,-2,-2,-2,-2,-2,-2,-2,-2,-2,-2,-2,-2,-2,-2,-2,-2,-2,3,4,-2,-2,-2,-2,-2,-2,-2,-2,-2,-2,-2,-2,-2,-2,4,-2,-2,-2,1,-2,-2 
"harpO","ptinod",-2,-2,3,-2,-2,-2,4,-2,-2,-2,4,-2,-2,4,4,-2,-2,-2,-2,-2,4,-2,-2,-2,-2,-2,3,4,4,-2,-2,-2,-2,4,-2,-2,4,-2,-2,-2,-2,-2,-2,-2,4,-2,-2,-2,4,-2,-2,4,-2,-2,-2,4,4,4,-2 
"coloR","ptyluc",-2,-2,-2,-2,-2,-2,-2,-2,-2,-2,-2,-2,-2,-2,-2,-2,-2,2,-2,4,4,4,-2,-2,-2,-2,-2,-2,-2,-2,-2,-2,-2,-2,-2,-2,4,-2,-2,-2,-2,-2,4,-2,-2,-2,-2,-2,-2,-2,-2,4,-2,-2,-2,-2,-2,-2,-2 
"flopR","pumcon",4,4,4,4,4,-2,-2,-2,-2,-2,-2,-2,4,-2,-1,-2,-2,4,-2,-2,-2,-2,-2,-2,-2,-2,-1,-2,-2,-2,-2,-2,-2,-2,-2,-2,-2,-2,-2,-2,-2,-2,-2,-2,-2,2,2,2,-2,-2,-2,-2,-2,-2,3,-2,-2,-2,4 
"alamO","pyrneo",-2,-2,-2,-2,-2,-2,-2,-2,-2,-2,-2,-2,-2,-2,-2,-2,-2,-2,3,-2,-2,4,-2,3,-2,-2,-2,3,3,-2,-2,-2,-2,-2,-2,-2,3,3,-2,-2,-2,-2,-2,-2,-2,-2,-2,-2,-2,-2,-2,3,-2,-2,-2,-2,-2,4,3 
"tombO","quasta",-2,-2,-2,-2,-2,4,-2,-2,-2,-2,-2,-2,-2,-2,-2,-2,-2,-2,-2,-2,4,-2,4,-2,-2,4,4,-2,4,-2,-2,-2,-2,4,-2,-2,-2,-2,-2,-2,-2,-2,-2,-2,-2,-2,-2,-2,-1,-2,-2,-2,-2,-2,-2,-2,-2,3,4 
"saltO","raloob",4,-2,-2,-2,-2,4,-2,4,-2,-2,-2,-2,-2,-2,-2,-2,-2,1,-2,-2,-2,-2,-2,-2,4,-2,1,4,4,-2,-2,-2,-2,4,-2,4,-2,-2,-2,-2,-2,4,-2,-2,-2,-2,-2,-2,-2,-2,-2,1,4,-2,-2,-2,4,-2,4 
"yumaO","raloyu",-2,-2,-2,-2,-2,-2,-2,-2,-2,-2,-2,-2,-2,-2,-2,-2,-2,-2,-2,-2,4,4,4,-2,4,4,-2,-2,-2,-2,-2,-2,-2,4,-2,-2,-2,-2,-2,-2,-2,4,-2,-2,4,-2,4,-2,-2,3,-2,4,-2,-2,-2,-2,4,-2,-2 
"selkR","rantar",-2,-2,-2,-2,4,-2,-2,-2,-2,-2,4,-2,-2,4,-2,-2,-2,4,-2,-2,-2,-2,-2,-2,-2,-2,-2,-2,-2,-2,-2,-2,-2,-2,-2,-2,-2,-2,-2,-2,-2,-2,-2,-2,4,-2,-2,-2,4,-2,-2,-2,4,-2,3,-2,-2,-2,-2 
"kendO","rhiosc",-2,-2,-2,-2,4,-2,-2,-2,-2,-2,-2,-2,-2,-2,-2,-2,1,-2,1,-2,4,-2,-2,-2,-2,-2,-2,-2,-2,-2,-2,-2,-2,-2,-2,1,-2,-2,-2,-2,-2,-2,-2,-2,-2,-2,-2,-2,-2,-2,-2,-2,-2,-2,-2,-2,-2,-2,-2 
"chapO","rhocha",-2,-2,-2,-2,-2,1,-2,-2,-2,-2,2,-2,-2,-2,-2,-2,-2,-2,2,-2,-2,-2,-2,-2,-2,-2,-2,-2,-2,-2,-2,-2,-2,-2,-2,-2,-2,-2,-2,-2,-2,2,-2,-2,-2,-2,-2,-2,-2,2,2,2,-2,-2,-2,-2,-2,-2,-2 
"everR","rossoc",-2,4,-2,-2,-2,-2,-2,-2,-2,-2,-2,-2,4,-2,-2,-2,-2,4,-2,4,-2,-2,-2,-2,-2,-2,4,-2,4,-2,4,-2,-2,4,-2,-2,-2,-2,-2,-2,-2,4,-2,-2,-2,-2,4,-2,-2,-2,-2,4,-2,-2,3,-2,4,-2,-2 
"grpiR","sarore",3,-2,2,2,2,-2,2,2,2,2,2,-2,-2,2,-2,-2,2,-2,3,-2,-2,2,2,-2,-2,-2,-2,-2,-2,-2,-2,-2,-2,4,-2,-2,-2,-2,-2,-2,-2,2,-2,-2,-2,-2,-2,-2,-2,-2,2,2,2,-2,-2,-2,-2,-2,-2 
"pallO","scaalb",-2,-2,-2,-2,-2,-2,-2,-2,-2,-2,-2,-2,-2,-2,-2,-2,-2,4,-2,-2,4,-2,4,-2,-2,-2,-2,4,4,-2,-2,-2,-2,-2,-2,-2,-2,-2,-2,-2,-2,-2,-2,4,4,-2,4,-2,-2,-2,-2,4,-2,-2,-2,-2,-2,-2,4 
"maplO","schhal",-2,-2,-2,-2,-2,-2,-2,-2,-2,-2,-2,-2,-2,-2,-2,-2,1,-2,-2,-2,-2,-2,-2,-2,-2,-2,-2,-2,-2,-2,-2,-2,-2,-2,-2,-2,-1,4,-2,-2,-2,-2,3,-2,-2,-2,-2,-2,-2,-2,3,-2,-2,-2,2,-2,-2,3,-2 
"oahpO","schkaa",-2,-2,-2,-2,-2,-2,-2,-2,-2,-2,-2,-2,-2,-2,-2,-2,4,-2,-2,-2,-2,-2,-2,-2,-2,-2,-2,-2,-2,-2,-2,-2,-2,-2,-2,-2,4,4,-2,-2,-2,4,4,-2,-2,-2,-2,-2,-2,-2,4,-2,-2,-2,4,-2,-2,4,-2 
"oahpO","schkea",-2,-2,-2,-2,-2,-2,-2,-2,-2,-2,-2,-2,-2,-2,-2,-2,-2,-2,-2,-2,-2,-2,-2,-2,-2,-2,-2,-2,-2,-2,-2,-2,-2,-2,-2,-2,4,4,-2,-2,-2,-2,-2,-2,-2,-2,-2,-2,-1,-2,3,-2,-2,-2,-1,-2,-2,4,-2 
"kaupO","schspe",-2,-2,-2,-2,-2,-2,-2,-2,-2,-2,-2,-2,-2,-2,-2,-2,4,-2,-2,-2,-2,-2,-2,-2,-2,-2,-2,-2,-2,-2,-2,-2,-2,-2,-2,-2,4,-2,-2,-2,-2,-2,-2,-2,-2,-2,-2,-2,-2,-2,4,-2,-2,-2,-2,-2,-2,-2,-2 
"delmR","scinig",4,4,-2,-2,4,-2,4,-2,-2,-2,-2,-2,4,4,-2,-2,-2,4,-2,-2,-2,-2,-2,-2,-2,-2,-2,-2,-2,-2,-2,-2,-2,-2,-2,-2,4,4,-2,-2,-2,-2,-2,4,4,4,-2,-2,-2,4,-2,-2,4,-2,-2,-2,-2,-2,4 
"enruO","soldry",2,2,2,2,2,1,2,1,1,1,1,1,2,2,1,1,2,1,1,2,-2,-2,-2,-2,-2,-2,-2,-2,-2,-2,-2,-2,-2,-2,-2,-2,-2,-2,-2,-2,-2,-2,-2,-2,-2,-2,-2,-2,-2,1,-2,-2,2,-2,-2,-2,-2,-2,-2 
"hougO","solhou",-2,4,-2,-2,4,-2,-2,-2,-2,-2,-2,-2,-2,-2,-2,-2,-2,-2,-2,4,-2,-2,-2,-2,-2,-2,-2,-2,-2,-2,-2,-2,-2,-2,-2,-2,-2,-2,-2,-2,-2,-2,-2,-2,-2,-2,-2,-2,-2,-2,-2,4,-2,4,-2,-2,-2,-2,-2 
"alabR","spepou",4,-2,-2,-2,-2,-2,-2,-2,-2,-2,-2,-2,-2,-2,-2,-2,-2,-2,3,-2,-2,-2,-2,3,-2,-2,-2,3,4,-2,-2,-2,3,4,-2,3,-2,-2,-2,-2,-2,-2,-2,-2,-2,-2,-2,-2,-2,-2,-2,3,-2,4,-2,-2,-2,-2,-2 
"caleO","steant",-2,4,-2,-2,-2,-2,-2,-2,-2,-2,-2,-2,-2,-2,-2,-2,-2,-2,-2,4,-2,-2,-2,-2,4,-2,-2,-2,4,-2,-2,-2,-2,-2,-2,-2,-2,4,-2,-2,-2,-2,-2,-2,4,-2,-2,-2,4,-2,-2,4,-2,-2,-2,-2,4,-2,-2 
"kaupO","stecam",-2,-2,-2,-2,-2,-2,-2,-2,-2,-2,-2,-2,-2,-2,-2,-2,4,-2,2,-2,-2,-2,-2,-2,-2,-2,-2,-2,-2,-2,-2,-2,-2,-2,-2,-2,4,-2,-2,-2,-2,-2,-2,-2,-2,-2,-2,-2,-2,-2,2,-2,-2,-2,-2,-2,-2,-2,-2 
"mexiO","strocc",-2,4,-2,-2,4,-2,-2,-2,-2,-2,-2,-2,-2,4,4,4,4,-2,-2,4,-2,-2,-2,-2,-2,-2,-1,-2,-2,-2,-2,-2,-2,-2,-2,-2,-2,-2,-2,4,-2,-2,-2,-2,4,-2,2,-2,-2,-2,4,-2,-2,-2,-2,-2,-2,4,-2 
"loweO","sylpal",4,4,-2,-2,4,4,-2,-2,-2,-2,-2,-2,4,-2,-2,-2,-2,4,-2,4,-2,-2,-2,-2,-2,-2,-2,-2,-2,-2,-2,-2,-2,-2,-2,-2,-2,4,-2,-2,-2,4,-2,-2,-2,-2,4,-2,-2,-2,-2,-2,-2,-2,-2,-2,-2,-2,4 
"lanaO","tetrem",3,-2,-2,-2,-2,-2,-2,1,-2,-2,-2,-2,-2,-2,-2,-2,1,-2,-2,4,-2,-2,-2,-2,-2,-2,-2,-2,-2,-2,-2,-2,-2,-2,-2,-2,4,-2,-2,-2,-2,4,4,-2,-2,-2,-2,-2,-2,-2,3,-2,-2,-2,2,-2,2,3,3 
"karsO","texred",4,4,4,4,4,-2,-1,-1,-1,-1,-2,-2,-2,-2,-2,-2,4,-2,-2,-2,-2,4,-2,4,-2,-2,-2,-2,4,-2,-2,-2,-2,4,-2,-2,-2,4,-2,-2,-2,4,-2,-2,-2,-2,-1,-2,-2,-2,-2,-2,-2,-2,-2,-2,-2,-2,-2 
"coolO","thacoo",4,4,4,4,4,4,4,1,1,1,1,4,1,1,4,4,1,4,4,1,1,1,4,4,4,4,1,4,4,4,4,4,4,4,4,4,4,4,4,4,4,4,4,4,4,4,4,4,4,4,4,4,4,4,3,4,4,4,4 
"pedaO","theste",4,4,-2,-2,-2,-2,-2,-2,-2,-2,-2,-2,-2,-2,-2,-2,4,-2,-2,-2,4,-2,3,3,4,-2,-2,-2,-2,-2,-2,-2,-2,-2,-2,-2,3,4,-2,-2,-2,1,-2,-2,4,-2,-2,-2,-2,-2,-2,-2,-2,-2,-2,-2,1,-2,-2 
"soccO","thethe",-2,-2,-2,4,-2,-2,-2,-2,-2,-2,-2,-2,-2,-2,-2,-2,3,-2,-2,-2,-2,3,-2,-2,-2,3,4,-2,3,-2,-2,-2,-2,3,-2,-2,3,3,-2,-2,-2,-2,-2,-2,-2,-2,-2,-2,-2,-2,-2,-2,-2,-2,3,-2,4,4,3 
"prfeO","theyau",-2,-2,-2,-2,-2,4,-2,-2,-2,-2,-2,-2,-2,-2,-2,-2,-2,-2,3,-2,-2,-2,-2,-2,-2,-2,-2,-2,-2,-2,-2,-2,-2,-2,-2,-2,-2,-2,-2,-2,-2,-2,-2,-2,-2,-2,-2,-2,-2,-2,-2,-2,-2,-2,-2,-2,-2,3,-2 
"westR","triman",-2,4,-2,-2,-2,4,-2,-2,-2,-2,-2,-2,-2,-2,-2,-2,-2,4,-2,4,-2,-2,4,-2,-2,4,-2,4,4,-2,-2,-2,-2,4,-2,-2,-2,-2,-2,4,-2,-2,-2,-2,-2,4,-2,-2,-2,-2,-2,-2,-2,4,-2,-2,4,4,4 
"bariO","tritri",-2,4,-2,-2,3,-2,-2,-2,-2,-2,-2,-2,-2,4,-2,-2,-2,-2,-2,-2,-2,-2,-2,-2,-2,-2,-2,-2,-2,-2,-2,-2,-2,-2,-2,-2,-2,-2,-2,-2,-2,-2,-2,-2,-2,-2,-2,-2,-2,-2,-2,4,-2,-2,-2,-2,-2,-2,-2 
"attwR","tymcup",4,4,-2,-2,4,-2,4,4,-2,-2,-2,-2,-2,-2,-2,4,4,-2,-2,-2,-2,-2,-2,-2,-2,-2,-2,-2,-2,-2,-2,-2,-2,-2,-2,-2,-2,4,3,-2,3,-2,-2,3,4,-2,-2,3,-2,4,-2,-2,-2,-2,3,-2,4,4,-2 
"grizR","ursarc",-2,-2,4,-2,4,-2,-2,-2,-2,-2,-2,-2,-2,4,4,4,4,4,-2,4,-2,-2,-2,-2,-2,-2,-2,-2,-2,-2,-2,-2,-2,4,-2,-2,-2,-2,-2,-2,-2,-2,-2,-2,-2,-2,-2,-2,-2,-2,3,-2,-2,-2,3,3,-2,4,4 
"flscR","warcar",4,4,-2,-2,4,-2,-2,-2,4,-2,-2,-2,-2,-2,-2,-2,-2,-2,-2,4,-2,-2,-2,-2,-2,-2,-2,-2,-2,-2,-2,-2,4,-2,-2,-2,-2,-2,-2,-2,-2,-2,4,-2,-2,-2,-2,-2,-2,4,4,-2,-2,-2,-2,-2,-2,-2,-2 
"cachO","xanriv",-2,-2,-2,-2,-2,4,-2,-2,-2,-2,-2,-2,-2,-2,-2,-2,-2,-2,-2,-2,-2,-2,-2,-2,-2,-2,-2,-2,-2,-2,-2,-2,-2,-2,-2,-2,-2,4,-2,-2,-2,4,-2,-2,4,-2,-2,-2,-2,-2,-2,-2,-2,4,-2,-2,-2,-2,4 
"flscR","zizcel",2,2,-2,-2,2,-2,-2,-2,-2,2,-2,-2,-2,-2,-2,-2,-2,-2,2,-2,-2,-2,-2,-2,-2,-2,-2,-2,-2,-2,-2,-2,2,-2,-2,-2,2,-2,-2,-2,-2,-2,-2,-2,-2,-2,-2,-2,-2,-2,4,-2,2,-2,3,-2,-2,-2,-2 
"edwaR","ziztex",2,-2,-2,-2,-2,-2,-2,2,-2,-2,-2,-2,-2,-2,-2,-2,-2,2,-2,-2,4,4,4,4,-2,-2,-2,4,4,-2,4,-2,4,4,-2,-2,2,-2,-2,-2,-2,-2,-2,-2,-2,-2,-2,-2,-2,-2,-2,-2,-2,-2,-2,-2,4,4,-2 
