"PLAN","SPECIES","173S","174S","175S","176S","177S","178S","179S","180S","181S","182S","183S","184S","185S","186S","187S","188S","189S","190S","191S","192S","193S","194S","195S","196S","197S","198S","199S","200S","201S","202S","203S","204S","205S","206S","207S","208S","209S","210S","211S","212S","213S","214S","215S","216S","217S","218S","219S","220S","221S","222S","223S","224S","225S","226S","227S","228S","229S","230S","231S"
"largO","abrmac",-1,-1,-2,-1,-1,-1,-2,-2,-2,-2,-2,-2,-2,-2,-2,-1,-2,-2,-1,-1,-2,-2,-2,-2,-2,-2,-2,-2,-2,-2,-2,-2,-2,-2,-2,-2,-2,-2,-2,-2,-2,-1,-1,-2,-1,-2,-2,-2,-1,-1,-1,-2,-1,-2,-1,-2,-1,-2,-2 
"lanaO","abuere",-2,-2,-2,-2,-2,-2,-2,-2,-2,-2,-2,-2,-2,-2,-2,-2,3,-2,-2,-2,-2,-2,-2,-2,-2,-2,-2,-2,-2,-2,-2,-2,-2,-2,-2,-2,3,3,-2,-2,-2,3,-2,-2,-2,-2,-2,-2,3,-2,3,-2,-2,-2,3,-2,-2,-2,-2 
"oahpO","abusan",-2,-2,-2,-2,-2,-2,-2,-2,-2,-2,-2,-2,-2,-2,-2,-2,3,1,1,3,-2,-2,-2,-2,-2,-2,-2,-2,-2,-2,-2,-2,-2,-2,-2,-2,2,3,2,2,2,2,-2,-2,-2,1,-2,-2,-2,-2,2,-2,-2,-2,-2,-2,-2,-2,-2 
"prraO","accstr",-2,-2,-2,-2,3,3,-2,-2,-2,-2,-2,-2,-2,3,-2,-2,-2,1,1,3,-2,-2,-2,-2,-2,-2,-2,-2,-2,-2,-2,-2,-2,-2,-2,-2,-2,-2,-2,-2,-2,-2,-2,1,-2,3,-2,-2,-2,-2,-2,-2,-2,-2,-1,-2,-2,3,-2 
"oahtO","achlil",-2,-2,3,-2,-2,2,3,-2,-2,-2,-2,-2,-2,-1,-2,-2,3,-2,3,-2,-2,-2,-2,-2,-2,-2,-2,-2,-2,-2,-2,-2,-2,-2,-2,-2,-2,3,-2,-1,-2,3,-2,-2,-2,-2,-2,-2,-2,-2,-2,-2,2,-2,-2,-2,3,-2,-2 
"nighO","acrlus",2,-2,2,-2,-2,-2,-2,-2,-2,-2,-2,-2,3,-2,-2,-2,-2,-2,-2,-2,-2,-2,-2,-2,3,-2,-2,-2,-2,-2,-2,-2,-2,1,-2,-2,-2,3,-2,-2,-2,3,-2,-2,-2,-2,-2,-2,-2,-2,1,-2,-2,-2,-2,-2,-2,-2,-2 
"sensO","aesvir",3,3,-2,-2,3,3,-2,-2,-2,-2,-2,-2,2,3,3,-2,-2,-2,-2,3,3,2,3,-2,3,3,3,-2,-2,-2,-2,-2,-2,3,-2,-2,2,2,-2,-2,-2,-2,-2,1,1,-2,-2,-2,-2,-2,-2,-2,-2,-2,-2,1,3,-2,-2 
"dwweO","alahet",2,2,-2,-2,3,-2,3,-2,-2,-2,-2,-2,-2,3,-2,-2,-2,-2,3,-2,3,-2,-2,-2,-2,-2,-2,-1,3,-2,-2,-2,-2,3,2,-2,3,-2,-2,-2,-2,-2,-2,-2,-2,-2,-2,-2,-2,-2,-2,3,-2,-2,-1,-2,-2,-2,-2 
"maplO","alemac",-2,-2,-2,-2,-2,-2,-2,-2,-2,-2,-2,-2,-2,-2,-2,-2,3,-2,2,-2,-2,-2,-2,-2,-2,-2,-2,-2,-2,-2,-2,-2,-2,-2,-2,-2,3,3,3,-2,2,3,-2,-2,-2,-2,-2,-2,3,-2,3,-2,-2,2,3,-2,-2,3,-2 
"kauaO","alslyc",-2,-2,-2,-2,-2,-2,-2,-2,-2,-2,-2,-2,-2,-2,-2,-2,-2,-2,1,2,-2,-2,-2,-2,-2,-2,-2,-2,-2,-2,-2,-2,-2,-2,-2,-2,2,2,-2,-2,-2,3,-2,-2,-2,-2,-2,-2,-2,-2,-2,-2,-2,-2,2,-2,2,2,-2 
"oahpO","alsobo",-2,-2,-2,-2,-2,-2,-2,-2,-2,-2,-2,-2,-2,-2,-2,-2,3,1,1,3,-2,-2,-2,-2,-2,-2,-2,-2,-2,-2,-2,-2,-2,-2,-2,-2,2,3,2,2,2,2,-2,-2,-2,-2,-2,-2,-2,-2,-2,-2,-2,-2,-2,-2,-2,-2,-2 
"kauaO","alsvis",-2,-2,-2,-2,-2,-2,-2,-2,-2,-2,-2,-2,-2,-2,-2,-2,3,-2,-1,-2,-2,-1,-2,-2,-2,-2,-2,-2,-2,-2,-2,-2,-2,-2,-2,-2,3,3,-2,-2,-2,2,-2,-2,-2,-2,-2,-2,-2,-2,-2,-2,-2,-2,-2,-2,-2,-1,-2 
"prpaO","amavit",-2,-2,-2,-2,-2,-1,-2,-2,-2,-2,-2,-2,-2,3,-2,-2,-2,3,3,2,-2,-2,-2,-2,-2,-2,-2,-2,-2,-2,-2,-2,-2,-2,-2,-1,-1,-1,-2,-2,-1,-2,-1,3,-2,3,3,-2,-2,-2,-2,-2,-2,-2,-2,-2,2,3,-2 
"ashmO","ambama",-2,3,-2,-2,3,-2,3,-2,-2,-2,-2,-2,-2,-2,2,-2,-2,-2,-2,-2,-2,3,-2,3,-2,-2,-2,-2,-2,-2,-2,-2,-2,-2,-2,-2,-2,-2,-2,-2,-2,2,-2,-2,-2,-2,-2,-2,-2,-2,-2,2,3,2,-2,-2,-2,3,-2 
"ozarR","ambros",-2,1,-2,-2,-2,3,-2,-2,-2,-2,-2,-2,-2,-2,-1,-2,-2,-2,3,2,3,-2,-2,3,-2,-2,-2,-2,-2,-2,-2,-2,2,2,-2,-2,-2,-2,-2,-2,-2,-2,-2,-2,-2,-2,1,-2,1,-2,-2,3,-2,-2,-2,-2,-2,3,-2 
"sonoR","antame",-2,-1,-2,-2,2,-1,-2,-2,-2,-2,-2,-2,-2,-2,-1,-2,2,2,-2,-2,-2,2,-2,-2,-2,-2,-2,-2,-2,-2,-2,-2,-2,-2,-2,-2,2,-2,-2,-2,-2,-2,-2,-2,3,-2,-2,-1,-2,-2,-2,-2,2,-2,3,-2,2,-2,-2 
"antiR","apomor",3,-2,-2,3,-2,3,-2,-2,3,-2,-2,-2,-2,-2,3,-2,2,-2,-2,2,-2,-2,-2,-2,-2,-2,-2,-2,-2,-2,-2,-2,-2,-2,-2,-2,-2,-2,-2,-2,-2,-2,2,-2,-2,-2,3,-2,-2,-2,-2,-2,-2,-2,-2,-2,-2,3,-2 
"raveO","archoo",-2,-2,-2,-2,-2,-2,-2,-2,-2,-2,-2,-2,-2,-2,-2,-2,-2,-2,-2,-2,-2,-2,-2,-2,-2,-2,-2,-2,-2,-2,-2,-2,-2,-2,-2,-2,-1,-2,-2,-2,-2,3,-2,-2,-2,-2,-2,-2,-2,-2,3,-2,-2,-2,-2,-2,-2,3,-2 
"dwbeO","archum",-2,3,-2,-2,3,-2,-2,-2,-2,-2,-2,-2,-2,-2,3,-2,-2,-2,1,3,-2,-2,-2,-2,-2,-2,-2,-2,-2,-2,-2,-2,-2,-2,-2,-2,-2,-2,-2,-2,-2,-2,-2,-2,-2,-2,-2,-2,-2,-2,-2,-2,-2,-2,-2,-2,-2,-2,-2 
"fourO","arcmor",-2,3,-2,2,2,-1,-2,-2,-2,-2,-2,-2,-2,-2,-2,-2,-2,-2,-2,-2,-2,-2,-2,-2,-2,-2,-2,-2,-2,-2,-2,-2,-2,-2,-2,-2,2,-2,-2,-2,-2,2,-2,-2,-2,-2,-2,-2,-2,-2,2,-2,-2,-2,2,-2,-2,3,-2 
"maunO","argsan",-2,-2,-2,-2,-2,-2,-2,-2,-2,-2,-2,-2,-2,-2,-2,-2,-2,3,-2,-2,-2,-2,-2,-2,-2,-2,-2,-2,-2,-2,-2,-2,-2,-2,-2,-2,-2,3,-2,-2,-2,3,-2,-2,-2,-2,-2,-2,-2,-2,-2,-2,-2,-2,3,-2,-2,3,-2 
"anthO","athant",-2,-2,-2,-2,-2,2,-2,-2,-2,-2,-2,-2,2,2,3,-2,-2,-2,-2,-2,3,-2,-2,-2,-2,3,2,3,3,-2,-2,-2,-1,-2,-2,-2,-2,-2,-2,-2,-2,-2,-2,-2,-1,-1,-2,-1,-2,-2,-2,-2,-2,-2,-2,-2,-2,-2,-2 
"virgR","betube",-2,-2,-2,-2,2,-2,-2,-2,-2,-2,-2,-2,-2,-2,-2,-2,-1,-2,1,2,-2,-2,-2,-2,-2,-2,-2,-2,-2,-2,-2,-2,-2,-2,-2,-2,-2,-2,-2,-2,-2,-2,-2,-2,-2,-2,-2,1,1,2,-2,-2,-2,-2,-2,-2,-2,-2,-2 
"flscR","bongra",3,3,-2,-2,2,-2,-2,-2,-2,3,-2,-2,3,-2,-2,-2,-2,-2,1,-2,-2,-2,-2,-2,-2,-2,-2,-2,-2,-2,-2,-2,2,-2,-2,-2,3,-2,-2,-2,-2,-2,-2,-2,-2,-2,-2,-2,-2,3,2,-2,-2,-2,-2,-2,-2,-2,3 
"aleuR","bracan",-2,-1,-2,-2,-2,-2,-2,-2,-2,-2,-2,-2,-2,-2,-2,-2,-2,3,-2,-2,-2,-2,-2,-2,-2,-2,-2,-2,-2,-2,-2,-2,-2,-1,-2,-2,-2,3,-2,-1,-2,-2,-2,-1,3,-2,-2,-2,-2,-2,-2,-2,-1,-2,-2,-2,-2,-1,-1 
"cavpO","brasan",3,3,-2,3,3,-2,-2,-2,-2,-2,-2,-2,3,-2,-2,-2,3,-2,-2,-2,-2,-2,-2,-2,-2,-2,3,3,3,-2,-2,-2,1,3,-2,-2,-2,2,-2,-2,-2,-1,-2,3,-2,-2,-2,-2,-2,-2,-2,3,3,-2,-1,-2,2,2,3 
"kaupO","briins",-2,-2,-2,-2,-2,-1,-2,-2,-2,-2,-2,-2,-1,-2,-2,-2,-2,-2,3,-2,-2,-2,-2,-2,-2,-2,-2,-2,-2,-2,-2,-2,-2,-2,-2,-2,3,3,-1,-2,-2,3,3,-2,-2,-2,-2,-2,3,-2,3,-2,-2,-2,3,-2,-2,3,3 
"palmO","calriv",-1,-1,-1,-1,3,-2,2,-2,2,-2,-2,-2,-1,3,3,-2,-1,-2,-2,-2,-2,-2,-2,-2,-2,-2,-2,-2,-2,-2,-2,-2,-2,-2,-2,-2,-2,-1,-2,-2,-2,-2,-2,-2,-2,-2,-2,-2,-2,-2,2,3,2,-2,-2,-2,-2,-2,-2 
"grayO","canlup",-2,-2,-2,-2,-2,-2,-2,-2,-2,-2,-2,-2,-2,-2,-2,-2,-2,-2,-2,-2,-2,-2,-2,-2,-2,-2,-2,-2,-2,-2,-2,-2,-2,-2,-2,-2,-2,-2,-2,-2,-2,-2,-2,-2,-2,-2,-1,-1,2,-2,-2,-2,-2,-2,-2,-2,-2,-2,-2 
"eastR","canlup",-2,-2,-2,3,3,-2,-2,-2,-2,-2,-2,-2,-2,3,2,-2,3,3,-2,-2,-2,-2,-2,-2,-2,-2,-2,-2,-2,-2,-2,-2,-2,-2,-2,-2,-2,-2,-2,3,-2,3,-2,-2,-2,-2,3,-2,-2,-2,-2,-2,-2,-2,-2,-2,-2,-2,-2 
"redwR","canruf",-2,-2,-2,-2,2,-2,-2,-2,-2,-2,-2,-2,-2,3,3,-2,-2,-2,-2,-2,-2,-2,-2,-2,-2,-2,-2,-2,-2,-2,-2,-2,-2,-2,-2,-2,-2,-2,-2,-2,-2,-2,-2,3,3,-2,-2,-2,-2,-2,-2,-2,-2,-2,-2,-2,-2,-2,-2 
"ashmO","cennam",3,3,-2,-2,3,-2,-2,3,-2,-2,-2,-2,-2,-2,3,-2,-1,-2,-2,-2,2,3,-2,3,-2,-2,-2,-2,-2,-2,-2,-2,-2,-2,-2,-2,2,-2,-2,-2,-2,2,2,-2,-2,-2,-2,-2,-2,-2,-2,-2,-2,-2,-2,-2,-2,-1,-2 
"cuiuR","chacuj",-2,-2,-2,-2,-2,-2,-2,3,-2,-2,-2,-2,-2,3,-2,-2,2,-2,-2,-2,3,3,-2,-2,-2,-2,-2,3,3,-2,-2,-2,-2,-2,-2,-2,-2,-2,-2,-2,-2,-2,-2,-2,2,-2,-2,-2,-2,-2,-2,3,3,-2,2,-2,2,3,-2 
"pineO","chagar",3,3,-2,-2,-2,-2,-2,3,-2,-2,-2,-2,-2,-2,-2,-2,-2,-2,-2,-2,-2,-2,-2,-2,-2,-2,-2,-2,-2,-2,-2,-2,-1,-2,-2,-2,3,-2,-2,-2,-2,3,-2,-2,-2,-2,-2,-2,-2,2,2,-2,-2,-2,-2,-2,-2,-2,-2 
"oahpO","charoc",-2,-2,-2,-2,-2,-2,-2,-2,-2,-2,-2,-2,-2,-2,-2,-2,-2,-2,-2,-2,-2,-2,-2,-2,-2,-2,-2,-2,-2,-2,-2,-2,-2,-2,-2,-2,3,-2,-2,-2,-2,3,-2,-2,-2,-2,-2,-2,-2,-2,-2,-2,-2,-2,-2,-2,-2,-2,-2 
"flogO","chrflo",-2,3,-2,-2,-2,2,-2,-2,-2,-2,-2,-2,2,-2,-1,-2,-1,-2,1,-1,-2,-2,-2,-2,-2,-2,-2,-2,-2,-2,-2,-2,-2,-2,-2,-2,-2,-2,-2,-2,-2,-2,-2,-2,-2,-2,-2,-2,-2,-2,3,-2,-2,-2,-2,-2,-2,-2,3 
"nortO","cicdor",3,3,-2,-2,-2,3,-2,-2,-2,-2,-2,-2,-2,-2,-2,-2,-2,-2,-2,-2,-2,-2,-2,-2,-2,-2,-2,-2,-2,-2,-2,-2,-2,-2,-2,-2,-2,-2,-2,-2,-2,-2,-2,-2,-2,-2,-2,-2,-2,-2,-2,-2,-2,-2,-2,-2,-2,-2,-2 
"maskR","colvir",-2,-2,3,-2,-2,-2,-2,-2,-2,-2,-2,-2,-2,-2,-2,-2,3,-2,-2,-2,-2,-2,-2,-2,-2,-2,-2,-2,-2,-2,-2,-2,-2,-2,-2,-2,-2,-2,-2,-2,-2,3,-2,-2,-2,-2,-2,-2,-2,-2,-2,-2,-2,-2,-2,-2,3,-2,-2 
"hawcO","corhaw",-2,-1,-2,-2,3,-2,-2,-2,-2,-2,-2,-2,-2,-2,-2,-2,2,3,-2,-2,-2,-2,-2,-2,-2,-2,-2,-2,-2,-2,-2,-2,-2,-2,-2,-2,2,3,3,3,3,3,-2,-2,3,-2,-2,-2,-1,-2,2,-2,-2,-2,-2,-2,-2,-2,-2 
"amcrR","croacu",-2,3,3,-2,3,-2,-2,-2,-2,-2,-2,-2,-2,-2,-2,-2,-2,3,-2,3,-2,-2,-2,-2,-2,-2,-1,-2,-2,-2,-2,-2,-2,-1,-2,-2,-2,-2,-2,-2,-2,3,-2,-2,3,-2,-2,-2,-2,-2,-2,-2,-2,-2,-2,-2,-2,-2,-2 
"newmO","crowil",-2,-2,-2,-2,-2,-1,-2,-2,-2,-2,-2,-2,-2,-1,-1,-2,-1,-2,3,-1,-2,-2,-2,-2,-2,-2,-2,-2,-2,-2,-2,-2,-2,-2,-2,-2,-2,-2,-2,-2,-2,-2,-2,-2,-1,-2,-2,-1,-2,-2,-2,-2,-2,-2,-2,-2,-2,-2,-2 
"sccyO","cupabr",2,2,2,-2,1,-2,-2,-2,-2,-2,-2,-2,1,3,-2,1,-2,-2,2,-2,-2,-2,-2,-2,-2,-2,-2,-2,-2,-2,-2,-2,-2,-2,-2,-2,2,-2,-2,-2,-2,-2,-2,-2,2,-2,-2,2,-2,-2,3,-2,-2,-2,3,-2,-2,3,-2 
"moloO","cyaman",-1,-2,-2,-2,-2,-2,-2,-1,-2,-2,-2,-2,-2,-2,-2,-2,-1,-2,-1,-2,-2,-2,-2,-2,-2,-2,-2,-2,-2,-2,-2,-2,-2,-2,-2,-2,-2,-1,-2,-2,-2,-1,-2,-2,-2,-2,-2,-2,-2,-2,3,-2,-2,-2,-1,-2,-2,3,-2 
"biplO","cyashi",-2,-2,-2,-2,-2,-2,-2,-2,-2,-2,-2,-2,-2,-2,-2,-2,-2,-2,-2,-2,-2,-2,-2,-2,-2,-2,-2,-2,-2,-2,-2,-2,-2,-2,-2,-2,-2,2,-2,-2,-2,-2,-2,-2,-2,-2,-2,-2,-2,-2,-2,-2,-2,-2,2,-2,-2,3,-2 
"fishR","cypfor",-2,-2,-2,-2,-2,-2,-2,2,-2,-2,-2,-2,-2,-2,-1,-2,1,-2,-2,-2,-2,2,-2,2,-2,-2,-2,3,-2,-2,-2,-2,-2,-2,-2,-2,-1,-1,-2,-2,-2,-2,2,-1,-2,-2,-2,-2,-2,-2,-2,2,1,-2,-2,-2,3,-2,-2 
"kauaO","cyrcya",-2,-2,-2,-2,-1,-2,-2,-2,-2,-2,-2,-2,-2,-2,-2,-2,-2,-2,-2,-2,-2,-2,-2,-2,-2,-2,-2,-2,-2,-2,-2,-2,-2,-2,-2,-2,3,3,-2,-2,-2,-2,-2,-2,-2,-2,-2,-2,-2,-2,-1,-2,-2,-2,-1,-2,-2,3,-2 
"biplO","cyrgif",-2,-2,-2,-2,-2,-2,-2,-2,-2,-2,-2,-2,-2,-2,-2,-2,-2,-2,-2,-1,-2,-2,-2,-2,-2,-2,-2,-2,-2,-2,-2,-2,-2,-2,-2,-2,-1,2,-2,-2,-2,-2,-2,-2,-2,-2,-2,-2,-2,-2,-2,-2,-2,-2,2,-2,-2,3,-2 
"oahpO","cyrvir",-2,-2,-2,-2,-2,1,-2,-2,-2,-2,-2,-2,-2,-2,-2,-2,-2,-2,3,-2,-2,-2,-2,-2,-2,-2,-2,-2,-2,-2,-2,-2,-2,-2,-2,-2,3,-2,-2,-2,-2,3,-2,-2,-2,-2,-2,-2,-2,-2,-2,-2,-2,-2,-2,-2,-2,-2,-2 
"kirtR","denkir",-2,-2,-2,-2,-2,-2,-2,-2,-2,-2,-2,-2,-2,3,-2,-2,-2,-2,-2,-2,-2,-2,-2,-2,-2,-2,-2,-2,-2,-2,-2,-2,-2,-1,-2,-2,-2,-2,2,-2,-2,-2,-2,-2,-2,-2,-2,-2,-2,3,3,-2,-2,-2,-2,-2,-2,-2,-2 
"flomO","dicchr",-2,3,3,-2,-2,-2,-2,-2,-2,-2,3,-2,-2,-2,-2,-2,-2,-2,-2,-2,-2,-2,-2,-2,-2,-2,-2,-2,-2,-2,-2,-2,-2,-2,-2,-2,3,-2,-2,-2,-2,-2,-2,3,-2,-2,-2,-2,-2,3,3,-2,-2,-2,-2,-2,-2,-2,-2 
"tennR","echten",-2,3,3,-2,-2,-2,-2,-2,-2,-2,-2,-2,1,-2,-2,-2,1,-2,-1,3,-2,-2,-2,-2,-2,-2,-2,-2,-2,-2,-2,-2,2,-2,-2,-2,-2,-2,-2,-2,-2,-2,-2,3,1,-2,-2,-2,-2,3,-2,-2,3,-2,-2,-2,-2,-2,3 
"tarrR","ellste",-2,-2,-2,-2,-1,-2,3,-2,-2,-2,-2,-2,-2,3,3,-2,-2,-2,-2,-2,3,-2,-2,-2,-2,-2,-2,3,3,-2,-2,-2,-2,3,-2,-2,-1,-2,-2,-2,-2,-2,-2,-2,-2,-2,-2,-2,-2,-2,-2,3,-2,-2,-2,-2,-2,3,-2 
"cavpO","eryari",3,3,-2,3,3,-2,-2,-2,-2,-2,-2,-2,3,-2,-2,-2,3,-2,-2,3,-2,-2,-2,-2,-2,-2,3,3,2,-2,-2,-2,2,2,-2,-2,3,2,-2,-2,-2,3,-2,-2,-2,-2,-2,-2,-2,-2,-2,3,-2,-2,-2,-2,3,2,-2 
"antiR","erycap",3,-2,-2,3,-2,-2,-2,-2,-1,-2,-2,-2,-2,-2,3,-2,3,-2,-2,3,-2,-2,-2,-2,-2,-2,-2,-2,-2,-2,-2,-2,-2,-2,-2,-2,3,-2,-2,-2,-2,-2,-2,-2,-2,-2,-2,-2,-2,-2,-2,-2,-2,2,-2,-2,-2,-2,-2 
"flscR","erycun",3,3,-2,-2,-2,-2,-2,-2,-2,3,-2,-2,-2,-2,-2,-2,-2,-2,-2,2,-2,-2,-2,-2,-2,-2,-2,-2,-2,-2,-2,-2,-1,-2,-2,-2,-1,-2,-2,-2,-2,-2,-2,-2,-2,-2,-2,-2,-2,-2,3,-2,-2,-2,-2,-2,-2,-2,-2 
"seveO","erymen",-1,-2,-2,-2,-2,-2,-2,-2,-2,-2,-2,-2,-2,-2,-1,-2,-1,-2,-2,-1,-2,-2,-2,-2,-2,-2,-2,-2,-2,-2,-2,-2,-2,-2,-2,-2,3,-2,-2,-2,-2,3,-2,-2,-2,-2,-2,-1,-2,3,-2,-2,-2,-2,-2,-2,-2,-2,-2 
"threO","eryter",-2,3,-2,-2,-2,-2,-2,-2,-2,-2,-2,-2,3,-2,-2,-2,-2,-2,-2,3,-2,-2,-2,-2,-2,-2,-2,-2,-2,-2,-2,-2,-2,-2,-2,-2,-2,-2,-2,-2,-2,-2,-2,-2,-2,-2,-2,-2,-2,-1,-1,-1,3,-2,-2,-2,-1,-1,-2 
"slacO","ethbos",3,3,3,3,-2,-2,-2,3,-2,-2,-2,3,-2,-2,-2,-2,-2,-2,-2,-2,-2,-2,3,-2,-2,-2,-2,-2,3,-2,-2,-2,3,3,-2,-2,-2,-2,-2,-2,-2,-2,-2,1,-2,-2,-2,-2,-2,-2,-2,-2,-2,-2,-2,-2,-2,-2,-2 
"edwaR","ethfon",-2,2,-2,-2,-2,-2,-2,-2,-2,-2,-2,-2,-2,-2,-2,-2,-2,-2,-2,2,2,-2,2,3,-2,-2,2,2,2,-2,-2,-2,-2,-2,-2,-2,2,2,-2,-2,-2,2,-2,-2,-2,-2,-2,-2,2,-2,-2,2,-2,-2,-2,-2,-2,3,-2 
"wateR","ethnuc",2,2,-2,-2,3,-2,-2,-2,-2,2,-2,-2,-2,-2,-2,-2,-2,-2,-2,-2,2,2,-2,2,-2,-2,-2,-2,3,-2,-2,-2,-2,3,-2,-2,-2,-2,-2,-2,-2,3,-2,3,-2,-2,-2,-2,-2,-2,-2,3,-2,3,-2,-2,-2,3,-2 
"okalO","ethoka",-2,-2,-2,-2,1,-2,-2,-2,-2,-2,-2,-2,-2,-2,-2,-2,-2,-2,-2,-2,3,-2,-2,-2,-2,-2,-2,-2,-2,-2,-2,-2,-2,-2,-2,-2,-2,-2,-2,-2,-2,-2,-2,-2,-2,-2,-2,-2,-2,-2,-2,3,-2,-2,-2,-2,-1,-2,-2 
"bayoR","ethrub",-1,-2,-2,-2,-2,-2,-1,-2,-2,-2,-2,-2,-2,-2,-1,-1,-2,-2,-2,-2,-2,-2,-2,-2,-2,-1,-2,-2,-2,-2,-2,-2,-2,-1,-2,-2,-2,-2,-2,-2,-2,-2,-2,-2,-2,-2,-2,-2,-2,-2,-2,-2,-2,-2,-2,-2,-2,-2,-2 
"maryR","ethsel",-2,-2,-2,-2,-2,-1,-2,-2,-2,-2,-2,-2,-1,-2,-2,-2,-2,-2,-2,-2,-1,-2,-2,-2,-2,-2,-1,-1,-1,-2,-2,-2,-1,-1,-2,-1,-2,-2,-2,-2,-2,-2,-2,-2,-2,-2,-2,-2,-2,-2,-2,-2,-2,-2,-2,-2,-2,-2,-2 
"elseO","eupbat",3,3,-2,3,3,-2,-2,-2,-2,-2,-2,-2,-2,-2,-2,-2,-2,-2,3,-2,-2,-2,-2,-2,-2,-2,-2,-2,-2,-2,-2,-2,-2,-2,-2,-2,-2,-2,-2,-2,-2,2,2,-2,-2,2,3,-2,-2,-2,-2,-2,-2,-2,-2,-2,-2,-2,1 
"edwaR","eurnan",-2,-2,-2,3,-2,-2,-2,-2,-2,-2,-2,-2,-2,-2,-2,-2,-2,-2,-2,-2,-2,3,3,3,2,-2,-2,-2,-2,-2,-2,-2,-2,2,-2,-2,2,2,-2,-2,-2,2,-2,-2,2,-2,-2,-2,-2,-2,-2,-2,-2,-2,-2,-2,3,-2,-2 
"pereO","falper",-2,1,1,-2,-2,-2,-2,-2,-2,-2,-2,-2,-2,-2,-2,-2,-2,1,1,-2,-2,-2,-2,-2,-2,-2,-2,-2,-2,-2,-2,-2,-2,-2,-2,3,-2,-2,-2,-2,-2,-2,-2,-2,1,-2,-2,1,-2,-2,-2,-2,-2,-2,-2,-2,-2,-2,-2 
"ampeO","falper",-2,-2,3,3,2,-2,-2,-2,-2,-2,-2,-2,-2,-2,-2,-2,-2,3,3,2,-2,-2,-2,-2,-2,-2,-2,-2,-2,-2,-2,-2,-2,3,-2,-2,-2,-2,-2,-2,-2,-2,-2,-1,3,2,-2,-2,-2,-2,-2,-2,-2,-2,-2,-1,-2,-2,-2 
"hawwR","fulame",3,3,-2,-2,-2,-2,-2,-2,-2,-2,-2,2,-2,-2,-2,-2,-2,2,-2,-2,-2,-2,-2,-2,3,-2,-2,-2,-2,-2,-2,-2,-2,-1,-2,-2,2,2,-2,-2,-2,-2,-2,-2,2,-2,-2,-2,-2,-2,-2,3,2,-2,-2,-2,-2,-2,-2 
"lanaO","gahlan",-1,-2,-2,-2,-1,-2,-2,-2,-2,-2,-2,-2,-2,-2,-2,-2,-2,-2,-2,-2,-2,-2,-2,-2,-2,-2,-2,-2,-2,-2,-2,-2,-2,-2,-2,-2,3,3,-2,-2,-2,3,-2,-2,-2,-2,-2,-2,-2,-2,-2,-2,-2,-2,-2,-2,-2,-2,-2 
"hawwR","galchl",3,3,-2,3,3,-2,-2,3,-2,-2,-2,-2,-2,-2,-2,-2,-2,-2,-2,-2,-2,-2,-2,-2,-2,-2,3,-2,2,-2,-2,-2,-2,-2,-2,-2,-2,3,-2,-2,-2,2,-2,-2,-2,-2,-2,-2,-2,-2,-2,-2,-2,2,-2,-2,-2,-2,-2 
"edwaR","gamgeo",-2,3,-2,-2,-2,-2,-2,-2,-2,-2,-2,-2,-2,-2,-2,-2,-2,-2,-2,1,1,-2,1,3,-2,-2,-2,1,1,-2,-2,-2,-2,1,-2,-2,1,1,-2,-2,-2,3,-2,1,-2,-2,-2,-2,3,-2,-2,3,-2,-2,-2,-2,1,-2,-2 
"hawgO","garbri",-2,3,-2,-2,-2,-2,-2,-2,-2,-2,-2,-2,3,-2,-2,-2,3,-2,1,-2,-2,-2,-2,-2,-2,-2,-2,-2,-2,-2,-2,-2,-2,-2,-2,-2,3,3,3,-2,1,3,-2,-2,-2,-2,-2,-2,-2,-2,3,-2,-2,-2,3,-1,2,-2,-2 
"unarR","gasacu",-2,3,-2,-2,-2,-2,-2,2,-2,-2,-2,-2,-2,-2,-2,-2,-1,-2,-2,3,2,-2,-2,-2,-2,-2,3,2,2,-2,-2,-2,-2,3,-2,-2,3,3,-2,-2,-2,-2,-2,-2,2,-2,-2,-2,-2,-2,-2,-2,-2,-2,3,-2,-2,-2,-2 
"maplO","gerarb",-2,-2,-2,-2,-2,-2,-2,-2,-2,-2,-2,-2,-2,-2,-2,-2,-2,-2,-2,-2,-2,-2,-2,-2,-2,-2,-2,-2,-2,-2,-2,-2,-2,-2,-2,-2,-1,-1,-2,-2,-2,-1,-1,-2,-2,-2,-2,-2,-1,-2,-1,-2,-2,-2,-1,-2,-2,-1,-2 
"humpR","gilcyp",-2,-2,-2,3,-2,-2,-2,-2,-2,-2,-2,-2,-2,-2,-2,-2,-2,-1,-2,-2,3,-1,-1,-2,-2,-2,-2,-1,-2,-2,-2,-2,-2,-1,-2,-2,-1,-1,-1,-2,-2,-2,-2,-2,-2,-2,-2,-2,-1,-2,-2,3,-2,-2,-1,-2,-2,3,-2 
"bonyR","gilele",-2,-2,-2,-2,-2,-2,-2,-2,-2,-2,-2,-2,-2,-2,-1,-2,-1,-2,-2,-2,-1,-1,-2,-1,-2,-2,-1,-2,1,-2,-2,-2,-2,-2,-2,-2,-2,-2,-2,-2,-2,-2,-1,-2,-2,-2,-2,-2,-1,-2,-2,-1,-1,-1,-2,-2,-2,-2,-2 
"chihO","gilnig",-2,-2,-2,-2,-2,-2,-2,-2,-2,-2,-2,-2,3,-2,-2,-2,-2,-2,-2,3,3,3,3,-2,-2,-2,3,-2,-2,-2,-2,-2,-2,-2,-2,-2,-2,-1,-2,-2,-2,-2,-2,-2,-2,-2,-2,-2,-2,-2,-2,3,-2,-2,-2,-2,2,-2,-2 
"fishR","gilpur",-2,-2,-2,-2,-2,-1,-2,3,-2,-2,-2,-2,3,-2,-2,-2,3,-2,-2,-2,-2,3,-2,-2,-2,-2,-2,-1,-2,-2,-2,-2,-2,-2,-2,-2,-1,-1,-2,-2,-2,3,-2,-2,-2,-2,-2,-2,-2,-2,-2,3,3,3,-1,-2,3,-2,-2 
"whooR","gruame",3,3,3,3,-2,3,3,-2,-2,-2,-2,-2,-2,-2,-2,3,-2,3,3,-2,-2,-2,-2,-2,-2,3,-2,3,-2,-2,-2,-2,-2,1,-2,-2,-2,-2,-2,-2,-2,-2,-2,-2,2,-2,-2,2,-2,-2,-2,-2,-2,-2,-2,-2,2,-2,2 
"missR","grucan",-1,-1,-1,-1,2,-2,2,-2,2,-2,3,-2,-2,2,-2,-2,-2,-1,-2,-2,-2,-2,-2,-2,-2,-2,-2,-2,-2,-2,-2,-2,-2,1,-2,-2,-2,2,-2,-2,-2,-2,-2,-2,2,1,-2,1,-2,-1,-1,-1,2,-2,-1,-2,2,2,-2 
"cacoR","gymcal",-2,-2,-2,-2,-2,-2,-2,-2,-2,-2,-2,-2,-2,-2,-2,-2,-2,-2,-1,2,-2,-2,-2,-2,-2,-2,-2,-2,-2,-2,-2,-2,-2,3,-2,3,-2,-2,-2,-2,-2,-2,-2,-2,-1,-2,-2,-2,-2,-2,-2,-2,3,-2,-1,-2,-2,-2,3 
"gnomO","gymlin",-1,-2,-2,-2,1,-2,-2,-2,-2,-2,-2,-2,-2,1,-2,-2,-2,-2,1,-2,-2,-2,-2,-2,-2,-2,-2,-2,-2,-2,-2,-2,-2,-2,3,-2,-2,-2,-2,-2,-2,2,2,-2,-2,-2,-2,-2,-2,-2,-2,2,-2,-2,-2,-2,-2,2,2 
"todsO","hedtod",-2,-2,-2,3,3,3,-2,-2,-2,-2,-2,-2,-2,-2,-2,-2,-2,-2,-2,-2,-2,-2,-2,-2,-2,-2,-2,-2,-2,-2,-2,-2,-2,-2,-2,-2,-2,2,-2,-2,-2,3,3,-2,-2,-2,-2,-2,3,-2,-2,-2,-2,3,-2,-2,-2,-2,3 
"oahpO","hesarb",-2,-2,-2,-2,-2,-2,-2,-2,-2,-2,-2,-2,-2,-2,-2,-2,3,-2,-2,-2,-2,-2,-2,-2,-2,-2,-2,-2,-2,-2,-2,-2,-2,-2,-2,-2,3,-2,-2,-2,-2,-2,3,-2,-2,-2,-2,-2,-2,-2,3,-2,-2,-2,-2,-2,-2,-1,2 
"moloO","hibarn",-1,-2,-2,-2,-2,-1,-1,-2,-2,-2,-2,-2,-2,-2,-2,-2,-1,-2,-1,-2,-2,-2,-2,-2,-2,-2,-2,-2,-2,-2,-2,-2,-2,-2,-2,-2,-2,-2,-2,-2,-2,-2,-1,-2,-2,-2,-2,-2,-2,-2,-1,-2,-2,-2,-1,-2,-2,-1,-2 
"kaupO","hibcla",-2,-2,-2,-2,-2,-2,-2,-2,-2,-2,-2,-2,-2,-2,-2,-2,-2,-2,-2,-2,-2,-2,-2,-2,-2,-2,-2,-2,-2,-2,-2,-2,-2,-2,-2,-2,3,3,-2,-1,-2,-2,-2,-2,-2,-2,-2,-2,-2,-2,3,-2,-2,-2,-2,-2,-2,-2,-2 
"kauaO","hibwoo",-2,-2,-2,-2,-2,-2,-2,-2,-2,-2,-2,-2,-2,-2,-2,-2,-2,-2,-1,-2,-2,-2,-2,-2,-2,-2,-2,-2,-2,-2,-2,-2,-2,-2,-2,-2,-1,-1,-1,-2,-2,-1,-2,-2,-2,3,-2,-2,-2,-2,3,-2,3,-2,-1,-2,-2,-1,-2 
"hawwR","himmex",3,3,-2,3,3,2,-2,3,-2,-2,-2,3,-2,-2,-2,-2,-2,1,-2,-2,-2,3,-2,-2,3,-2,-2,-2,-2,-2,-2,-2,-2,2,-2,-2,-2,3,-2,-2,-2,3,-2,-2,-2,-2,-2,-2,-2,-2,-2,3,3,-2,-2,-2,-2,-2,-2 
"flscO","hypcum",3,3,-2,-2,3,-2,-2,-2,-2,3,-2,-2,-2,-2,-2,-2,2,-2,-2,-2,-2,-2,-2,-2,-2,-2,-2,-2,-2,-2,-2,-2,-2,-2,-2,-2,-2,-2,-2,-2,-2,3,-2,-2,-2,-2,-2,-2,-2,3,3,-2,3,-2,-2,-2,-2,-2,-2 
"smalR","isomed",3,3,-2,-1,-1,-2,-2,-2,-2,-2,-2,-2,-2,-2,-2,-2,-2,-2,1,-2,-2,-2,-2,-2,-2,-2,-2,-2,-2,-2,-2,-2,-2,-2,-2,-2,-2,-2,-2,-2,-2,-2,-2,-1,-1,-2,-2,-2,-2,-1,-2,-2,-2,-2,-2,-2,-2,-2,-2 
"beacO","jacrec",3,3,-2,-2,2,3,-2,-2,-2,-2,-2,-2,-2,-2,-2,-2,-2,-2,-2,3,-2,-2,-2,-2,-2,-2,-2,-2,-2,-2,-2,-2,-2,2,-2,-2,3,-2,-2,-2,-2,3,-2,-2,-2,-2,-2,-2,-2,3,2,3,-2,-2,-2,-2,3,3,-2 
"oahpO","labcyr",-2,-2,-2,-2,-2,-2,-2,-2,-2,-2,-2,-2,-2,-2,-2,-2,-2,-2,-2,-2,-2,-2,-2,-2,-2,-2,-2,-2,-2,-2,-2,-2,-2,-2,-2,-2,3,3,-2,-2,-2,3,-2,-2,-2,-2,-2,-2,-2,-2,-1,-2,-2,-2,-1,-2,-2,-1,-2 
"pinkO","lamabr",-2,-2,-2,-2,-1,-1,-2,-2,-2,-2,-2,-2,-1,-1,-1,-2,-2,-1,-2,-1,-1,-2,-2,-2,-2,-1,-2,-1,-1,-2,-2,-2,-1,-2,-2,-1,-2,-2,-2,-2,-2,-2,-2,-2,-2,-2,-2,-2,-1,-2,-2,-2,-2,-1,-2,-2,-2,-2,-2 
"snakO","lanxsp",-2,-2,-2,1,-2,-2,-2,3,-2,-2,-2,3,3,-2,-2,-2,-2,-2,-1,-2,3,2,-2,2,-2,-2,3,3,3,-2,-2,-2,-2,2,-2,-2,-1,-1,-2,-2,-2,-2,-2,-2,-2,-2,-2,-2,-2,-2,-2,-2,-2,-2,-2,-2,3,-2,-2 
"caroO","lasdec",-2,-1,-2,-2,-1,2,-2,-2,-2,-2,-2,-2,-1,-2,-1,-2,-2,-2,1,-1,-1,-2,-2,-2,-2,-1,-2,-1,-1,-2,-2,-2,-2,-1,-2,-2,-1,-2,-2,-2,-2,-2,-2,-2,-2,-2,-2,-2,-2,-2,-2,-2,-2,-2,-2,-2,-2,3,-2 
"praiO","leslep",2,-2,3,-2,3,-2,3,-2,-2,-2,-2,-2,-2,-2,-2,-2,-1,-2,-2,-2,-2,-2,-2,-2,-2,-2,-2,-2,-2,-2,-2,-2,-2,2,-2,-2,-2,2,-2,-2,-2,-2,-2,3,1,-2,-2,-2,-2,3,3,-2,3,-2,-2,-2,-2,-2,-2 
"flscR","liaohl",-1,-1,-2,1,1,-2,-2,-2,-2,3,-2,-2,-2,-2,-2,-2,3,-2,-2,-2,-2,-2,-2,-2,-2,-2,-2,-2,-2,-2,-2,-2,-1,-1,-2,-2,-2,-2,-2,-2,-2,-2,-1,-2,-2,-2,-2,-2,-2,-2,-1,-2,-2,-2,3,-2,-2,-2,-1 
"kaupO","lipfau",-2,-2,-2,-2,-2,-2,-2,-2,-2,-2,-2,-2,-2,-2,-2,-2,-1,-2,-2,-2,-2,-2,-2,-2,-2,-2,-2,-2,-2,-2,-2,-2,-2,-2,-2,-2,3,3,-2,-1,-2,-2,-2,-2,-2,-2,-2,-2,-2,-2,3,-2,-2,-2,-2,-2,-2,-2,-2 
"oahpO","loboah",-2,-2,-2,-2,-2,-2,-2,-2,-2,-2,-2,-2,-2,-2,-2,-2,3,-2,3,2,-2,-2,-2,-2,-2,-2,-2,-2,-2,-2,-2,-2,-2,-2,-2,-2,3,3,-2,-2,-2,-1,-2,-2,-2,-2,-2,-2,-2,-2,-2,-2,-2,-2,-1,-2,-2,-1,3 
"flscR","lupari",3,3,3,-2,3,-2,-2,-2,-2,3,-2,-2,-2,-2,-2,-2,3,-2,1,2,-2,-2,-2,-2,-2,-2,-2,-2,-2,-2,-2,-2,-2,-2,-2,-2,-1,-2,-2,-2,-2,-2,-2,-2,-2,-2,-2,-1,-2,-2,-2,-2,-2,-2,-2,-2,-2,-1,-2 
"lotiO","lycarg",-2,-2,-2,-1,-2,-2,-2,-2,-2,-2,-2,-2,-2,-1,-2,-2,-2,-2,-1,-2,-2,-2,-2,-2,-2,-2,-2,-2,-2,-2,-2,-2,-2,-2,-2,-2,-2,-2,-2,-2,-2,-2,-2,-2,-2,-2,-2,-2,-2,-1,-1,-2,-2,-2,-2,-1,-1,-2,-1 
"roleO","lysasp",3,3,-2,-2,-1,-2,-2,-2,-2,-2,3,-2,3,-1,-2,-2,-2,-2,-2,-2,-2,-2,-2,-2,-2,-2,-2,-2,-2,-2,-2,-2,-2,-2,-2,-2,-2,-2,-2,-2,-2,-2,-2,-2,-2,-2,-2,-2,-2,-2,3,3,-2,-1,-2,-2,-2,-2,-1 
"apalO","macalb",-2,-2,-2,-2,-2,-2,-2,-2,-2,-2,3,-2,3,3,-2,-2,-2,-2,3,-2,-2,-2,-2,-2,-2,-2,3,-2,-2,-2,-2,-2,-2,3,-2,-2,-2,-2,-2,-2,-2,2,-2,-2,-2,-2,-2,-2,-2,-2,2,-2,3,-2,-2,-2,-2,-2,-2 
"mohrO","marmoh",-2,-2,-2,3,3,-2,3,-2,-2,-2,3,-2,-2,-2,-2,-2,-2,-2,-1,-2,-2,-2,-2,-2,-2,-2,-2,-2,-2,-2,-2,-2,-2,-2,-2,-2,3,-2,-2,-2,-2,-2,-2,-2,-2,-2,-2,-2,-2,3,-1,3,3,-2,-2,-2,-2,-2,3 
"kaupO","melpal",-2,-2,-2,-2,-2,-2,-2,-2,-2,-2,-2,-2,-2,-2,-2,-2,-2,-2,-2,-2,-2,-2,-2,-2,-2,-2,-2,-2,-2,-2,-2,-2,-2,-2,-2,-2,2,-2,-2,-2,-2,2,-2,-2,-1,-2,-2,-2,-2,-2,3,-2,-2,-2,-1,-2,-2,3,-2 
"oahpO","melsai",-2,-2,-2,-2,-2,-2,-2,-2,-2,-2,-2,-2,-2,-2,-2,-2,-2,-2,-2,2,-2,-2,-2,-2,-2,-2,-2,-2,-2,-2,-2,-2,-2,-2,-2,-2,3,2,-2,-2,-2,3,-2,-2,-2,-2,-2,-2,-2,-2,3,-2,-2,-2,2,-2,-2,3,-2 
"armaO","miccal",3,3,3,3,3,-2,-2,-2,-2,-2,-2,-2,-2,-2,-2,-2,3,-2,-2,-2,-2,-2,-2,3,3,-2,-2,-2,-2,-2,-2,-2,-2,-2,-2,-2,1,3,-2,-2,-2,3,-2,-2,-2,-2,-2,-2,-2,-2,3,3,3,-2,-2,-2,3,-2,-2 
"hualO","micmex",-2,-2,-2,-2,-1,-1,-2,-2,-2,-2,-2,-2,-2,-2,-1,-2,3,-2,-2,3,-2,-2,-2,-2,-2,-2,-1,-2,-2,-2,-2,-2,-2,-2,-2,-2,-1,-1,-2,-2,-2,3,-2,-2,-1,-2,-2,-2,-2,-2,-1,3,-2,-1,-1,-1,3,-2,-1 
"blacR","musnig",-2,-2,-2,-2,-2,-2,-2,3,-2,-2,-2,-2,-2,-2,-2,-2,-2,-2,-2,-2,-2,-2,-2,-2,-2,-2,-2,-2,-2,-2,-2,-2,-2,3,-2,-2,-2,-2,-2,3,-2,-2,-2,-2,-2,-2,3,-2,-2,-2,-2,-2,-2,-2,-1,-2,-2,3,-2 
"kaufO","myapal",-2,3,-2,-2,-1,-2,-2,-2,-2,-2,-2,-2,3,-2,-2,-2,2,-1,-1,-2,3,-2,-2,-2,-2,-2,-2,-2,-2,-2,-2,-2,-2,-2,-2,-2,-1,-1,-2,-1,-1,-1,-2,-1,-2,-2,-2,-2,-2,-2,-1,-2,-2,-1,-1,-2,-2,-2,-1 
"woodO","mycame",-2,3,-2,-1,-2,-2,-2,-2,-2,-2,-2,-2,-2,-2,-2,-2,-2,-2,-2,-2,3,1,3,-2,3,3,-2,-2,-2,-2,-2,-2,-2,1,-2,-2,-2,-2,-2,-2,-2,-2,-2,-2,3,-2,-2,-2,-2,-2,-2,3,-1,2,-2,-2,-2,-2,-2 
"indiR","myosod",-2,-2,-2,-2,-2,3,-2,-1,-2,-2,-2,-2,-2,-2,-2,-2,-2,-2,3,-2,-2,-1,-2,-2,-2,-2,-2,-2,-2,-2,-2,-2,-2,-1,-2,-2,-2,-2,-2,-2,-2,-2,-2,-2,-2,-2,-1,-2,-2,-2,-2,-2,-2,2,-2,2,3,3,-2 
"oahpO","nothum",-2,-2,-2,-2,-2,-1,-2,-2,-2,-2,-2,-2,-2,-2,-2,-2,3,-2,-2,-2,-2,-2,-2,-2,-2,-2,-2,-2,-2,-2,-2,-2,-2,-2,-2,-2,3,3,-2,-2,-2,3,-2,-2,-2,-2,-2,-2,-2,-2,3,-2,-2,-2,-2,-2,-2,-1,-2 
"capeO","notmek",-2,-2,-2,-1,-1,-1,-2,-2,-2,-2,-2,-2,-2,-2,-2,-2,-2,-2,-2,-2,3,-2,-1,-2,-2,-2,-2,-1,-1,-2,-2,-2,-2,-2,-2,-1,-2,-1,-2,-2,-2,-2,-2,-2,-2,-2,-2,-2,-2,-2,-2,3,-2,-2,-2,-2,-2,-1,-2 
"neosO","notpla",-2,-2,-2,-2,-2,-2,-2,-2,-2,-2,-2,-2,-2,-2,-2,-2,-2,-2,-2,3,3,-1,-2,-2,-2,-2,-2,3,-1,-2,-2,-2,-2,-1,-2,-2,-2,-2,-2,-2,-2,-2,-2,-1,-2,-2,-2,-2,-2,-2,-2,3,-2,-2,-2,-2,3,-2,-2 
"ringO","oboret",-2,-2,-2,-2,-2,-2,-2,-2,-2,-2,-2,-2,-2,-2,-2,1,-2,1,1,-2,3,-2,-2,-2,-2,3,-2,1,-2,-2,-2,-2,-2,-2,-2,-2,-1,-2,-2,-2,-2,-2,-2,-2,-2,-2,-2,3,-2,-2,-2,3,-2,-2,-2,-2,-2,-2,-2 
"keydR","odvicl",2,2,-2,-2,3,2,-2,-2,-2,-2,-2,-2,-2,-2,-2,-2,-2,3,-2,-2,-2,-2,-2,2,-2,-2,2,-2,-2,-2,-2,-2,-2,-2,-2,-2,-2,3,-2,-2,-2,-2,-2,-2,-2,-2,-2,-2,-2,-2,-2,-2,-2,-2,-2,-2,-2,-2,-2 
"coluR","odvile",3,3,3,-2,1,-2,-2,-2,-2,-2,-2,-2,2,2,-2,-2,2,2,-2,-2,-2,-2,-2,-2,2,-2,-2,-2,-2,-2,-2,-2,-2,-2,-2,-2,3,2,-2,-2,-2,-2,-2,2,2,1,-2,2,2,2,2,2,3,-2,2,-2,3,-2,-2 
"antiR","oendel",-2,-2,-2,1,-2,-2,-2,-2,-2,-2,-2,-2,-2,-2,-2,-2,-2,-2,-2,2,-2,-2,-2,-2,-2,-2,-2,-2,-2,-2,-2,-2,-2,-2,-2,-2,2,-2,-2,-2,-2,3,-2,-2,-2,-2,-2,-2,1,-2,-2,-2,-2,1,-2,-2,-2,-2,1 
"arizR","oncapa",-2,-2,-2,-2,-1,-2,-2,-2,-2,-2,-1,-2,-2,-1,-1,-2,-1,-1,-2,-2,-2,-2,-2,-2,-2,-2,-1,-2,-1,-2,-2,-2,-2,-1,-2,-2,3,3,-2,-2,-2,-2,-1,-2,-2,-2,-2,-2,-2,2,-1,2,-1,-1,-1,-2,-2,-2,-2 
"grcuR","onccla",-2,-2,-2,-2,-2,-2,-2,-1,-2,-2,-1,-2,-2,-1,-1,-2,-1,-1,-2,-2,-1,-1,-2,-2,-2,-2,-2,-2,-2,-2,-2,-2,-2,-2,-2,-2,3,-2,-2,-2,-2,3,3,-2,-2,-2,-2,-2,-2,-2,-2,-2,-2,-2,-2,-2,-2,-2,-2 
"gilaR","oncgil",-2,-2,-2,-2,-2,-2,-2,-2,-2,-2,-2,-2,-2,-2,-2,-2,1,-2,-2,-2,-2,-2,-2,-2,-2,-2,-2,-1,-1,-1,-1,-2,-2,-2,-2,-2,3,-2,-2,-2,-2,-1,3,-2,-2,-2,-2,-2,-2,-2,-2,-2,-2,-2,-2,-2,3,3,-2 
"nashR","orcsho",-1,-1,-2,-2,-1,-2,2,-2,-2,-2,-2,-2,-2,-2,-2,-2,-2,-2,-2,-2,-1,-2,-2,-2,-2,-2,-2,-2,-2,-2,-2,-2,-2,3,-2,-2,-2,-2,-2,-2,-2,-2,-2,3,-2,-2,-2,-2,-2,-2,-2,-2,-2,-2,-2,-2,-2,3,-2 
"flscR","parcha",3,3,3,-2,3,-2,-2,-2,-2,3,-2,-2,-2,-2,-2,-2,-2,-2,-2,-2,-2,-2,-2,-2,-2,-2,-2,-2,-2,-2,-2,-2,2,-2,-2,-2,2,-2,-2,-2,-2,-2,-2,3,-2,-2,-2,-2,-2,3,3,-2,-2,-2,-2,-2,-2,-2,3 
"mamoO","parfla",-2,-2,-2,-2,-2,-2,-2,-2,-2,-2,-2,-2,3,-2,-2,-2,3,-2,-2,-2,-2,-2,-2,-2,-2,-2,-2,-2,-2,-2,-2,-2,-2,-2,-2,-2,-2,2,-2,3,3,3,-2,-2,-2,-2,-2,-2,-2,-2,2,-2,3,-2,-2,-2,-2,-2,-2 
"bradO","pedbra",-2,-2,-2,3,3,-2,-2,-2,-2,-2,-2,-2,-2,-2,-1,-2,3,-2,3,3,-2,-2,-2,-2,-2,-2,-2,-2,-2,-2,-2,-2,-2,-2,-2,-2,-2,-2,-2,-2,-2,-2,-2,-2,-2,-2,-2,-2,-2,-2,-2,-2,-2,-1,-1,-2,-1,-2,3 
"furbR","pedfur",3,2,2,3,-2,-2,-2,-2,-2,-2,-2,-2,-2,2,-2,-2,-2,-2,2,-2,3,-2,-2,-2,-2,-2,-2,-2,-2,-2,-2,-2,-2,-2,-2,-2,-2,-2,-2,-2,-2,-2,-2,-2,-2,-2,-2,-2,-2,3,-2,3,-2,-2,-2,-2,3,-2,3 
"prcrO","pellem",3,-2,-2,-2,-2,-2,-2,3,-2,-2,-2,-2,-2,-2,-2,-2,1,-2,-2,3,-2,-2,-2,-2,-2,-2,-2,-2,-2,-2,-2,-2,3,-2,-2,-2,-2,-2,-2,-2,-2,-2,-2,2,2,-2,-2,-2,-2,-2,-2,-2,-2,3,-2,-2,3,-2,-2 
"anasO","perpol",-1,-1,-2,-2,-2,-2,-2,-2,-2,-2,-2,-2,-2,-2,-2,-2,-2,-2,-2,-1,-2,-2,-2,-2,-2,-2,-2,-2,-2,-2,-2,-2,-1,-2,-2,-2,-2,-2,-2,-2,-2,-2,-2,-2,-2,-2,-2,-2,-2,-2,-2,-2,-2,-2,-2,-2,-2,-2,-2 
"snaiR","pertan",-2,-2,-2,-2,-2,-2,-2,2,-2,-2,-2,-2,-2,2,2,-2,-2,-2,-2,-2,3,-2,2,-2,-2,3,-2,3,2,-2,-2,-2,-2,-1,-2,-2,-2,-2,-2,-2,-2,-2,-2,-2,-2,-2,-2,-2,-2,-2,-2,3,-2,-2,-2,-2,-2,-2,-2 
"lanaO","phygla",-1,-2,-2,-2,-2,-2,-2,-1,-2,-2,-2,-2,-2,-2,-2,-2,-1,-2,-1,-1,-2,-2,-2,-2,-2,-2,-2,-2,-2,-2,-2,-2,-2,-2,-2,-2,-1,-2,-2,-1,-2,-1,-1,-2,-2,-2,-2,-2,-1,-2,-1,-2,-2,-2,-1,-2,-1,-1,-1 
"biadO","phyrac",-2,-2,-2,-2,-2,-2,-2,-2,-2,-2,-2,-2,-2,-1,-2,-2,-2,-2,-2,-2,-2,-2,-2,-2,-2,-2,-2,-2,-2,-2,-2,-2,-2,-2,-2,-2,-1,-2,-2,-2,-2,-1,-2,-2,-2,-2,-2,-2,-2,-2,-2,-2,-2,-1,-2,-2,-2,-2,-2 
"redcR","picbor",-2,-2,-2,-2,-2,-2,-2,-2,-2,-2,-1,-2,-2,-1,-2,-2,-2,-2,-2,-1,-2,-2,-2,-2,-2,-2,-2,-2,-2,-2,-2,-2,-2,-2,-2,-2,-2,-2,-2,-2,-2,-2,-2,-1,-2,-2,-2,-2,-2,-1,-2,-2,-2,-1,-1,-2,-2,3,-2 
"ropiO","pleple",-1,-2,-2,-1,-1,-2,-2,-2,-2,-2,-2,-2,-1,-1,-1,-1,-2,-1,-2,-2,-1,-2,-1,-2,-2,-1,-2,-1,-1,-2,-2,-2,-2,-1,-2,-2,-2,-2,-2,-2,-2,-2,-2,-2,-2,-2,-2,-2,-2,-2,-2,-1,-1,-2,-2,-2,-2,-2,-2 
"shenO","pleshe",-2,-2,-2,-2,-2,-1,-2,-2,-2,-2,-2,-2,-2,-2,-2,-2,-2,-2,-2,-1,-2,-2,-2,-2,-2,-2,-2,-2,-2,-2,-1,-2,-2,-1,-1,-2,-2,-2,-2,-2,-2,-1,-2,3,-2,-2,-2,-2,-2,3,-2,-2,-2,-2,-2,-2,-2,-2,-2 
"fishR","poeocc",-2,-2,-2,-2,-2,-2,-2,-2,-2,-2,-2,-2,-2,-2,-1,-2,-1,-2,-2,-2,-2,-1,-2,-1,-2,-2,-2,-2,-2,-2,-2,-2,-2,-2,-2,-2,-2,3,-2,-2,-2,-2,-2,-2,-2,-2,-2,-2,-2,-2,-2,3,-2,-2,-2,-2,-2,-2,-2 
"cavpO","pognud",3,3,-2,3,3,-2,-2,-2,-2,-2,-2,-2,3,-2,-2,-2,2,-2,2,2,-2,-2,-2,-2,-2,-2,2,-2,-2,-2,-2,-2,2,-2,-2,2,2,-2,-2,-2,-2,2,-2,2,-2,-2,-2,-2,-2,-2,3,3,2,-2,2,-2,2,3,-2 
"flscR","polbas",2,3,-2,-2,3,2,-2,-2,-2,3,-2,-2,-2,-2,-2,-2,-2,-2,1,3,-2,-2,-2,-2,-2,-2,-2,-2,-2,-2,-2,-2,1,-2,-2,-2,3,-2,-2,-2,-2,-2,-2,-2,-2,-2,-2,-2,-2,-2,3,-2,3,-2,-2,-2,-2,-2,-2 
"fatpR","potcap",-2,-2,-2,-2,-2,-2,-2,-2,-2,-2,-2,-2,-1,-2,-2,-2,-2,-2,-2,-2,-2,-1,-1,-2,-2,-1,-2,-1,-2,-2,-2,-2,-2,-2,-2,-2,-2,-2,-2,-2,-2,-2,-2,-2,-2,-2,-2,-2,-2,-2,-2,-2,-2,-1,-2,-2,-2,-2,-2 
"littO","potcly",-2,-2,-2,-2,-2,-2,-2,-2,-2,-2,-2,-2,-2,-2,-2,-2,-2,-2,-2,-2,3,3,3,-2,-2,-2,-2,-2,-1,-2,-2,-2,-2,-2,-2,-2,-2,-2,-2,-2,-2,-2,-2,-1,2,-2,-2,-1,-2,-2,-2,3,-2,-1,-1,-2,3,-2,-2 
"flscR","prugen",3,3,-2,-2,3,2,-2,-2,3,-2,-2,-2,-2,-2,-2,-2,-2,-2,2,3,-2,-2,-2,-2,-2,-2,-2,-2,-2,-2,-2,-2,2,-2,-2,-2,-2,-2,-2,-2,-2,2,-2,-2,-2,-2,-2,-2,-2,-2,3,-2,3,-2,-2,-2,-2,-2,-2 
"guamO","ptemar",-2,3,-2,-2,-2,-2,2,-2,-2,-2,-2,-2,-2,-2,-2,-2,-2,-2,3,-2,-2,-2,-2,-2,-2,-2,-2,-2,-2,-2,-2,-2,-2,-2,-2,-2,1,3,-2,-2,-2,-2,-2,-2,-2,-2,-2,-2,-2,-2,-2,-2,2,-2,-2,-2,3,-2,-2 
"harpO","ptinod",-2,-2,-1,-2,-2,-2,3,-2,-2,-2,3,-2,-2,3,2,-2,-2,-2,-2,-2,3,-2,-2,-2,-2,-2,-1,2,2,-2,-2,-2,-2,2,-2,-2,-1,-2,-2,-2,-2,-2,-2,-2,1,-2,-2,-2,2,-2,-2,3,-2,-2,-2,-1,-1,-1,-2 
"coloR","ptyluc",-2,-2,-2,-2,-2,-2,-2,-2,-2,-2,-2,-2,-2,-2,-2,-2,-2,-1,-2,-1,3,-1,-2,-2,-2,-2,-2,-2,-2,-2,-2,-2,-2,-2,-2,-2,1,-2,-2,-2,-2,-2,1,-2,-2,-2,-2,-2,-2,-2,-2,-1,-2,-2,-2,-2,-2,-2,-2 
"flopR","pumcon",-1,-1,-1,-1,-1,-2,-2,-2,-2,-2,-2,-2,-1,-2,-1,-2,-2,2,-2,-2,-2,-2,-2,-2,-2,-2,-1,-2,-2,-2,-2,-2,-2,-2,-2,-2,-2,-2,-2,-2,-2,-2,-2,-2,-2,-1,-1,-1,-2,-2,-2,-2,-2,-2,-1,-2,-2,-2,-1 
"alamO","pyrneo",-2,-2,-2,-2,-2,-2,-2,-2,-2,-2,-2,-2,-2,-2,-2,-2,-2,-2,-1,-2,-2,3,-2,-2,-2,-2,-2,3,3,-2,-2,-2,-2,-2,-2,-2,-1,-1,-2,-2,-2,-2,-2,-2,-1,-2,-2,-2,-2,-2,-2,3,-2,-2,-2,-2,-2,-1,-1 
"tombO","quasta",-2,-2,-2,-2,-2,3,-2,-2,-2,-2,-2,-2,-2,-2,-2,-2,-2,-2,-2,-2,3,-2,3,-2,-2,3,3,-2,-1,-2,-2,-2,-2,-1,-2,-2,-2,-2,-2,-2,-2,-2,-2,-2,-2,-2,-2,-2,-1,-2,-2,-2,-2,-2,-2,-2,-2,3,3 
"saltO","raloob",3,-2,-2,-2,-2,3,-2,3,-2,-2,-2,-2,-2,-2,-2,-2,-2,3,-2,-2,-2,-2,-2,-2,3,-2,3,-1,-1,-2,-2,-2,-2,-1,-2,-1,-2,-2,-2,-2,-2,3,-2,-2,-2,-2,-2,-2,-2,-2,-2,3,2,-2,-2,-2,2,-2,2 
"yumaO","raloyu",-2,-2,-2,-2,-2,-2,-2,-2,-2,-2,-2,-2,-2,-2,-2,-2,-2,-2,-2,-2,3,-1,3,-2,3,3,-2,-2,-2,-2,-2,-2,-2,-1,-2,-2,-2,-2,-2,-2,-2,3,-2,-2,-1,-2,-1,-2,-2,2,-2,3,-2,-2,-2,-2,3,-2,-2 
"selkR","rantar",-2,-2,-2,-2,3,-2,-2,-2,-2,-2,3,-2,-2,3,-2,-2,-2,2,-2,-2,-2,-2,-2,-2,-2,-2,-2,-2,-2,-2,-2,-2,-2,-2,-2,-2,-2,-2,-2,-2,-2,-2,-2,-2,2,-2,-2,-2,1,-2,-2,-2,2,-2,2,-2,-2,-2,-2 
"kendO","rhiosc",-2,-2,-2,-2,-1,-2,-2,-2,-2,-2,-2,-2,-2,-2,-2,-2,-1,-2,-1,-2,2,-2,-2,-2,-2,-2,-2,-2,-2,-2,-2,-2,-2,-2,-2,-1,-2,-2,-2,-2,-2,-2,-2,-2,-2,-2,-2,-2,-2,-2,-2,-2,-2,-2,-2,-2,-2,-2,-2 
"chapO","rhocha",-2,-2,-2,-2,-2,3,-2,-2,-2,-2,2,-2,-2,-2,-2,-2,-2,-2,3,-2,-2,-2,-2,-2,-2,-2,-2,-2,-2,-2,-2,-2,-2,-2,-2,-2,-2,-2,-2,-2,-2,2,-2,-2,-2,-2,-2,-2,-2,3,3,3,-2,-2,-2,-2,-2,-2,-2 
"everR","rossoc",-2,3,-2,-2,-2,-2,-2,-2,-2,-2,-2,-2,3,-2,-2,-2,-2,1,-2,1,-2,-2,-2,-2,-2,-2,3,-2,-1,-2,-1,-2,-2,-1,-2,-2,-2,-2,-2,-2,-2,-1,-2,-2,-2,-2,3,-2,-2,-2,-2,3,-2,-2,3,-2,3,-2,-2 
"grpiR","sarore",-1,-2,2,2,2,-2,3,3,3,3,3,-2,-2,-2,-2,-2,3,-2,3,-2,-2,3,3,-2,-2,-2,-2,-2,-2,-2,-2,-2,-2,-1,-2,-2,-2,-2,-2,-2,-2,3,-2,-2,-2,-2,-2,-2,-2,-2,3,3,3,-2,-2,-2,-2,-2,-2 
"pallO","scaalb",-2,-2,-2,-2,-2,-2,-2,-2,-2,-2,-2,-2,-2,-2,-2,-2,-2,-1,-2,-2,3,-2,3,-2,-2,-2,-2,-1,-1,-2,-2,-2,-2,-2,-2,-2,-2,-2,-2,-2,-2,-2,-2,-1,-1,-2,-1,-2,-2,-2,-2,3,-2,-2,-2,-2,-2,-2,-1 
"maplO","schhal",-2,-2,-2,-2,-2,-2,-2,-2,-2,-2,-2,-2,-2,-2,-2,-2,2,-2,-2,-2,-2,-2,-2,-2,-2,-2,-2,-2,-2,-2,-2,-2,-2,-2,-2,-2,-1,-1,-2,-2,-2,-2,-1,-2,-2,-2,-2,-2,-2,-2,-1,-2,-2,-2,-1,-2,-2,-1,-2 
"oahpO","schkaa",-2,-2,-2,-2,-2,-2,-2,-2,-2,-2,-2,-2,-2,-2,-2,-2,3,-2,-2,-2,-2,-2,-2,-2,-2,-2,-2,-2,-2,-2,-2,-2,-2,-2,-2,-2,3,3,-2,-2,-2,3,3,-2,-2,-2,-2,-2,-2,-2,3,-2,-2,-2,3,-2,-2,3,-2 
"oahpO","schkea",-2,-2,-2,-2,-2,-2,-2,-2,-2,-2,-2,-2,-2,-2,-2,-2,-2,-2,-2,-2,-2,-2,-2,-2,-2,-2,-2,-2,-2,-2,-2,-2,-2,-2,-2,-2,3,3,-2,-2,-2,-2,-2,-2,-2,-2,-2,-2,-1,-2,3,-2,-2,-2,-1,-2,-2,3,-2 
"kaupO","schspe",-2,-2,-2,-2,-2,-2,-2,-2,-2,-2,-2,-2,-2,-2,-2,-2,3,-2,-2,-2,-2,-2,-2,-2,-2,-2,-2,-2,-2,-2,-2,-2,-2,-2,-2,-2,3,-2,-2,-2,-2,-2,-2,-2,-2,-2,-2,-2,-2,-2,3,-2,-2,-2,-2,-2,-2,-2,-2 
"delmR","scinig",3,3,-2,-2,3,-2,3,-2,-2,-2,-2,-2,1,3,-2,-2,-2,1,-2,-2,-2,-2,-2,-2,-2,-2,-2,-2,-2,-2,-2,-2,-2,-2,-2,-2,2,3,-2,-2,-2,-2,-2,2,2,3,-2,-2,-2,3,-2,-2,3,-2,-2,-2,-2,-2,-1 
"enruO","soldry",3,3,2,3,3,-2,2,-2,-2,-2,-2,-2,2,3,-2,-2,-2,-2,-2,2,-2,-2,-2,-2,-2,-2,-2,-2,-2,-2,-2,-2,-2,-2,-2,-2,-2,-2,-2,-2,-2,-2,-2,-2,-2,-2,-2,-2,-2,1,-2,-2,3,-2,-2,-2,-2,-2,-2 
"hougO","solhou",-2,3,-2,-2,3,-2,-2,-2,-2,-2,-2,-2,-2,-2,-2,-2,-2,-2,-2,3,-2,-2,-2,-2,-2,-2,-2,-2,-2,-2,-2,-2,-2,-2,-2,-2,-2,-2,-2,-2,-2,-2,-2,-2,-2,-2,-2,-2,-2,-2,-2,3,-2,3,-2,-2,-2,-2,-2 
"alabR","spepou",-1,-2,-2,-2,-2,-2,-2,-2,-2,-2,-2,-2,-2,-2,-2,-2,-2,-2,-1,-2,-2,-2,-2,-1,-2,-2,-2,-1,-1,-2,-2,-2,-1,-1,-2,-1,-2,-2,-2,-2,-2,-2,-2,-2,-2,-2,-2,-2,-2,-2,-2,-1,-2,-1,-2,-2,-2,-2,-2 
"caleO","steant",-2,3,-2,-2,-2,-2,-2,-2,-2,-2,-2,-2,-2,-2,-2,-2,-2,-2,-2,3,-2,-2,-2,-2,3,-2,-2,-2,3,-2,-2,-2,-2,-2,-2,-2,-2,-1,-2,-2,-2,-2,-2,-2,-1,-2,-2,-2,-1,-2,-2,-1,-2,-2,-2,-2,3,-2,-2 
"kaupO","stecam",-2,-2,-2,-2,-2,-2,-2,-2,-2,-2,-2,-2,-2,-2,-2,-2,3,-2,3,-2,-2,-2,-2,-2,-2,-2,-2,-2,-2,-2,-2,-2,-2,-2,-2,-2,3,-2,-2,-2,-2,-2,-2,-2,-2,-2,-2,-2,-2,-2,3,-2,-2,-2,-2,-2,-2,-2,-2 
"mexiO","strocc",-2,-1,-2,-2,-1,-2,-2,-2,-2,-2,-2,-2,-2,3,-1,-1,-1,-2,-2,2,-2,-2,-2,-2,-2,-2,-1,-2,-2,-2,-2,-2,-2,-2,-2,-2,-2,-2,-2,1,-2,-2,-2,-2,2,1,2,1,-2,-2,3,-2,-2,-2,-2,-2,-2,3,-2 
"loweO","sylpal",3,3,-2,-2,3,2,-2,-2,-2,-2,-2,-2,1,-2,-2,-2,-2,3,-2,2,-2,-2,-2,-2,-2,-2,-2,-2,-2,-2,-2,-2,-2,-2,-2,-2,-2,3,-2,-2,-2,2,-2,-2,-2,-2,3,-2,-2,-2,-2,-2,-2,-2,-2,-2,-2,-2,3 
"lanaO","tetrem",-1,-2,-2,-2,-2,-2,-2,3,-2,-2,-2,-2,-2,-2,-2,-2,3,-2,-2,-1,-2,-2,-2,-2,-2,-2,-2,-2,-2,-2,-2,-2,-2,-2,-2,-2,3,-2,-2,-2,-2,-1,3,-2,-2,-2,-2,-2,-2,-2,3,-2,-2,-2,-1,-2,-1,3,3 
"karsO","texred",1,1,1,1,1,-2,-1,-1,-1,-1,-2,-2,-2,-2,-2,-2,1,-2,-2,-2,-2,3,-2,3,-2,-2,-2,-2,-1,-2,-2,-2,-2,-1,-2,-2,-2,3,-2,-2,-2,3,-2,-2,-2,-2,-1,-2,-2,-2,-2,-2,-2,-2,-2,-2,-2,-2,-2 
"coolO","thacoo",1,2,2,2,2,2,1,1,1,1,1,1,1,1,1,1,1,1,1,1,1,1,1,1,1,1,1,1,1,1,1,1,1,1,1,1,1,1,1,1,1,1,1,1,1,1,1,1,1,2,2,2,2,2,3,1,1,1,1 
"pedaO","theste",3,3,-2,-2,-2,-2,-2,-2,-2,-2,-2,-2,-2,-2,-2,-2,1,-2,-2,-2,3,-2,2,2,3,-2,-2,-2,-2,-2,-2,-2,-2,-2,-2,-2,-1,1,-2,-2,-2,2,-2,-2,-1,-2,-2,-2,-2,-2,-2,-2,-2,-2,-2,-2,3,-2,-2 
"soccO","thethe",-2,-2,-2,3,-2,-2,-2,-2,-2,-2,-2,-2,-2,-2,-2,-2,2,-2,-2,-2,-2,3,-2,-2,-2,3,3,-2,2,-2,-2,-2,-2,2,-2,-2,-1,-1,-2,-2,-2,-2,-2,-2,-2,-2,-2,-2,-2,-2,-2,-2,-2,-2,-1,-2,3,3,3 
"prfeO","theyau",-2,-2,-2,-2,-2,3,-2,-2,-2,-2,-2,-2,-2,-2,-2,-2,-2,-2,-1,-2,-2,-2,-2,-2,-2,-2,-2,-2,-2,-2,-2,-2,-2,-2,-2,-2,-2,-2,-2,-2,-2,-2,-2,-2,-2,-2,-2,-2,-2,-2,-2,-2,-2,-2,-2,-2,-2,-1,-2 
"westR","triman",-2,-1,-2,-2,-2,-1,-2,-2,-2,-2,-2,-2,-2,-2,-2,-2,-2,3,-2,3,-2,-2,3,-2,-2,2,-2,-1,-1,-2,-2,-2,-2,-1,-2,-2,-2,-2,-2,-1,-2,-2,-2,-2,-2,-1,-2,-2,-2,-2,-2,-2,-2,-1,-2,-2,3,3,2 
"bariO","tritri",-2,2,-2,-2,2,-2,-2,-2,-2,-2,-2,-2,-2,2,-2,-2,-2,-2,-2,-2,-2,-2,-2,-2,-2,-2,-2,-2,-2,-2,-2,-2,-2,-2,-2,-2,-2,-2,-2,-2,-2,-2,-2,-2,-2,-2,-2,-2,-2,-2,-2,2,-2,-2,-2,-2,-2,-2,-2 
"attwR","tymcup",3,3,-2,-2,2,-2,3,3,-2,-2,-2,-2,-2,-2,-2,1,3,-2,-2,-2,-2,-2,-2,-2,-2,-2,-2,-2,-2,-2,-2,-2,-2,-2,-2,-2,-2,3,3,-2,3,-2,-2,3,3,-2,-2,3,-2,3,-2,-2,-2,-2,3,-2,3,3,-2 
"grizR","ursarc",-2,-2,3,-2,3,-2,-2,-2,-2,-2,-2,-2,-2,3,3,2,2,3,-2,2,-2,-2,-2,-2,-2,-2,-2,-2,-2,-2,-2,-2,-2,2,-2,-2,-2,-2,-2,-2,-2,-2,-2,-2,-2,-2,-2,-2,-2,-2,2,-2,-2,-2,2,2,-2,3,1 
"flscR","warcar",3,3,-2,-2,3,-2,-2,-2,3,-2,-2,-2,-2,-2,-2,-2,-2,-2,-2,2,-2,-2,-2,-2,-2,-2,-2,-2,-2,-2,-2,-2,2,-2,-2,-2,-2,-2,-2,-2,-2,-2,-1,-2,-2,-2,-2,-2,-2,-1,-1,-2,-2,-2,-2,-2,-2,-2,-2 
"cachO","xanriv",-2,-2,-2,-2,-2,3,-2,-2,-2,-2,-2,-2,-2,-2,-2,-2,-2,-2,-2,-2,-2,-2,-2,-2,-2,-2,-2,-2,-2,-2,-2,-2,-2,-2,-2,-2,-2,3,-2,-2,-2,3,-2,-2,3,-2,-2,-2,-2,-2,-2,-2,-2,3,-2,-2,-2,-2,3 
"flscR","zizcel",3,3,-2,-2,3,-2,-2,-2,-2,2,-2,-2,-2,-2,-2,-2,-2,-2,2,-2,-2,-2,-2,-2,-2,-2,-2,-2,-2,-2,-2,-2,1,-2,-2,-2,2,-2,-2,-2,-2,-2,-2,-2,-2,-2,-2,-2,-2,-2,2,-2,3,-2,2,-2,-2,-2,-2 
"edwaR","ziztex",3,-2,-2,-2,-2,-2,-2,3,-2,-2,-2,-2,-2,-2,-2,-2,-2,3,-2,-2,3,3,3,3,-2,-2,-2,3,3,-2,3,-2,2,3,-2,-2,2,-2,-2,-2,-2,-2,-2,-2,-2,-2,-2,-2,-2,-2,-2,-2,-2,-2,-2,-2,3,3,-2 
