"PLAN","SPECIES","235X","236X","237X","238X","239X","240X","241X","242X","243X","244X","245X","246X","247X","248X","249X","250X","251X","252X","253X","254X","255X","256X","257X","258X","259X","260X","261X","262X","263X","264X","265X","266X","267X","268X","269X","270X","271X","272X","273X","274X","275X","276X","277X","278X","279X","280X","281X","282X","283X","284X","285X","286X","287X","288X","289X","290X","291X","292X","293X"
"largO","abrmac",0,0,0,0,0,0,0,0,0,0,0,0,0,0,0,0,0,0,0,0,0,0,0,0,0,0,0,0,0,0,0,0,0,0,0,0,0,0,0,0,0,0,1,0,2,0,0,3,2,3,1,1,1,0,1,0,1,0,0 
"lanaO","abuere",0,0,0,0,0,1,0,0,0,0,0,0,0,0,0,0,0,0,0,0,0,0,0,0,0,0,0,0,0,0,0,0,0,0,0,0,3,13,0,2,0,2,1,0,0,0,0,0,0,0,2,0,0,0,0,0,0,0,0 
"oahpO","abusan",-2,-2,-2,-2,-2,-2,-2,-2,-2,-2,-2,-2,-2,-2,-2,-2,2,1,1,1,-2,-2,-2,-2,-2,-2,-2,-2,-2,-2,-2,-2,-2,-2,-2,-2,1,2,1,1,1,3,0,-2,-2,1,-2,-2,-2,-2,1,-2,-2,-2,-2,-2,-2,-2,-2 
"prraO","accstr",0,0,0,0,1,0,0,0,0,0,0,0,0,0,0,0,0,0,0,0,0,0,0,0,0,0,0,0,0,0,0,0,0,0,0,0,0,0,0,0,0,0,0,1,0,1,0,0,0,0,0,0,0,0,0,0,0,0,0 
"oahtO","achlil",0,0,0,0,0,0,0,0,0,0,0,0,0,0,0,0,1,0,0,0,0,0,0,0,0,0,0,0,0,0,0,0,0,0,0,0,0,13,0,0,0,0,0,0,0,0,0,0,0,0,0,0,0,0,0,0,0,0,0 
"nighO","acrlus",4,0,4,0,0,0,0,0,0,0,0,0,4,0,0,0,0,0,0,0,0,0,0,0,0,0,0,0,0,0,0,0,0,0,0,0,0,2,0,0,0,1,0,0,0,0,0,0,0,0,0,0,0,0,0,0,0,0,0 
"sensO","aesvir",0,0,0,0,0,0,0,0,0,0,0,0,0,0,0,0,0,0,0,1,0,0,0,0,0,0,2,0,0,0,0,0,0,1,0,0,1,2,0,0,0,0,0,0,1,0,0,0,0,0,0,0,0,0,0,0,0,0,0 
"dwweO","alahet",0,0,1,0,0,0,2,0,0,0,0,0,0,2,0,0,0,0,0,0,1,0,0,0,0,0,0,2,6,0,0,0,0,5,0,0,0,0,0,0,0,0,0,0,0,0,0,0,0,0,0,1,0,0,0,0,0,0,0 
"maplO","alemac",0,0,0,0,0,0,0,0,0,0,0,0,0,0,0,0,4,0,3,0,0,0,0,0,0,0,0,0,0,0,0,0,0,0,0,0,3,6,1,0,2,1,6,0,0,0,0,0,1,0,1,0,0,3,2,0,0,1,0 
"kauaO","alslyc",0,0,0,0,0,0,0,0,0,0,0,0,0,0,0,0,0,0,0,1,-2,-2,-2,-2,-2,-2,-2,-2,-2,-2,-2,-2,-2,-2,-2,-2,3,5,2,2,0,9,1,0,0,0,-2,0,0,0,0,0,0,0,0,0,0,0,0 
"oahpO","alsobo",-2,-2,-2,-2,-2,-2,-2,-2,-2,-2,-2,-2,-2,-2,-2,-2,2,1,1,1,-2,-2,-2,-2,-2,-2,-2,-2,-2,-2,-2,-2,-2,-2,-2,-2,1,2,1,1,1,3,0,-2,-2,-2,-2,-2,-2,-2,-2,-2,-2,-2,-2,-2,-2,-2,-2 
"kauaO","alsvis",0,0,0,0,0,0,0,0,0,0,0,0,0,0,0,0,4,0,0,0,0,0,0,0,0,0,0,0,0,0,0,0,0,0,0,0,1,5,0,0,0,2,0,0,0,0,0,0,0,0,1,0,0,0,1,0,0,0,0 
"prpaO","amavit",0,0,0,0,0,1,0,0,0,0,0,0,0,2,0,0,0,2,2,0,0,0,0,0,0,0,0,0,0,0,0,0,0,0,0,0,2,2,0,0,2,0,2,4,2,2,0,0,0,0,0,0,0,0,0,0,0,0,0 
"ashmO","ambama",0,0,0,0,0,-2,0,0,0,0,0,0,0,0,0,0,0,0,0,0,0,2,0,2,0,0,-2,0,0,0,0,0,0,0,0,0,1,4,0,0,0,0,-2,1,1,0,0,0,-2,-2,-2,0,0,-2,0,0,0,0,-2 
"ozarR","ambros",0,0,0,0,0,0,0,0,0,0,0,0,0,0,0,0,0,0,2,3,1,1,1,3,1,1,0,4,3,0,0,0,3,4,0,0,0,0,0,0,0,0,0,0,0,0,0,0,2,0,0,1,0,0,0,0,0,0,0 
"sonoR","antame",0,0,0,0,1,1,0,1,0,0,0,0,0,0,0,0,1,0,0,0,0,1,0,0,0,0,0,0,0,0,0,0,0,0,0,3,1,0,0,0,0,0,0,1,2,1,0,1,0,0,0,0,1,0,1,0,1,0,0 
"antiR","apomor",0,0,0,0,0,0,0,0,2,0,0,0,0,0,5,0,0,0,0,1,0,0,0,0,0,0,0,0,0,0,0,0,0,0,0,0,0,0,0,0,0,0,4,0,0,0,1,0,0,0,0,0,0,0,0,0,0,0,0 
"raveO","archoo",0,0,0,0,0,0,0,0,0,0,0,0,0,0,0,0,0,0,1,0,0,0,0,0,0,0,0,0,0,0,0,0,0,0,0,0,3,0,0,0,0,0,0,2,2,0,0,0,0,0,1,0,0,1,0,0,0,0,0 
"dwbeO","archum",0,2,0,0,0,-2,0,0,0,0,0,-2,-2,0,4,0,0,0,1,5,-2,-2,-2,-2,-2,-2,-2,-2,-2,0,0,0,0,0,0,-2,0,0,0,0,0,0,-2,0,0,0,0,0,0,0,0,0,0,0,0,0,0,0,0 
"fourO","arcmor",0,1,0,1,2,0,0,0,0,0,0,0,0,0,0,0,0,0,0,0,0,0,0,0,0,0,0,0,0,0,0,0,0,0,0,0,6,0,0,0,0,2,0,0,0,0,0,0,0,0,5,0,0,0,0,0,0,1,0 
"maunO","argsan",0,0,0,0,0,0,0,0,0,0,0,0,0,0,0,0,0,0,0,0,0,0,0,0,0,0,0,0,0,0,0,0,0,0,0,0,-2,15,-2,-2,-2,15,-2,-2,-2,-2,-2,-2,-2,-2,-2,-2,-2,-2,2,-2,-2,1,-2 
"anthO","athant",0,0,0,0,0,0,0,0,0,0,0,0,0,0,1,0,0,0,0,0,0,0,0,0,0,0,0,1,1,0,0,0,0,0,0,0,0,0,0,0,0,0,1,0,0,0,0,0,0,0,0,0,0,0,0,0,0,0,0 
"virgR","betube",0,0,0,0,0,0,0,0,0,0,0,0,0,0,0,0,0,0,3,0,0,0,0,0,-2,-2,0,0,0,0,0,0,0,0,0,0,0,0,0,0,0,0,0,2,0,0,-2,2,0,0,0,0,0,1,0,0,0,0,0 
"flscR","bongra",4,4,0,1,4,0,0,0,0,4,0,0,0,0,0,0,1,0,1,0,0,0,0,0,0,0,0,0,0,0,0,0,1,0,0,0,1,0,0,0,0,0,0,0,0,0,0,0,0,0,4,0,0,0,0,0,0,0,1 
"aleuR","bracan",0,5,0,0,0,0,0,0,0,0,0,0,0,0,0,0,0,4,0,0,0,0,0,0,0,0,0,0,0,0,0,0,0,0,0,0,0,3,0,2,0,0,0,1,1,0,0,0,0,0,0,0,7,0,0,0,0,0,0 
"cavpO","brasan",-2,8,-2,-2,-2,8,-2,-2,-2,-2,-2,-2,-2,-2,-2,-2,3,-2,-2,-2,-2,-2,-2,-2,-2,-2,4,1,1,-2,-2,-2,2,1,-2,2,0,4,0,0,0,4,-2,0,0,0,-2,0,-2,-2,2,4,0,-2,0,0,0,1,-2 
"kaupO","briins",-2,-2,-2,-2,-2,1,-2,-2,-2,-2,-2,-2,0,-2,-2,-2,-2,-2,1,-2,-2,-2,-2,-2,-2,-2,-2,-2,-2,-2,-2,-2,-2,-2,-2,-2,8,7,5,-2,4,0,7,-2,-2,-2,-2,-2,2,-2,2,-2,-2,-2,3,-2,-2,1,3 
"palmO","calriv",-1,-1,-1,-1,-1,0,0,0,0,0,0,0,0,0,0,0,0,0,0,0,0,0,0,0,0,0,0,0,0,0,0,0,0,0,0,0,0,0,0,0,0,0,0,0,1,0,0,0,0,0,0,0,0,0,0,0,0,0,0 
"grayO","canlup",0,0,0,0,0,0,0,0,0,0,0,0,0,0,0,0,0,0,0,0,0,0,0,0,0,0,0,0,0,0,0,0,0,0,0,0,0,0,0,0,0,0,0,0,0,0,3,3,4,0,0,0,0,0,0,0,0,0,0 
"eastR","canlup",0,0,0,0,7,0,0,0,0,0,0,0,0,5,1,0,0,8,0,0,0,0,0,0,0,0,0,0,0,0,0,0,0,0,0,0,0,0,3,3,3,11,0,0,0,0,12,3,0,0,0,0,0,0,0,0,0,0,0 
"redwR","canruf",0,0,0,0,0,0,0,0,0,0,0,0,0,0,0,0,0,0,0,0,0,0,0,0,0,0,0,0,0,0,0,0,0,0,0,0,0,0,0,0,0,0,0,0,0,0,2,0,3,0,0,0,0,0,5,0,0,0,0 
"ashmO","cennam",0,0,0,0,0,0,0,0,0,0,0,0,0,0,2,0,0,0,0,0,0,2,0,2,0,0,0,0,0,0,0,0,0,0,0,0,5,0,0,0,0,7,2,0,0,0,0,0,0,0,0,2,0,0,0,0,0,0,0 
"cuiuR","chacuj",0,0,0,0,0,0,0,0,0,0,0,0,0,0,0,0,0,0,0,0,3,0,0,0,0,0,2,4,7,0,0,0,0,3,0,0,0,0,0,0,0,0,0,0,0,0,0,0,0,2,0,13,0,2,2,0,0,3,0 
"pineO","chagar",2,2,0,0,0,0,0,2,0,0,0,0,0,0,0,0,0,0,0,0,0,0,0,0,0,0,0,0,0,0,0,0,1,0,0,0,1,0,0,0,0,1,0,0,0,0,0,0,0,1,1,0,0,0,0,0,0,0,0 
"oahpO","charoc",-2,-2,-2,-2,-2,-2,-2,-2,-2,-2,-2,-2,-2,-2,-2,-2,-2,-2,-2,-2,-2,-2,-2,-2,-2,-2,-2,-2,-2,-2,-2,-2,-2,-2,-2,-2,2,-2,-2,-2,-2,4,-2,-2,-2,-2,-2,-2,-2,-2,-2,-2,-2,-2,7,-2,-2,-2,-2 
"flogO","chrflo",-2,2,-2,-2,-2,-2,-2,-2,-2,-2,-2,-2,-2,-2,1,-2,-2,-2,1,0,-2,-2,-2,-2,-2,-2,-2,-2,-2,-2,-2,-2,-2,-2,-2,-2,-2,-2,-2,-2,-2,-2,-2,-2,-2,-2,-2,-2,-2,-2,1,-2,-2,-2,-2,-2,-2,-2,0 
"nortO","cicdor",0,0,0,0,0,1,0,0,0,0,0,0,0,0,0,0,0,0,0,0,0,0,0,0,0,0,0,0,0,0,0,0,0,0,0,0,0,0,0,0,0,0,0,0,0,0,0,0,0,0,0,0,0,0,0,0,0,0,0 
"maskR","colvir",0,0,0,0,0,0,0,0,0,0,0,0,0,0,0,0,2,0,0,0,0,0,0,0,0,0,0,0,0,0,0,0,0,0,0,0,0,0,0,0,0,2,0,1,0,0,0,0,0,0,1,0,0,0,2,0,1,0,0 
"hawcO","corhaw",0,0,0,0,0,0,0,0,0,0,0,0,0,0,0,0,4,3,0,0,0,0,0,0,0,0,0,0,0,0,0,0,0,0,0,0,4,3,1,1,2,5,0,0,0,0,0,0,0,0,0,0,0,0,0,0,0,0,0 
"amcrR","croacu",0,2,1,0,3,0,0,0,0,0,0,0,0,0,0,0,0,3,0,2,0,1,0,0,0,1,0,0,0,0,0,0,0,1,0,0,1,2,0,0,0,1,0,0,1,0,0,0,0,0,0,0,0,0,0,0,0,0,1 
"newmO","crowil",0,0,0,0,0,1,0,0,0,0,0,0,0,0,1,0,0,0,3,1,0,0,0,0,0,0,0,0,0,0,0,0,0,0,0,0,0,0,0,0,0,0,0,0,1,0,1,0,0,0,0,0,0,0,0,0,0,0,0 
"sccyO","cupabr",0,0,0,0,0,1,0,0,0,0,0,0,0,0,0,0,0,0,0,0,0,0,0,0,0,0,0,0,0,0,0,0,0,0,0,0,5,0,0,0,0,0,0,0,0,0,0,7,0,0,6,0,3,0,2,0,0,2,0 
"moloO","cyaman",1,0,0,0,0,0,0,1,0,0,0,0,0,0,0,0,2,0,2,0,0,0,0,0,0,0,0,0,0,0,0,0,0,0,0,0,0,1,0,2,0,2,2,0,0,0,-2,2,2,0,1,0,0,0,1,0,0,1,0 
"biplO","cyashi",0,0,0,0,0,0,0,0,0,0,0,0,0,0,0,0,2,1,0,0,0,0,0,0,0,0,0,0,0,0,0,0,0,0,0,0,2,5,1,1,0,0,-2,0,0,0,0,1,-2,0,2,0,0,-2,0,0,0,0,0 
"fishR","cypfor",0,0,0,0,0,0,0,3,0,0,0,0,0,0,2,0,1,0,0,0,0,4,0,3,0,0,0,1,0,0,0,0,0,0,0,0,3,3,0,0,0,0,2,1,0,0,0,0,0,0,0,4,1,0,0,0,2,0,0 
"kauaO","cyrcya",0,0,0,0,1,0,0,0,0,0,0,0,0,0,0,0,0,0,0,0,0,0,0,0,0,0,0,0,0,0,0,0,0,0,0,0,1,6,0,1,0,0,0,0,0,0,0,0,0,0,1,0,0,0,1,0,0,0,0 
"biplO","cyrgif",0,0,0,0,0,0,0,0,0,0,0,0,0,0,0,0,2,1,0,0,0,0,0,0,0,0,0,0,0,0,0,0,0,0,0,0,2,5,1,1,0,0,-2,0,0,0,0,1,-2,0,2,0,0,-2,0,0,0,0,-2 
"oahpO","cyrvir",0,0,0,0,0,0,0,0,0,0,0,0,0,0,0,0,0,0,0,0,0,0,0,0,0,0,0,0,0,0,0,0,0,0,0,0,1,2,0,0,0,0,0,0,0,0,0,0,0,0,1,0,0,0,1,0,0,0,0 
"kirtR","denkir",0,0,0,0,0,-3,0,0,0,0,0,0,-3,0,0,0,0,0,3,-3,0,0,0,0,0,0,-3,0,0,0,0,0,0,0,0,-3,0,0,0,0,0,0,-3,0,2,1,0,1,-3,0,1,0,0,-3,0,0,0,0,-3 
"flomO","dicchr",0,0,0,0,0,1,0,0,0,0,0,0,1,0,0,0,0,0,0,0,0,0,0,0,0,0,0,0,0,0,0,0,0,0,0,0,0,0,0,0,0,0,0,0,0,0,0,0,0,2,1,0,0,0,0,0,0,0,0 
"tennR","echten",0,1,1,0,0,0,0,0,0,0,0,0,1,0,0,0,2,0,1,2,0,0,0,0,0,0,0,0,0,0,0,0,0,0,0,0,0,0,0,0,0,0,0,4,0,0,-2,1,0,3,1,0,0,0,0,0,0,0,0 
"tarrR","ellste",0,0,0,2,0,0,1,0,0,0,0,0,0,1,0,8635,0,0,0,0,2,0,0,0,0,0,0,3,3,0,0,0,0,3,0,0,1,0,0,0,0,0,0,0,0,0,0,0,0,0,0,0,0,0,0,0,0,0,0 
"cavpO","eryari",0,4,0,0,0,4,0,0,0,0,0,0,0,0,0,0,2,0,0,1,0,0,0,0,0,0,0,1,1,0,0,0,2,1,0,0,4,1,0,0,0,0,0,0,0,0,-2,0,0,0,2,3,0,0,0,0,0,2,0 
"antiR","erycap",6,-2,-2,-2,-2,2,-2,-2,-2,1,-2,-2,-2,-2,-2,-2,-2,-2,-2,1,-2,-2,-2,-2,-2,-2,-2,-2,-2,-2,-2,-2,-2,-2,-2,-2,1,-2,-2,-2,-2,-2,-2,-2,-2,-2,-2,-2,-2,1,-2,-2,-2,-2,-2,-2,-2,-2,-2 
"flscR","erycun",5,5,0,0,1,0,0,0,0,5,0,0,0,0,0,0,0,0,0,1,0,0,0,0,0,0,0,0,0,0,0,0,1,0,0,0,1,0,0,0,0,0,0,0,0,0,0,0,0,0,4,0,0,0,0,0,0,0,0 
"seveO","erymen",2,2,0,0,0,0,0,0,0,0,0,0,0,0,0,0,0,0,0,0,0,0,0,0,0,0,0,0,0,0,0,0,0,0,0,0,3,0,0,0,0,2,0,0,0,0,0,1,0,0,0,0,1,0,0,0,0,0,0 
"threO","eryter",0,2,0,0,1,0,0,0,0,0,0,0,0,-2,-2,-2,-2,-2,-2,1,-2,-2,-2,-2,-2,-2,-2,-2,-2,-2,-2,-2,-2,-2,-2,-2,-2,-2,-2,-2,-2,-2,-2,-2,-2,-2,-2,-2,-2,1,1,-2,0,-2,-2,-2,-2,-2,-2 
"slacO","ethbos",0,0,0,0,0,0,0,2,0,0,0,0,0,0,0,0,0,0,0,0,0,0,1,0,0,0,0,0,0,0,0,0,0,1,0,0,0,0,0,0,0,0,0,1,0,0,0,0,0,0,0,1,0,0,0,0,0,0,0 
"edwaR","ethfon",0,0,0,0,0,-2,0,0,0,0,0,0,-2,0,0,0,0,0,0,-2,0,0,0,5,0,0,-2,7,7,0,0,0,0,1,0,-2,3,3,1,0,1,3,-2,0,0,0,0,0,-2,0,0,5,0,-2,0,0,0,3,-2 
"wateR","ethnuc",0,0,0,0,0,0,0,0,0,0,0,0,0,0,0,0,0,0,0,0,0,0,0,0,0,0,0,0,1,0,0,0,0,1,0,0,0,0,0,0,0,0,0,0,0,0,0,0,0,0,0,0,0,0,0,0,0,0,0 
"okalO","ethoka",1,1,1,0,1,-2,0,0,0,0,0,0,0,0,0,0,0,0,0,0,1,0,0,0,0,0,0,1,1,0,0,0,0,1,0,-2,3,3,0,0,0,1,-2,4,3,0,0,0,-2,0,0,2,0,-2,0,0,1,0,-2 
"bayoR","ethrub",10,0,0,0,0,0,9,0,0,0,0,0,0,0,10,10,0,0,0,0,0,0,0,0,0,0,0,0,0,0,0,0,0,4,0,0,0,0,0,0,0,0,0,0,0,0,0,0,0,0,0,0,0,0,0,0,0,0,0 
"maryR","ethsel",0,1,1,0,0,3,0,0,0,0,0,0,2,0,0,0,0,0,1,0,0,0,0,0,0,0,2,5,7,0,0,0,0,0,0,1,0,0,0,0,0,0,0,0,0,0,0,0,0,0,0,0,0,0,0,0,0,0,0 
"elseO","eupbat",0,0,0,0,0,0,0,0,0,0,0,0,0,0,0,0,0,0,1,0,0,0,0,0,0,0,0,0,0,0,0,0,0,0,0,0,0,0,0,0,0,1,1,0,0,0,0,0,0,0,0,0,0,0,0,0,0,0,1 
"edwaR","eurnan",0,0,0,0,0,0,0,0,0,0,0,0,0,0,0,0,0,0,0,2,0,0,0,1,0,0,0,2,0,0,0,0,0,1,0,0,2,0,0,0,0,0,0,0,1,0,0,1,0,0,0,0,0,0,1,0,0,0,0 
"pereO","falper",0,11,11,0,0,-2,0,0,0,0,0,0,-2,0,0,0,0,16,16,-2,0,0,0,0,0,0,-2,0,0,0,0,0,0,0,0,9,0,0,0,0,0,0,-2,0,1,0,0,1,-2,0,0,0,0,-2,0,0,0,0,-2 
"ampeO","falper",0,0,7,2,0,-2,-2,-2,-2,-2,-2,-2,-2,-2,-2,-2,-2,4,4,5,-2,-2,-2,-2,-2,-2,-2,-2,-2,-2,-2,-2,-2,7,-2,-2,-2,-2,-2,-2,-2,-2,-2,2,2,2,6,3,-2,-2,-2,-2,-2,-2,-2,0,-2,-2,1 
"hawwR","fulame",0,0,-2,-2,-2,-2,-2,-2,-2,-2,-2,0,-2,-2,-2,-2,-2,0,-2,-2,-2,-2,-2,-2,0,-2,-2,-2,-2,-2,-2,-2,-2,2,-2,-2,1,2,-2,-2,-2,-2,-2,-2,7,-2,-2,-2,-2,-2,-2,2,0,-2,-2,-2,-2,-2,-2 
"lanaO","gahlan",1,0,0,0,0,0,0,0,0,0,0,0,0,0,0,0,0,0,0,0,0,0,0,0,0,0,0,0,0,0,0,0,0,0,0,0,4,5,0,0,1,0,0,0,0,0,0,0,0,0,2,0,0,0,0,0,0,0,0 
"hawwR","galchl",-1,-1,-1,-1,-1,-1,-1,-1,-1,-1,0,0,-1,0,0,0,0,0,0,0,0,0,0,0,0,0,0,0,0,0,0,0,0,3,0,0,4,12,0,0,0,1,4,0,0,0,0,3,0,0,0,2,0,0,0,0,0,1,2 
"edwaR","gamgeo",0,0,0,0,0,-2,0,0,0,0,0,0,-2,0,0,0,0,0,0,3,0,0,1,3,0,0,0,5,5,0,0,0,0,3,0,0,4,4,0,0,0,4,0,0,0,0,0,0,0,0,0,3,0,0,0,0,1,0,0 
"hawgO","garbri",-2,0,-2,-2,-2,-2,0,-2,-2,-2,-2,-2,-2,-2,-2,-2,17,-2,0,-2,-2,-2,-2,-2,-2,-2,-2,-2,-2,-2,-2,-2,-2,-2,-2,-2,18,39,0,-2,18,0,-2,-2,-2,-2,-2,-2,-2,-2,16,-2,-2,-2,23,1,0,-2,-2 
"unarR","gasacu",0,3,0,0,0,0,0,1,0,0,0,0,0,0,0,0,0,0,0,1,0,0,0,0,0,0,0,1,1,0,0,0,0,0,0,0,2,2,0,0,0,0,0,1,1,0,0,0,0,0,0,3,0,0,1,0,2,3,0 
"maplO","gerarb",0,0,0,0,0,0,0,0,0,0,0,0,0,0,0,0,0,0,1,0,0,0,0,0,0,0,0,0,0,0,0,0,0,0,0,0,7,6,0,0,0,5,0,0,0,0,0,0,1,0,2,0,0,0,1,0,0,1,0 
"humpR","gilcyp",0,0,0,1,0,0,0,0,0,0,0,0,0,0,0,0,0,1,0,0,1,1,1,0,0,0,0,1,0,0,0,0,0,1,0,0,1,1,1,0,0,0,0,0,0,0,0,0,2,0,0,1,0,0,1,0,0,1,0 
"bonyR","gilele",0,0,0,0,0,0,0,0,0,0,0,0,0,0,0,0,0,0,0,0,0,0,0,0,0,0,1,0,1,-2,-2,0,0,0,0,0,2,2,0,0,0,0,0,2,1,0,0,0,2,0,0,5,0,2,0,0,0,0,0 
"chihO","gilnig",0,0,0,0,0,0,0,0,0,0,0,0,1,0,0,0,0,0,1,0,1,1,1,0,0,0,1,0,0,0,0,0,0,0,0,0,1,1,0,0,0,0,0,0,0,0,0,0,0,0,0,3,0,0,0,0,0,0,0 
"fishR","gilpur",0,0,0,0,0,0,0,1,0,0,0,1,0,0,1,0,0,0,0,0,0,1,0,4,0,0,0,0,0,0,0,0,0,0,0,1,0,0,1,0,0,0,0,0,0,0,0,0,0,0,0,9,1,0,2,0,0,0,0 
"whooR","gruame",1,0,0,2,0,3,0,0,0,0,0,0,0,0,1,1,0,1,0,0,0,0,0,0,0,1,3,2,0,0,0,0,0,0,0,0,0,0,0,0,0,0,0,0,0,0,0,1,0,0,0,0,0,0,0,0,0,0,3 
"missR","grucan",0,0,0,1,1,-2,1,-2,0,-2,3,-2,-2,3,0,1,0,0,0,0,0,0,-2,0,0,0,0,0,0,0,0,0,0,0,0,0,0,1,0,0,0,0,0,0,1,0,0,2,0,1,1,4,2,0,3,0,0,0,0 
"cacoR","gymcal",0,0,0,0,0,0,0,0,0,0,0,0,0,0,0,0,1,0,0,1,0,0,0,0,0,0,0,0,0,0,0,0,0,6,0,6,0,0,0,0,0,0,0,0,1,0,0,0,0,0,0,0,0,0,13,0,0,0,3 
"gnomO","gymlin",2,0,0,0,0,0,0,0,0,0,0,0,0,0,0,0,0,0,0,0,0,0,0,0,0,0,0,0,0,0,0,0,0,0,1,0,0,0,0,0,0,1,0,0,0,0,0,0,0,0,0,0,0,0,0,0,0,1,1 
"todsO","hedtod",0,0,0,4,4,5,0,0,0,0,0,0,0,0,0,0,0,0,0,0,0,0,0,0,0,0,0,0,0,0,0,0,0,0,0,0,0,0,0,0,0,5,3,0,0,0,0,0,0,0,0,0,0,0,0,0,0,0,0 
"oahpO","hesarb",-2,-2,-2,-2,-2,-2,-2,-2,-2,-2,-2,-2,-2,-2,-2,-2,3,-2,-2,-2,-2,-2,-2,-2,-2,-2,-2,-2,-2,-2,-2,-2,-2,-2,-2,-2,2,-2,-2,-2,-2,-2,3,-2,-2,-2,-2,-2,-2,-2,1,-2,-2,-2,-2,-2,-2,0,1 
"moloO","hibarn",0,0,0,0,0,0,0,0,0,0,0,0,0,0,0,0,0,0,1,0,0,0,0,0,0,0,0,0,0,0,0,0,0,0,0,0,0,0,0,0,0,0,1,0,0,0,0,0,0,0,0,0,0,0,0,0,0,0,0 
"kaupO","hibcla",0,0,0,0,0,0,0,0,0,0,0,0,0,0,0,0,0,0,0,0,0,0,0,0,0,0,0,0,0,0,0,0,0,0,0,0,4,9,0,2,0,0,0,0,0,0,0,0,0,0,1,0,0,0,0,0,0,0,0 
"kauaO","hibwoo",0,0,0,0,0,0,0,0,0,0,0,0,0,0,0,0,0,0,1,0,0,0,0,0,0,0,0,0,0,0,0,0,0,0,0,0,2,6,0,3,0,6,0,0,0,0,0,0,0,0,1,0,0,0,2,0,0,0,0 
"hawwR","himmex",3,3,0,2,0,0,0,0,0,0,0,0,0,0,0,0,0,0,0,0,0,0,0,0,0,0,0,0,0,0,0,0,0,2,0,0,0,10,0,4,0,1,0,0,0,0,0,0,0,0,0,2,0,0,0,0,0,1,0 
"flscO","hypcum",4,4,0,0,4,0,0,0,0,0,0,0,0,0,0,0,4,0,0,0,0,0,0,0,0,0,0,0,0,0,0,0,0,0,0,0,0,0,0,0,0,4,0,0,0,0,0,0,0,1,1,0,4,0,0,0,0,0,0 
"smalR","isomed",0,0,0,0,0,0,0,0,0,0,0,0,0,0,0,0,0,0,1,0,0,0,0,0,0,0,0,0,0,0,0,0,0,0,0,0,0,0,0,0,0,0,0,0,1,0,0,0,0,1,0,0,0,0,0,0,0,0,0 
"beacO","jacrec",0,0,0,0,0,0,0,0,0,0,0,0,0,0,0,0,0,0,1,1,0,0,0,0,0,0,0,0,0,0,0,0,0,1,0,0,2,0,0,0,0,2,0,0,0,0,0,1,0,0,0,1,0,0,0,0,1,1,0 
"oahpO","labcyr",0,0,0,0,0,0,0,0,0,0,0,0,0,0,0,0,0,0,0,0,0,0,0,0,0,0,0,0,0,0,0,0,0,0,0,0,1,2,0,0,0,2,0,0,0,0,0,0,0,0,1,0,0,0,0,0,0,0,0 
"pinkO","lamabr",0,0,0,0,0,0,0,0,0,0,0,0,0,0,0,0,0,0,0,0,0,0,0,0,0,0,0,0,0,0,0,0,0,0,0,0,0,0,0,0,0,0,0,0,0,0,0,0,0,0,0,0,0,0,0,0,0,0,0 
"snakO","lanxsp",0,0,0,5,0,0,0,7,0,0,0,3,1,0,0,0,0,0,0,0,5,2,0,2,0,0,2,9,14,0,0,0,0,7,0,0,2,2,0,0,0,0,0,0,0,0,0,0,0,0,0,0,0,0,0,0,0,0,0 
"caroO","lasdec",0,0,0,0,0,1,0,0,0,0,0,0,1,1,1,0,0,0,0,0,0,0,0,0,0,0,0,3,3,0,0,0,0,0,0,0,1,0,0,0,0,0,0,0,0,0,0,0,0,0,0,0,0,0,0,0,0,0,0 
"praiO","leslep",2,0,2,0,2,0,2,0,0,0,0,0,0,0,0,0,2,0,0,0,0,0,0,0,0,0,0,0,0,0,0,0,0,3,0,0,0,2,0,0,0,0,0,2,1,0,0,0,0,3,3,0,2,0,1,0,0,0,0 
"flscR","liaohl",1,1,0,0,1,-2,0,0,0,1,0,0,-2,0,0,0,0,0,0,-2,0,0,0,0,0,0,-2,0,0,0,0,0,1,0,0,-2,0,0,0,0,0,0,-2,0,0,0,-2,0,-2,0,2,0,0,-2,2,0,0,0,-2 
"kaupO","lipfau",0,0,0,0,0,0,0,0,0,0,0,0,0,0,0,0,0,0,0,0,0,0,0,0,0,0,0,0,0,0,0,0,0,0,0,0,4,8,0,2,0,0,0,0,0,0,0,0,0,0,1,0,0,0,0,0,0,0,0 
"oahpO","loboah",0,0,0,0,0,0,0,0,0,0,0,0,0,0,0,0,0,2,2,0,0,0,0,0,0,0,0,0,0,0,0,0,0,0,0,0,1,4,0,1,0,3,0,0,0,0,0,0,1,0,0,0,0,0,2,0,0,1,0 
"flscR","lupari",3,3,4,1,2,-2,-2,-2,-2,4,-2,-2,-2,-2,-2,-2,4,-2,1,1,-2,-2,-2,-2,-2,-2,-2,-2,-2,-2,-2,-2,-2,-2,-2,-2,-2,-2,-2,-2,-2,-2,2,-2,-2,-2,-2,-2,-2,-2,3,-2,-2,-2,1,-2,-2,2,-2 
"lotiO","lycarg",0,0,0,2,0,0,0,0,0,0,0,0,0,0,0,0,0,0,0,0,0,0,0,0,0,0,0,0,0,0,0,0,0,0,0,0,0,0,0,0,0,0,0,0,0,0,0,0,0,0,1,1,0,0,0,0,0,0,0 
"roleO","lysasp",1,1,0,0,1,0,0,0,0,0,1,0,1,1,0,0,0,0,0,0,0,0,0,0,0,0,0,0,0,0,0,0,0,0,0,0,0,0,0,0,0,0,0,0,0,0,0,0,0,0,4,3,0,2,0,0,0,0,1 
"apalO","macalb",0,0,0,0,0,0,0,0,0,0,1,0,1,1,0,0,0,0,0,0,0,0,0,0,0,0,0,0,0,0,0,0,0,0,0,0,0,0,0,0,0,0,0,0,0,0,0,0,0,0,2,0,1,0,0,0,0,0,0 
"mohrO","marmoh",0,0,0,1,1,0,1,0,0,0,1,0,0,0,0,0,0,0,0,0,0,0,0,0,0,0,0,0,0,0,0,0,0,0,0,0,0,0,0,0,0,0,0,0,0,0,0,0,0,4,4,1,1,0,1,0,0,0,1 
"kaupO","melpal",0,0,0,0,0,0,0,0,0,0,0,0,0,0,0,0,0,0,0,0,0,0,0,0,0,0,0,0,0,0,0,0,0,0,0,0,4,9,0,0,0,11,0,0,0,0,0,0,0,0,1,0,0,0,2,0,0,0,0 
"oahpO","melsai",0,0,0,0,0,0,0,0,0,0,0,0,0,0,0,0,0,1,1,1,0,0,0,0,0,0,0,0,0,0,0,0,0,0,0,-2,2,3,0,0,0,3,-2,0,0,0,0,0,0,0,1,0,0,0,4,0,0,1,-2 
"armaO","miccal",0,0,0,0,1,-2,0,0,0,0,0,0,-2,0,0,0,0,0,0,-2,0,0,0,2,0,0,2,0,0,0,0,0,0,0,0,-2,0,0,0,0,0,2,-2,1,0,0,-1,0,-2,0,0,4,0,-2,0,0,0,0,-2 
"hualO","micmex",0,0,0,0,0,0,0,0,0,0,0,0,0,0,1,0,1,0,0,1,0,0,0,0,0,0,0,0,0,0,0,0,0,0,0,0,1,1,0,0,0,1,0,1,1,0,0,0,0,0,0,0,0,1,0,0,1,0,0 
"blacR","musnig",0,0,0,0,0,0,0,0,0,0,0,0,0,0,0,0,1,0,0,0,0,0,0,0,0,0,0,0,0,0,0,0,0,2,0,0,1,1,0,0,0,0,0,2,5,0,29,0,0,0,0,0,0,0,55,0,0,0,0 
"kaufO","myapal",0,1,0,0,1,0,0,0,0,0,0,-2,0,0,-2,-2,2,1,1,0,1,0,0,0,0,-2,0,0,0,0,0,0,0,0,0,0,1,2,0,1,3,4,0,0,0,0,0,0,0,0,0,0,0,0,0,0,0,0,1 
"woodO","mycame",0,0,0,0,0,0,0,0,0,0,0,0,0,0,0,0,0,0,0,0,0,0,0,0,1,1,1,0,0,0,0,0,0,2,0,0,0,0,0,0,0,0,0,0,1,0,2,0,1,0,1,7,0,0,0,0,0,0,0 
"indiR","myosod",0,0,0,0,0,5,0,0,0,0,0,0,0,1,1,0,0,0,0,0,0,1,0,0,0,0,0,0,0,0,0,0,0,2,0,0,0,0,0,0,0,0,0,0,0,0,2,0,0,0,0,0,0,4,0,1,1,0,0 
"oahpO","nothum",0,0,0,0,0,1,0,0,0,0,0,0,0,0,0,0,5,0,0,0,0,0,0,0,0,0,0,0,0,0,0,0,0,0,0,0,1,0,0,0,0,1,0,0,0,0,0,0,0,0,2,0,0,0,0,0,0,0,0 
"capeO","notmek",0,0,0,1,0,0,0,0,0,0,0,0,0,0,0,0,0,0,0,0,1,0,0,0,0,0,0,0,0,0,0,0,0,0,0,1,0,1,0,0,0,0,0,0,0,0,0,0,0,-2,-2,1,0,0,1,0,0,0,0 
"neosO","notpla",0,0,0,0,0,0,0,0,0,0,0,0,0,0,0,0,0,0,0,1,1,0,0,0,0,0,0,3,2,0,0,0,0,0,0,0,0,0,0,0,0,0,0,1,1,0,0,0,0,0,0,2,0,0,0,0,0,0,0 
"ringO","oboret",-2,-2,-2,-2,-2,-2,-2,-2,-2,-2,-2,-2,-2,-2,-2,2,-2,1,0,-2,1,-2,-2,-2,-2,1,-2,2,-2,-2,-2,-2,-2,-2,-2,-2,1,-2,-2,-2,-2,-2,-2,-2,-2,-2,-2,0,-2,-2,-2,1,-2,-2,-2,-2,-2,-2,-2 
"keydR","odvicl",0,0,0,0,2,2,0,0,0,0,0,0,0,0,0,0,0,1,0,0,0,0,0,0,0,0,2,0,0,0,0,0,0,0,0,0,0,1,0,0,0,0,0,0,0,0,0,0,0,0,0,0,0,0,0,0,0,0,0 
"coluR","odvile",1,10,11,0,0,0,0,0,0,0,0,0,9,9,0,0,9,4,0,0,0,0,0,0,0,0,0,0,0,0,0,0,0,0,0,0,0,0,0,0,0,0,0,0,0,0,0,0,2,2,0,0,2,0,3,0,0,0,0 
"antiR","oendel",-2,-2,-2,1,-2,-2,-2,-2,-2,-2,-2,-2,-2,-2,-2,-2,-2,-2,-2,0,-2,-2,-2,-2,-2,-2,-2,-2,-2,-2,-2,-2,-2,-2,-2,-2,1,-2,-2,-2,-2,3,-2,-2,-2,-2,-2,-2,1,-2,-2,-2,-2,0,-2,-2,-2,-2,0 
"arizR","oncapa",0,0,0,0,1,0,0,0,0,0,1,0,0,1,1,0,1,1,1,0,0,0,0,0,0,0,1,0,3,0,0,0,0,1,0,0,3,0,0,0,0,0,1,0,0,0,0,0,0,0,1,1,0,1,1,0,0,0,0 
"grcuR","onccla",0,0,0,0,0,-2,0,0,0,0,0,0,-2,0,0,0,0,0,0,-2,0,0,0,0,0,0,-2,0,0,0,0,0,0,0,0,-2,3,0,0,0,0,0,3,0,0,0,0,0,-2,0,0,1,0,-2,0,0,0,0,-2 
"gilaR","oncgil",0,0,0,0,0,-2,0,0,0,0,0,0,-2,0,0,0,1,4,0,-2,0,0,0,0,0,0,-2,0,0,0,0,0,0,0,0,-2,3,0,0,0,0,0,3,0,0,0,0,0,-2,-2,0,0,0,-2,0,0,0,0,-2 
"nashR","orcsho",1,1,0,0,1,0,0,0,0,0,0,0,0,0,0,0,0,0,0,0,1,0,0,0,0,0,1,1,1,0,0,0,0,1,0,0,-2,-2,-2,-2,-2,-2,-2,1,-2,-2,-2,-2,-2,-2,-2,-2,-2,-2,-2,-2,0,1,-2 
"flscR","parcha",4,4,4,-2,4,0,0,0,0,3,0,0,0,0,0,0,0,0,0,0,0,0,0,0,0,0,0,0,0,0,0,0,0,0,0,0,2,0,0,0,0,0,0,3,0,0,0,0,0,3,4,0,0,0,0,0,0,0,3 
"mamoO","parfla",0,0,0,0,0,-2,0,0,0,0,0,0,-2,0,0,0,32,0,0,-2,0,0,0,0,0,0,-2,0,0,0,0,0,0,0,0,-2,0,0,0,1,2,1,-2,0,0,0,0,0,-2,0,0,0,0,-2,0,0,0,0,-2 
"bradO","pedbra",0,0,0,1,0,0,0,0,0,0,0,0,0,0,1,0,1,0,5,1,0,0,0,0,0,0,0,0,0,0,0,0,0,0,0,0,0,0,0,0,0,0,0,0,0,0,0,0,0,0,0,0,0,0,2,0,0,0,0 
"furbR","pedfur",2,1,1,0,0,0,0,0,0,0,0,0,1,1,0,0,0,0,0,0,1,0,0,0,0,0,0,0,0,0,0,0,0,0,0,0,0,0,0,0,0,0,0,1,0,0,0,0,0,1,0,3,0,0,0,0,0,0,2 
"prcrO","pellem",0,0,0,0,2,0,0,0,0,0,0,0,0,0,0,0,0,0,0,2,0,0,0,0,0,0,2,0,0,0,0,0,0,0,0,0,0,0,0,0,0,0,0,1,1,0,0,0,0,0,0,0,0,0,0,0,0,0,0 
"anasO","perpol",2,1,0,0,1,1,0,0,0,0,0,0,0,0,0,0,0,0,0,1,0,0,0,0,0,0,0,0,0,0,0,0,1,0,0,0,1,1,0,0,0,0,0,0,0,0,0,0,0,0,0,0,0,2,0,0,1,1,0 
"snaiR","pertan",0,0,0,0,0,1,0,0,0,0,0,0,0,0,0,0,0,0,0,0,0,0,0,0,0,0,0,0,0,0,0,0,0,0,0,0,0,0,0,0,0,0,0,0,0,0,0,0,0,0,0,0,0,0,0,0,0,0,0 
"lanaO","phygla",0,0,0,0,0,0,0,0,0,0,0,0,0,0,0,0,0,0,0,0,0,0,0,0,0,0,0,0,0,0,0,0,0,0,0,0,3,0,0,2,0,7,8,0,0,0,0,0,2,0,2,0,0,0,3,0,0,3,0 
"biadO","phyrac",0,0,0,0,0,0,0,0,0,0,0,0,0,0,0,0,0,0,0,0,0,0,0,0,0,0,0,0,0,0,0,0,0,0,0,0,2,0,0,0,0,3,0,0,0,0,0,0,0,0,0,0,0,0,0,0,0,0,0 
"redcR","picbor",0,0,0,0,0,0,0,0,0,0,1,0,0,1,0,0,0,0,0,0,0,0,0,0,0,0,0,0,0,0,0,0,0,0,0,0,0,0,0,0,0,0,0,1,0,0,0,0,1,0,0,0,0,0,0,0,0,0,0 
"ropiO","pleple",0,0,0,0,5,0,0,0,0,0,0,0,4,0,3,2,0,1,0,4,0,0,0,0,0,3,0,5,5,0,0,0,0,3,0,0,0,0,0,0,0,0,0,0,0,0,0,0,0,0,0,0,0,0,0,0,0,0,0 
"shenO","pleshe",0,0,0,0,0,6,0,0,0,0,0,0,-2,0,0,0,0,0,0,6,0,0,0,0,0,0,0,0,0,0,0,0,0,2,4,0,0,0,0,0,0,6,0,2,0,0,0,0,0,0,0,0,0,0,0,0,0,0,0 
"fishR","poeocc",0,0,0,0,0,-2,0,1,0,0,0,0,-2,0,1,0,0,0,0,-2,0,1,0,6,0,0,2,0,0,0,0,0,0,0,0,-2,1,1,0,0,0,0,-2,0,0,1,0,0,-2,0,0,0,0,-2,0,0,0,0,-2 
"cavpO","pognud",0,3,0,0,0,3,0,0,0,0,0,0,0,0,0,0,1,0,0,2,0,0,0,0,0,0,3,0,0,0,0,0,1,1,0,2,0,0,0,0,0,0,3,0,0,0,0,0,0,0,1,0,0,0,0,0,1,1,2 
"flscR","polbas",5,5,0,0,5,5,0,0,0,5,0,0,0,0,0,0,0,0,1,1,0,0,0,0,0,0,0,0,0,0,0,0,1,0,0,0,1,0,0,0,0,0,0,0,0,0,0,0,0,0,2,0,0,0,0,0,0,0,0 
"fatpR","potcap",0,0,0,0,0,0,0,0,0,0,0,0,0,0,0,0,0,0,0,0,0,0,0,0,0,0,0,0,0,0,0,0,0,0,0,0,0,0,0,0,0,0,0,0,0,0,0,0,0,0,0,0,0,0,0,0,0,0,0 
"littO","potcly",0,0,0,0,0,0,0,0,0,0,0,0,0,0,0,0,0,0,0,0,1,1,1,0,0,0,0,0,1,0,0,0,0,0,0,0,0,0,0,0,0,0,0,2,1,0,-2,1,0,0,0,2,0,1,0,0,3,1,0 
"flscR","prugen",4,3,0,0,4,4,0,0,2,0,0,0,0,0,0,0,0,0,1,1,0,0,0,0,0,0,0,0,0,0,0,0,2,0,0,0,0,0,0,0,0,1,0,0,0,0,0,0,0,0,3,0,0,0,4,0,0,0,0 
"guamO","ptemar",0,0,0,0,0,0,0,0,0,0,0,0,0,0,0,0,0,0,13,0,0,0,0,0,0,0,0,0,0,0,0,0,0,0,0,0,0,6,0,0,1,2,0,0,0,0,0,0,0,0,0,0,0,0,0,0,0,0,0 
"harpO","ptinod",0,0,0,0,0,0,0,0,0,0,0,0,0,0,0,0,0,0,0,0,0,0,0,0,0,0,0,0,0,0,0,0,0,0,0,0,0,0,0,0,0,0,0,0,0,0,0,0,0,0,0,1,0,0,0,0,0,0,0 
"coloR","ptyluc",0,0,0,0,0,0,0,0,0,0,0,0,0,0,0,0,0,1,0,1,6,1,0,0,0,0,0,1,1,0,0,0,0,0,0,0,3,3,1,0,1,0,0,0,0,0,0,0,0,0,0,2,0,0,0,0,0,0,0 
"flopR","pumcon",0,0,0,0,4,0,0,0,0,0,0,0,0,0,0,0,0,1,0,0,0,0,0,0,0,0,0,0,0,0,0,0,0,0,0,0,0,0,0,0,0,0,0,0,0,2,10,2,0,1,2,0,0,0,4,0,0,0,1 
"alamO","pyrneo",-2,-2,-2,-2,-2,-2,-2,-2,-2,-2,-2,-2,-2,-2,-2,-2,-2,-2,0,-2,-2,5,-2,5,-2,-2,-2,1,0,-2,-2,-2,-2,-2,-2,-2,1,1,-2,-2,-2,-2,-2,-2,1,-2,-2,-2,-2,-2,-2,5,4,-2,-2,-2,-2,5,0 
"tombO","quasta",0,0,0,0,0,1,0,0,0,0,0,0,0,0,0,0,0,0,0,0,1,0,1,0,0,1,1,0,0,0,0,0,0,0,0,0,0,0,0,0,0,0,0,0,0,0,0,0,2,0,0,0,0,0,0,0,0,1,0 
"saltO","raloob",4,8,0,0,2,0,0,2,0,0,0,0,0,0,0,0,1,2,0,10,0,0,3,0,0,0,0,3,2,1,0,0,2,1,0,1,0,1,0,0,0,1,0,0,0,0,1,0,1,0,0,9,0,1,0,0,0,0,0 
"yumaO","raloyu",0,0,0,0,0,0,0,0,0,0,0,0,0,0,0,0,0,0,0,0,3,0,3,0,9,9,0,0,0,0,0,0,0,0,0,0,0,0,0,0,0,0,0,0,0,0,1,0,0,9,0,3,0,0,0,0,0,0,0 
"selkR","rantar",0,0,0,0,5,0,0,0,0,0,3,0,0,3,0,0,0,7,0,0,0,0,0,0,0,0,0,0,0,0,0,0,0,0,0,0,0,0,0,0,0,0,0,0,0,0,2,1,4,0,0,0,3,0,3,0,0,0,0 
"kendO","rhiosc",0,0,0,0,1,-2,0,0,0,0,0,0,-2,0,0,0,2,0,2,-2,0,0,0,0,0,0,-2,0,0,0,0,0,0,0,0,1,0,0,0,0,0,0,-2,0,0,0,0,0,-2,-2,0,0,0,-2,0,0,0,0,-2 
"chapO","rhocha",0,0,0,0,0,1,0,0,0,0,0,0,-2,7,0,0,0,0,0,-2,0,0,0,0,0,0,1,0,0,0,0,0,0,0,0,-2,0,0,0,0,0,0,-2,0,0,0,0,0,-2,0,1,1,4,-2,0,0,0,0,-2 
"everR","rossoc",0,0,0,0,0,0,0,0,0,0,0,0,0,0,0,0,0,1,0,3,0,0,0,0,0,0,0,0,0,0,0,0,0,0,0,0,0,0,0,0,0,3,0,0,0,1,5,0,0,0,0,1,0,0,0,0,1,0,0 
"grpiR","sarore",0,0,1,0,0,0,0,0,0,0,0,0,0,0,0,0,0,0,1,0,0,0,0,0,0,0,0,0,0,0,0,0,0,0,0,0,0,0,0,0,0,1,0,0,0,0,0,0,0,0,2,1,2,0,0,0,0,0,0 
"pallO","scaalb",0,0,0,1,0,0,0,0,0,0,0,0,0,0,0,0,0,2,0,0,4,0,1,0,0,0,0,2,2,0,0,0,0,0,0,0,1,1,1,1,0,0,0,1,0,1,1,1,0,0,0,6,0,0,3,0,0,0,1 
"maplO","schhal",-2,-2,-2,-2,-2,-2,-2,-2,-2,-2,-2,-2,-2,-2,-2,-2,2,-2,-2,-2,-2,-2,-2,-2,-2,-2,-2,-2,-2,-2,-2,-2,-2,-2,-2,-2,2,2,-2,-2,-2,-2,2,-2,-2,-2,-2,-2,-2,-2,1,-2,-2,-2,2,-2,-2,0,-2 
"oahpO","schkaa",0,0,0,0,0,0,0,0,0,0,0,0,0,0,0,0,0,0,0,0,0,0,0,0,0,0,0,0,0,0,0,0,0,0,0,0,2,3,0,0,0,5,2,0,0,0,0,0,0,0,1,0,0,0,1,0,0,1,0 
"oahpO","schkea",0,0,0,0,0,0,0,0,0,0,0,0,0,0,0,0,0,0,0,0,0,0,0,0,0,0,0,0,0,0,0,0,0,0,0,0,1,0,0,0,0,0,0,0,0,0,-2,0,1,0,0,0,0,0,1,0,0,0,0 
"kaupO","schspe",-2,-2,-2,-2,-2,-2,-2,-2,-2,-2,-2,-2,-2,-2,-2,-2,5,-2,-2,-2,-2,-2,-2,-2,-2,-2,-2,-2,-2,-2,-2,-2,-2,-2,-2,-2,5,-2,-2,-2,1,-2,-2,-2,-2,-2,-2,-2,-2,-2,1,-2,-2,-2,-2,-2,-2,-2,1 
"delmR","scinig",0,3,0,0,1,0,1,0,0,0,0,0,1,2,0,0,0,0,0,0,0,0,0,0,0,0,0,0,0,0,0,0,0,0,0,0,0,0,0,0,0,0,0,0,0,0,0,0,0,0,0,0,0,1,0,0,0,0,0 
"enruO","soldry",2,2,2,2,2,-2,2,-2,-2,-2,-2,-2,2,2,-2,-2,2,-2,-2,2,-2,-2,-2,-2,-2,-2,-2,-2,-2,-2,-2,-2,-2,-2,-2,-2,-2,-2,-2,-2,-2,-2,-2,-2,-2,-2,-2,-2,-2,-2,-2,-2,5,-2,-2,-2,-2,-2,-2 
"hougO","solhou",0,3,0,0,1,0,0,0,0,0,0,0,0,0,0,0,0,0,0,4,0,0,0,0,0,0,0,0,0,0,0,0,0,0,0,0,0,0,0,0,0,0,0,0,0,0,0,0,0,0,0,1,0,4,0,0,0,0,0 
"alabR","spepou",0,0,0,0,0,0,0,0,0,0,0,0,0,0,0,0,0,0,0,0,0,0,0,2,0,0,0,2,2,0,0,0,2,2,0,2,0,0,0,0,0,0,0,0,0,0,0,0,2,0,0,0,0,2,0,0,0,0,0 
"caleO","steant",0,0,0,0,0,1,0,0,0,0,0,0,0,0,0,0,0,0,0,11,0,0,0,0,1,0,7,0,1,0,0,0,0,0,0,1,0,1,0,0,0,0,0,0,1,0,8,0,1,0,0,6,0,0,0,0,0,0,0 
"kaupO","stecam",-2,-2,-2,-2,-2,-2,-2,-2,-2,-2,-2,-2,-2,-2,-2,-2,5,-2,1,-2,-2,-2,-2,-2,-2,-2,-2,-2,-2,-2,-2,-2,-2,-2,-2,-2,5,-2,-2,-2,1,-2,-2,-2,-2,-2,-2,-2,-2,-2,1,-2,-2,-2,-2,-2,-2,-2,2 
"mexiO","strocc",0,1,0,0,14,0,0,0,0,0,0,0,0,22,0,0,15,0,0,15,0,0,0,0,0,0,0,0,0,0,0,0,0,0,0,0,0,0,0,0,0,0,0,0,1,0,1,0,0,0,30,0,0,0,0,0,0,29,0 
"loweO","sylpal",2,2,-2,-2,2,-2,-2,-2,-2,-2,-2,-2,1,-2,-2,-2,-2,1,-2,2,-2,-2,-2,-2,-2,-2,-2,-2,-2,-2,-2,-2,-2,-2,-2,-2,-2,1,-2,-2,-2,1,-2,-2,-2,-2,1,-2,-2,-2,-2,-2,-2,-2,-2,-2,-2,-2,2 
"lanaO","tetrem",0,0,0,0,0,0,0,0,0,0,0,0,0,0,0,0,0,0,0,0,0,0,0,0,0,0,0,0,0,0,0,0,0,0,0,0,0,0,0,1,0,0,2,0,0,0,-2,0,0,0,0,0,0,0,0,0,0,0,0 
"karsO","texred",0,0,0,0,0,1,0,0,0,0,0,0,0,0,0,0,0,0,1,0,0,0,0,0,0,0,3,1,1,0,0,0,2,0,0,0,2,2,0,0,0,2,0,0,0,0,0,0,0,0,0,2,0,2,0,0,0,0,0 
"coolO","thacoo",0,0,0,0,0,0,0,0,0,0,0,0,0,1,0,0,0,0,1,0,0,0,0,0,0,0,0,0,0,0,0,0,0,0,0,0,0,0,0,0,0,1,0,0,0,0,0,0,1,1,1,1,1,0,1,0,0,0,0 
"pedaO","theste",0,0,0,0,0,4,0,0,0,0,0,0,0,0,0,0,1,0,0,0,0,0,0,0,4,0,1,0,0,0,0,0,0,0,0,0,1,1,0,0,0,0,0,0,0,0,0,0,0,0,0,0,0,0,0,0,1,1,0 
"soccO","thethe",0,0,0,0,0,-2,0,0,0,0,0,0,-2,0,0,0,2,0,0,-2,0,1,0,0,0,0,1,0,2,0,0,0,0,2,0,-2,2,2,0,0,0,0,-2,0,0,0,0,0,-2,0,0,0,0,-2,2,0,2,4,2 
"prfeO","theyau",-2,-2,-2,-2,-2,2,-2,-2,-2,-2,-2,-2,-2,-2,-2,-2,-2,-2,1,-2,-2,-2,-2,-2,-2,-2,-2,-2,-2,-2,-2,-2,-2,-2,-2,-2,-2,-2,-2,-2,-2,-2,-2,-2,-2,-2,-2,-2,-2,-2,-2,-2,-2,-2,-2,-2,-2,0,-2 
"westR","triman",0,1,0,0,0,2,0,0,0,0,0,0,0,0,0,0,0,1,0,9,0,0,4,0,0,1,0,2,2,0,0,0,0,3,0,0,0,0,0,1,0,0,0,0,0,0,0,1,0,0,0,0,0,6,0,0,1,1,5 
"bariO","tritri",0,0,0,0,1,0,0,0,0,0,0,0,0,1,0,0,0,0,0,0,0,0,0,0,0,0,0,0,0,0,0,0,0,0,0,0,0,0,0,0,0,0,0,0,0,0,0,0,0,0,0,0,0,0,0,0,0,0,0 
"attwR","tymcup",2,2,0,0,0,0,1,1,0,0,0,0,0,0,0,0,1,0,0,0,0,0,1,0,0,0,0,0,0,0,0,0,0,1,0,0,0,3,1,0,2,0,0,2,2,0,0,3,0,1,1,0,2,0,2,0,1,1,0 
"grizR","ursarc",3,2,2,0,6,4,-2,-2,-2,-2,-2,-2,-2,3,2,3,3,5,0,3,-2,-2,-2,-2,-2,-2,-2,-2,-2,-2,-2,-2,-2,1,-2,-2,-2,-2,-2,-2,-2,-2,-2,-2,-2,-2,-2,-2,-2,-2,-2,-2,-2,1,1,-2,-2,-2,2 
"flscR","warcar",1,1,0,0,1,0,0,0,1,0,0,0,0,0,0,0,0,0,0,1,0,0,0,0,0,0,0,0,0,0,0,0,1,0,0,0,0,0,0,0,0,0,1,0,0,0,0,0,0,0,0,0,0,0,0,0,0,0,0 
"cachO","xanriv",0,0,0,0,0,0,0,0,0,0,0,0,0,0,0,0,0,0,0,0,0,0,0,0,0,0,0,0,0,0,0,0,0,0,0,0,2,3,0,0,2,2,0,0,0,0,0,0,0,0,0,0,0,0,0,0,0,0,0 
"flscR","zizcel",5,5,0,0,0,-2,0,0,0,5,0,0,-2,0,0,0,5,0,1,-2,0,0,0,0,0,0,-2,0,0,0,0,0,1,0,0,-2,1,0,0,0,0,0,-2,0,0,0,0,0,-2,0,1,0,5,-2,1,0,0,0,-2 
"edwaR","ziztex",1,0,0,0,0,-2,0,2,0,0,0,0,-2,0,0,0,0,3,1,-2,1,4,1,3,0,0,-2,3,5,0,0,0,2,3,0,-2,2,1,0,0,0,0,0,0,0,0,0,0,0,0,0,1,0,0,0,0,1,1,0 
