"PLAN","SPECIES","89C","90C","91C","92C","93C","94C","95C","96C","97C","98C","99C","100C","101C","102C","103C","104C","105C","106C","107C","108C","109C","110C","111C","112C","113C","114C","115C","116C","117C","118C","119C","120C","121C","122C","123C","124C","125C","126C"
"largO","abrmac",2,-2,-2,-2,-2,-2,-2,-2,1,-2,-2,2,3,-2,-2,-2,-2,-2,-2,-2,-2,-2,-2,-2,-2,-2,-2,-2,-2,-2,-2,-2,-2,-2,-2,-2,-2,-2 
"lanaO","abuere",-2,-2,-2,-2,-2,-2,-2,2,-2,-2,-2,-2,-2,-2,-2,-2,-2,-2,-2,-2,-2,-2,-2,-2,-2,-2,-2,-2,-2,-2,-2,-2,-2,-2,-2,-2,-2,-2 
"oahpO","abusan",1,1,-2,-2,-2,-1,-1,1,-2,-1,-1,-2,-2,-1,-1,-2,-2,-2,-1,-1,-1,-1,-1,-1,-1,-1,-1,-1,-1,-1,-1,-2,-2,-2,-1,-1,-1,-1 
"prraO","accstr",-2,-2,-2,-2,-2,-2,-2,-2,-2,-2,-2,-2,-2,-2,-2,-2,-2,-2,-2,-2,-2,-2,-2,-2,-2,-2,-2,-2,-2,-2,-2,-2,-2,-2,-2,-2,-2,-2 
"oahtO","achlil",3,3,-2,-2,-2,3,3,3,3,-2,-2,3,-2,3,-2,3,-2,-2,-2,-2,-2,-2,-2,-2,-2,-2,-2,-2,-2,-2,-2,-2,-2,-2,3,-2,-2,-2 
"nighO","acrlus",-2,3,-2,-2,-2,-2,-2,3,3,-2,-2,2,1,2,-2,2,-2,-2,-2,-2,2,-2,-2,-2,-2,-2,-2,-2,-2,-2,-2,2,-2,2,-2,-2,-2,-2 
"sensO","aesvir",2,2,-2,-2,-2,2,3,2,2,-2,-2,2,2,2,2,2,-2,-2,-2,-2,2,-2,2,-2,-2,-2,-2,-2,-2,-2,-2,-2,-2,-2,2,-2,-2,2 
"dwweO","alahet",-2,-2,-2,-2,-2,-2,-2,2,2,-2,-2,2,2,-2,-2,-2,-2,-2,2,-2,-2,-2,5,5,-2,-2,-2,-2,-2,-2,-2,-2,-2,-2,-2,-2,-2,-2 
"maplO","alemac",3,3,-2,-2,-2,-2,3,2,2,-2,-2,3,2,2,-2,-2,-2,-2,-2,-2,-2,-2,-2,-2,-2,-2,-2,-2,-2,-2,-2,-2,-2,-2,-2,-2,-2,-2 
"kauaO","alslyc",-1,2,-2,-2,-2,-1,-1,-1,3,-2,-2,-2,-2,-2,-2,-2,-2,-2,-2,-2,-2,-2,-2,-2,-2,-2,-2,-2,-2,-2,-2,-2,-2,-2,-1,-1,-2,-2 
"oahpO","alsobo",1,1,-2,-2,-2,-1,-1,1,2,-1,-1,-2,-2,-1,-1,-2,-2,-2,-1,-1,-1,-1,-1,-1,-1,-1,-1,-1,-1,-1,-1,-2,-2,-2,-1,-1,-1,-1 
"kauaO","alsvis",3,2,-2,-2,-2,-1,-2,-1,-1,-2,-2,-1,-1,-2,-2,-2,-2,-2,-2,-2,-2,-2,-2,-2,-2,-2,-2,-2,-2,-2,-2,-2,-2,-2,-1,-1,-2,-2 
"prpaO","amavit",3,1,3,2,-2,2,2,-2,6,-2,-2,-2,-2,4,-2,-2,-2,-2,-2,-2,-2,-2,-2,-2,-2,-2,-2,-2,-2,-2,-2,-2,-2,-2,3,3,3,-2 
"ashmO","ambama",-2,-2,-2,-2,-2,-2,-2,2,2,-2,-2,-2,-2,-2,-2,-2,-2,-2,-2,-2,-2,-2,-2,-2,-2,-2,-2,-2,-2,2,-2,-2,-2,-2,-2,-2,-2,-2 
"ozarR","ambros",2,-2,-2,-2,-2,-2,-2,2,3,-2,-2,-2,3,3,-2,-2,-2,-2,-2,3,-2,-2,-2,-2,-2,-2,-2,-2,-2,-2,-2,-2,-2,-2,2,2,-2,-2 
"sonoR","antame",-2,-2,-2,-2,-2,-2,-2,-2,-2,-2,-2,5,-2,3,-2,2,3,-2,-2,-2,-2,-2,-2,-2,-2,3,-2,-2,-2,-2,-2,-2,2,3,2,-2,-2,-2 
"antiR","apomor",1,1,-2,-2,-2,-2,-2,1,1,1,-2,-2,-2,-2,-2,-2,-2,-2,-2,-2,-2,-2,-2,-2,-2,-2,-2,-2,-2,-2,3,-2,-2,-2,2,-2,-2,-2 
"raveO","archoo",1,1,-2,-2,-2,7,6,6,-2,-2,-2,2,-2,-2,-2,-2,-2,-2,-2,-2,-2,-2,-2,-2,-2,-2,-2,-2,-2,-2,-2,-2,-2,-2,7,-2,2,-2 
"dwbeO","archum",-2,-2,-2,-2,-2,-2,-2,-2,-2,-2,-2,-2,-2,-2,-2,-2,-2,-2,-2,-2,-2,-2,-2,-2,-2,-2,-2,-2,-2,-2,-2,-2,-2,-2,-2,-2,-2,-2 
"fourO","arcmor",-2,-2,-2,-2,-2,-2,-2,1,1,-2,-2,2,-2,-2,-2,-2,-2,2,2,-2,2,-2,-2,-2,2,-2,-2,-2,-2,-2,2,-2,-2,-2,-2,-2,2,-2 
"maunO","argsan",3,3,-2,-2,-2,2,2,2,2,2,-2,2,2,2,2,3,-2,-2,4,2,4,4,4,-2,-2,2,2,2,2,-2,-2,-2,-2,-2,2,2,-2,-2 
"anthO","athant",2,-2,-2,-2,-2,-2,-2,2,-2,-2,-2,-2,-2,-2,-2,-2,-2,-2,-2,-2,-2,-2,-2,-2,-2,-2,-2,-2,-2,-2,-2,-2,-2,-2,2,-2,-2,-2 
"virgR","betube",3,3,-2,-2,-2,-2,-2,-2,3,-2,-2,-2,-2,2,-2,-2,-2,2,-2,-2,2,-2,-2,-2,-2,-2,-2,-2,-2,3,-2,-2,-2,-2,-2,-2,-2,-2 
"flscR","bongra",-2,3,-2,-2,-2,-2,-2,-2,2,-2,-2,-2,3,-2,-2,-2,-2,-2,-2,-2,-2,-2,-2,-2,-2,-2,-2,-2,-2,-2,-2,-2,-2,-2,-2,-2,-2,-2 
"aleuR","bracan",2,2,2,2,2,-2,-2,2,2,-2,-2,-2,-2,-2,-2,-2,-2,-2,-2,-2,-2,-2,-2,-2,-2,-2,-2,-2,-2,-2,-2,-2,1,1,-2,-2,-2,-2 
"cavpO","brasan",3,-2,-2,-2,-2,-2,-2,-2,-2,-2,-2,-2,-2,-2,-2,-2,-2,-2,-2,-2,-2,-2,-2,-2,-2,-2,-2,-2,-2,-2,-2,-2,-2,-2,-2,-2,3,-2 
"kaupO","briins",2,2,-2,-2,-2,-2,-2,2,2,2,2,2,-2,2,-2,-2,2,2,2,2,2,-2,2,-2,-2,2,2,-2,-2,-2,-2,2,-2,-2,2,-2,2,2 
"palmO","calriv",3,-2,-2,-2,-2,-2,-2,-2,1,-2,-2,-2,-2,-2,-2,-2,-2,-2,-2,-2,3,-2,-2,-2,-2,-2,-2,-2,-2,-2,-2,2,-2,-2,-2,-2,-2,-2 
"grayO","canlup",2,2,2,2,2,3,2,1,2,2,-2,-2,-2,-2,-2,2,-2,-2,-2,-2,2,-2,2,-2,-2,-2,-2,-2,-2,-2,2,-2,-2,-2,2,-2,-2,-2 
"eastR","canlup",-2,-2,-2,-2,-2,-2,-2,-2,-2,-2,-2,2,2,2,-2,-2,-2,-2,-2,-2,3,-2,-2,-2,-2,-2,-2,-2,-2,-2,3,-2,-2,2,3,3,-2,-2 
"redwR","canruf",-2,-2,-2,-2,-2,-2,-2,6,-2,-2,-2,-2,-2,-2,-2,-2,-2,-2,-2,-2,-2,-2,-2,-2,-2,-2,-2,-2,-2,-2,-2,-2,-2,-2,-2,-2,-2,-2 
"ashmO","cennam",-1,2,-2,-2,-2,-2,-2,-1,1,-2,-2,-2,-2,-2,-2,-1,-2,-2,-2,-1,-1,-2,-2,-2,-1,-1,-1,-2,-1,-2,-2,-2,-2,-2,-1,-1,-2,-2 
"cuiuR","chacuj",2,2,-2,2,-2,2,2,3,3,3,-2,-2,-2,-2,-2,2,-2,-2,-2,-2,2,-2,2,-2,-2,-2,-2,-2,-2,-2,-2,2,-2,-2,-2,-2,-2,-2 
"pineO","chagar",-2,-1,-2,-2,-2,-2,-2,2,1,-2,-2,-2,-2,-2,-2,-2,-2,-2,-2,-2,-2,-2,-2,-2,-2,-2,-2,-2,-2,-2,-2,-2,-2,-2,-2,-2,3,-2 
"oahpO","charoc",-2,1,-2,-2,-2,-2,-2,-2,-2,-2,-2,-2,-2,-2,-2,-2,-2,-2,-2,-2,-2,-2,-2,-2,-2,-2,-2,-2,-2,-2,-2,-2,-2,-2,-2,-2,-2,-2 
"flogO","chrflo",2,1,-2,-2,-2,-2,-2,1,1,-2,-2,-2,-2,-2,-2,-2,-2,-2,-2,2,-2,-2,-2,-2,-2,-2,-2,-2,-2,-2,-2,-2,-2,-2,-2,-2,-2,-2 
"nortO","cicdor",6,6,6,6,-2,6,6,6,6,-2,-2,6,-2,6,-2,-2,-2,-2,-2,6,-2,-2,-2,-2,-2,-2,-2,-2,-2,-2,-2,-2,-2,-2,-2,-2,-2,-2 
"maskR","colvir",2,-2,-2,-2,-2,-2,-2,-2,3,-2,-2,-2,-2,-2,-2,-2,-2,-2,-2,-2,-2,-2,-2,-2,-2,-2,-2,-2,-2,-2,-2,-2,-2,-2,-2,-2,-2,-2 
"hawcO","corhaw",-2,-2,-2,-2,-2,-2,-2,-2,-2,-2,-2,-2,3,-2,-2,2,-2,-2,-2,-2,-2,-2,-2,-2,-2,-2,-2,-2,-2,-2,-2,2,-2,-2,-2,-2,-2,-2 
"amcrR","croacu",2,1,-2,3,-2,3,3,3,1,-2,-2,2,-2,-1,-2,-2,-2,-2,-2,-1,-1,-2,-2,-2,-2,-1,-2,-2,-2,-2,-2,3,-2,-2,3,3,-2,-2 
"newmO","crowil",-2,1,-2,-2,-2,-2,-2,-2,3,3,-2,-2,-2,2,-2,-2,-2,-2,-2,-2,-2,-2,-2,-2,-2,-2,-2,-2,-2,-2,-2,2,-2,-2,2,-2,-2,-2 
"sccyO","cupabr",2,2,-2,-2,-2,-2,3,-2,3,2,-2,1,1,-2,-2,-2,-2,-2,3,-2,-2,3,-2,-2,-2,-2,-2,-2,-2,-2,-2,-2,-2,-2,-2,-2,1,-2 
"moloO","cyaman",3,-2,-2,-2,-2,-2,-2,2,2,-2,-2,-2,1,-2,-2,-2,-2,-2,-2,-2,-2,-2,-2,-2,-2,-2,-2,-2,-2,-2,-2,-2,-2,-2,-2,-2,-2,-2 
"biplO","cyashi",2,-2,-2,-2,-2,-2,-2,-2,-2,-2,-2,-2,-2,-2,-2,-2,-2,-2,-2,-2,-2,-2,-2,-2,-2,-2,-2,-2,-2,-2,-2,-2,-2,-2,-2,-2,-2,-2 
"fishR","cypfor",-2,-2,-2,-2,-2,-2,-2,1,1,-2,-2,-2,-2,-2,-2,-2,-2,-2,-2,-2,-2,-2,-2,-2,-2,-2,-2,-2,-2,-2,-2,-2,-2,-2,-2,-2,-2,-2 
"kauaO","cyrcya",2,-2,-2,-2,-2,-2,-2,-2,2,-2,-2,-2,-2,-2,-2,-2,-2,-2,-2,-2,-2,-2,-2,-2,-2,-2,-2,-2,-2,-2,-2,-2,-2,-2,-2,-2,-2,-2 
"biplO","cyrgif",2,-2,-2,-2,-2,-2,-2,-2,-2,-2,-2,3,3,-2,-2,-2,-2,-2,-2,-2,-2,-2,-2,-2,2,-2,-2,-2,-2,-2,-2,-2,-2,-2,2,2,-2,-2 
"oahpO","cyrvir",3,-2,-2,-2,-2,-2,-2,2,2,-2,-2,-2,-2,-2,-2,-2,-2,-2,-2,-2,-2,-2,-2,-2,-2,-2,-2,-2,-2,-2,-2,-2,-2,-2,-2,-2,-2,-2 
"kirtR","denkir",6,6,-2,6,1,-2,2,6,6,-2,-2,-2,-2,-2,-2,-2,-2,-2,-2,-2,-2,-2,-2,-2,-2,-2,-2,-2,-2,-2,-2,-2,-2,-2,-2,-2,-2,-2 
"flomO","dicchr",-2,-2,-2,-2,-2,3,3,7,2,3,3,3,-2,3,-2,-2,-2,-2,2,3,-2,-2,-2,-2,3,-2,-2,-2,-2,-2,-2,3,-2,3,3,6,7,-2 
"tennR","echten",3,-2,-2,-2,-2,-2,-2,-2,-2,-2,-2,-2,-2,2,-2,-2,-2,-2,-2,2,2,-2,-2,-2,-2,-2,-2,-2,-2,-2,3,-2,-2,-2,-2,3,-2,-2 
"tarrR","ellste",-2,-2,-2,-2,-2,-2,-2,-2,-2,-2,-2,-2,-2,-2,-2,-2,-2,-2,2,2,2,2,2,2,2,-2,-2,-2,-2,-2,-2,-2,-2,-2,-2,-2,-2,-2 
"cavpO","eryari",-1,-2,-2,-2,-2,-2,-2,-2,-2,-2,-2,-2,-2,-2,-2,-2,-2,-2,-2,-2,-2,-2,-2,-2,-2,-2,-2,-2,-2,-2,-2,-2,-2,-2,-2,-2,-2,-2 
"antiR","erycap",1,1,-2,-2,-2,-2,-2,-2,1,1,-2,-2,-2,-2,-2,-2,-2,-2,-2,-2,-2,-2,-2,-2,-2,-2,-2,-2,-2,-2,-2,-2,-2,-2,-2,-2,-2,-2 
"flscR","erycun",2,3,-2,-2,-2,2,4,-2,3,-2,-2,-2,-2,-2,-2,-2,-2,-2,-2,-2,-2,-2,-2,-2,-2,-2,-2,-2,-2,-2,-2,-2,-2,-2,2,2,2,-2 
"seveO","erymen",1,1,-2,-2,-2,-2,-2,-2,2,2,-2,-1,1,-2,-2,-2,-2,-2,-2,-2,-2,-2,-2,-2,-2,-2,-2,-2,-2,-2,-2,-2,-2,-2,-2,-2,-2,-2 
"threO","eryter",-1,-1,-2,-2,-2,-1,3,-1,-1,-1,-1,-1,-1,-1,-1,-1,-1,-1,-2,-2,-2,-2,-2,-2,-2,-2,-2,-2,-2,-2,-2,-2,-2,-2,-1,-1,-1,-1 
"slacO","ethbos",3,3,-2,3,-2,-2,3,-2,2,-2,-2,-2,3,-2,-2,2,-2,-2,-2,-2,-2,-2,-2,-2,-2,-2,-2,-2,-2,-2,-2,-2,-2,-2,-2,-2,-2,-2 
"edwaR","ethfon",-2,-2,-2,-2,-2,-2,-2,-2,-2,-2,-2,3,2,2,-2,-2,-2,-2,-2,2,-2,-2,-2,-2,-2,2,2,2,2,-2,-2,2,2,-2,2,2,-2,-2 
"wateR","ethnuc",-2,2,2,2,-2,4,3,-2,2,-2,-2,-2,-2,-2,-2,-2,-2,-2,-2,-2,-2,-2,-2,-2,-2,-2,-2,-2,-2,-2,-2,-2,-2,-2,-2,3,-2,-2 
"okalO","ethoka",-2,-2,-2,-2,-2,-2,2,2,2,-2,-2,2,-2,2,-2,-2,-2,-2,-2,-2,-2,-2,-2,-2,-2,-2,-2,-2,-2,-2,-2,-2,-2,-2,-2,-2,-2,-2 
"bayoR","ethrub",-2,-2,-2,-2,-2,-2,-2,-2,-2,-2,-2,-2,-2,-2,-2,-2,-2,-2,-2,-2,-2,-2,-2,-2,-2,-2,-2,-2,-2,-2,-2,-2,-2,-2,-2,-2,-2,-2 
"maryR","ethsel",-2,-2,-2,-2,-2,-2,-2,2,2,-2,-2,-2,-2,-2,-2,-2,-2,-2,-2,-2,-2,-2,-2,-2,-2,-2,-2,-2,-2,-2,-2,-2,-2,-2,-2,-2,-2,-2 
"elseO","eupbat",-2,3,3,3,-2,-2,-2,2,2,-2,-2,3,3,-2,-2,-2,-2,-2,-2,-2,2,-2,-2,-2,-2,-2,-2,-2,-2,-2,3,-2,-2,-2,3,3,-2,-2 
"edwaR","eurnan",3,3,3,3,-2,3,3,3,2,3,-2,3,-2,-2,-2,-2,-2,-2,-2,-2,-2,-2,-2,-2,-2,-2,-2,-2,-2,-2,-2,-2,3,3,3,-2,-2,-2 
"pereO","falper",3,-2,-2,2,2,2,2,2,2,-2,-2,-2,-2,-2,-2,2,-2,2,-2,-2,-2,-2,-2,-2,-2,-2,-2,-2,-2,-2,-2,-2,-2,1,2,-2,-2,-2 
"ampeO","falper",-2,-2,3,3,3,-2,-2,2,2,-2,-2,2,-2,2,-2,3,-2,-2,-2,-2,3,-2,-2,-2,-2,-2,-2,-2,-2,-2,-2,-2,2,-2,-2,-2,-2,-2 
"hawwR","fulame",-2,-2,-2,-2,-2,-2,-2,-2,-2,-2,-2,-2,-2,-2,-2,-2,-2,-2,-2,-2,-2,-2,-2,-2,-2,-2,-2,-2,-2,-2,-2,-2,-2,-2,-2,-2,-2,-2 
"lanaO","gahlan",3,3,-2,-2,-2,3,3,2,2,2,-2,2,-2,2,-2,-2,-2,-2,-2,-2,-2,-2,-2,-2,-2,-2,-2,-2,-2,-2,-2,-2,-2,-2,2,2,-2,-2 
"hawwR","galchl",-2,-2,-2,-2,-2,-2,-2,-2,-2,-2,-2,-2,-2,-2,-2,-2,-2,-2,-2,-2,-2,-2,-2,-2,-2,-2,-2,-2,-2,-2,-2,-2,-2,-2,-2,-2,-2,-2 
"edwaR","gamgeo",-2,-2,-2,-2,-2,3,-2,-2,-2,-2,-2,-2,-2,-2,-2,-2,-2,-2,-2,-2,-2,-2,-2,-2,-2,-2,-2,-2,-2,2,-2,-2,-2,-2,-2,-2,-2,-2 
"hawgO","garbri",-2,-2,-2,-2,-2,-2,-2,1,1,-2,-2,-2,-2,-2,-2,-2,-2,-2,-2,-2,-2,-2,-2,-2,-2,-2,-2,-2,-2,-2,-2,-2,-2,-2,-2,-2,-2,-2 
"unarR","gasacu",-1,-2,-2,-2,-2,-1,-2,2,2,-2,-2,-2,2,-2,-2,-2,-2,-2,2,-1,-1,-2,-2,-2,-2,-1,-2,-1,-2,-2,-2,-1,-1,-2,2,-2,-2,-2 
"maplO","gerarb",-2,-2,-2,-2,-2,-2,2,2,3,3,-2,-2,2,-2,-2,-2,-2,-2,-2,-2,-2,-2,-2,-2,-2,-2,-2,-2,-2,-2,-2,-2,-2,-2,3,-2,-2,-2 
"humpR","gilcyp",2,-2,-2,-2,-2,-2,-2,1,1,-2,-2,2,2,-2,-2,-2,-2,-2,-2,-2,-2,2,2,-2,-2,-2,-2,-2,-2,-2,-2,2,-2,-2,-2,-2,-2,-2 
"bonyR","gilele",-1,-1,-2,-1,-2,-1,-1,2,2,2,-2,-1,-2,-1,-2,-1,-2,-2,-1,-2,-1,-2,-2,-2,-2,-2,-2,-2,-2,-2,-2,-1,-1,-2,-1,-2,-2,-1 
"chihO","gilnig",3,3,-2,-2,-2,-1,1,-1,3,-1,-2,2,-2,2,-2,-2,-2,-2,-2,-2,-2,-2,-2,-2,-2,-2,-2,-2,-2,-2,-2,-1,-2,-2,-1,-2,-2,-2 
"fishR","gilpur",-2,1,-2,-2,-2,-2,-2,1,1,1,-2,-2,-2,1,1,-2,-2,-2,-2,-2,-2,-2,-2,-2,-2,-2,-2,-2,-2,-2,-2,-2,-2,-2,-2,-2,-2,-2 
"whooR","gruame",-2,-2,3,3,3,3,3,1,1,3,-2,2,1,1,-2,3,2,-2,3,3,2,2,-2,-2,-2,3,-2,-2,-2,-2,3,3,2,-2,3,-2,-2,-2 
"missR","grucan",-2,3,-2,3,-2,-2,-2,-2,-2,-2,-2,-2,-2,-2,-2,2,-2,-2,-2,-2,-2,-2,-2,-2,-2,2,-2,-2,-2,-2,-2,-2,-2,-2,-2,-2,-2,-2 
"cacoR","gymcal",-2,-2,3,6,-2,-2,-2,6,6,-2,2,5,5,5,-2,-2,5,-2,-2,-2,-2,-2,6,6,-2,-2,-2,-2,-2,-2,-2,3,2,-2,-2,-2,-2,-2 
"gnomO","gymlin",-2,-2,-2,-2,-2,-2,-2,-2,-2,-2,-2,2,2,2,-2,-2,-2,-2,-2,-2,-2,-2,-2,-2,-2,-2,-2,-2,-2,-2,-2,-2,-2,-2,-2,-2,-2,-2 
"todsO","hedtod",-1,-1,-2,-2,-2,-1,-1,-1,-1,-1,-1,-1,-1,-1,-1,-1,-1,-1,-1,-1,-1,-1,-1,-1,-1,-1,-1,-1,-1,-1,-1,-1,-2,-1,-1,-1,-1,-1 
"oahpO","hesarb",3,-2,-2,-2,-2,-2,-2,-2,3,-2,-2,-2,-2,-2,-2,-2,-2,-2,-2,-2,-2,-2,-2,-2,-2,-2,-2,-2,-2,-2,-2,-2,-2,-2,-2,-2,-2,-2 
"moloO","hibarn",3,3,-2,-2,-2,-2,-2,1,1,-2,-2,-2,-2,-2,-2,-2,-2,-2,-2,-2,-2,-2,-2,-2,-2,-2,-2,-2,-2,-2,-2,-2,-2,-2,-2,-2,-2,-2 
"kaupO","hibcla",1,1,-2,-2,-2,1,1,1,1,1,-2,-2,-2,-2,-2,-2,-2,-2,-2,-2,-2,-2,-2,-2,-2,-2,-2,-2,-2,-2,-2,-2,-2,-2,-2,-2,-2,-2 
"kauaO","hibwoo",-2,-2,-2,-2,-2,7,-2,-2,7,-2,-2,-2,-2,-2,-2,-2,-2,-2,-2,-2,-2,-2,-2,-2,-2,-2,-2,-2,-2,-2,-2,-2,-2,-2,6,6,-2,-2 
"hawwR","himmex",-2,-2,-2,-2,-2,-2,3,2,-2,-2,-2,4,-2,2,-2,-2,-2,-2,-2,-2,-2,-2,-2,-2,-2,-2,-2,-2,-2,-2,-2,3,-2,-2,-2,-2,-2,-2 
"flscO","hypcum",1,3,-2,-2,-2,-2,3,-2,2,-2,-2,-2,-2,-2,-2,-2,-2,-2,-2,-2,-2,-2,-2,-2,-2,-2,-2,-2,-2,-2,-2,-2,-2,-2,-2,-2,-2,-2 
"smalR","isomed",2,2,-2,-2,-2,3,2,3,6,-2,-2,-2,-2,-2,-2,-2,-2,-2,-2,-2,-2,-2,-2,-2,-2,-2,-2,-2,-2,-2,-2,-2,-2,-2,-2,-2,-2,-2 
"beacO","jacrec",-2,1,-2,-2,-2,-1,-2,2,2,-2,-2,-2,-2,-2,-2,-2,-2,-2,-2,-2,-2,-2,-2,-2,-2,-2,-2,-2,-2,-2,-2,-2,-2,-2,-2,-2,-2,-2 
"oahpO","labcyr",1,1,-2,-2,-2,-1,-1,2,2,-2,-2,1,1,-2,-2,-2,-2,-2,2,-1,-2,-2,-2,-2,-2,-2,-2,-2,-2,-2,-2,-2,-2,-2,-1,-2,-2,-2 
"pinkO","lamabr",2,2,-2,-2,-2,2,-2,-2,1,-2,-2,-2,2,2,-2,-2,-2,-2,2,2,-2,-2,-2,-2,-2,-2,-2,-2,-2,-2,2,2,2,-2,2,-2,-2,-2 
"snakO","lanxsp",2,2,-2,-2,-2,-2,-2,-2,3,-2,-2,-2,-2,-2,-2,-2,-2,-2,-2,-2,-2,-2,-2,-2,-2,-2,-2,-2,-2,-2,-2,-2,-2,-2,-2,-2,-2,-2 
"caroO","lasdec",-2,-2,-2,-2,-2,-2,-2,-2,-2,-2,-2,-2,-2,-2,-2,-2,-2,-2,-2,-2,-2,-2,-2,-2,-2,-2,-2,-2,-2,-2,-2,-2,-2,-2,-2,-2,-2,-2 
"praiO","leslep",-2,-2,-2,-2,-2,-2,-2,1,2,-2,-2,2,-2,-2,-2,3,-2,-2,-2,3,2,-2,-2,-2,-2,-2,-2,-2,-2,-2,-2,-2,-2,-2,-2,2,-2,-2 
"flscR","liaohl",1,-2,-2,-2,-2,7,2,2,7,7,-2,-2,7,-2,-2,-2,-2,-2,-2,-2,-2,-2,-2,-2,-2,-2,-2,-2,-2,-2,-2,-2,-2,-2,-2,-2,2,-2 
"kaupO","lipfau",1,1,-2,-2,-2,1,1,1,1,1,-2,-2,-2,-2,-2,-2,-2,-2,-2,-2,-2,-2,-2,-2,-2,-2,-2,-2,-2,-2,-2,-2,-2,-2,-2,-2,-2,-2 
"oahpO","loboah",-2,-2,-2,-2,-2,-2,-2,1,1,-2,-2,-2,-2,-2,-2,-2,-2,-2,-2,-2,-2,-2,-2,-2,-2,-2,-2,-2,-2,-2,-2,-2,-2,-2,-2,-2,-2,-2 
"flscR","lupari",-2,-2,-2,-2,-2,-2,-2,-2,-2,-2,-2,-2,-2,-2,-2,-2,-2,-2,1,-2,1,1,-2,-2,1,-2,-2,-2,-2,-2,-2,-2,-2,-2,-2,-2,-2,-2 
"lotiO","lycarg",-2,-2,-2,-2,-2,-2,-2,1,3,-2,-2,-2,-2,-2,-2,-2,-2,-2,-2,-2,-2,-2,-2,-2,-2,-2,-2,-2,-2,-2,-2,-2,-2,-2,-2,-2,-2,-2 
"roleO","lysasp",-2,-2,-2,-2,-2,-2,-2,2,3,1,-2,-2,3,-2,-2,-2,-2,-2,-2,-2,2,-2,-2,-2,-2,-2,-2,-2,-2,-2,-2,-2,-2,-2,-2,-2,3,-2 
"apalO","macalb",2,-2,-2,-2,-2,2,2,-2,1,-2,-2,-2,-2,-2,-2,-2,-2,-2,-2,-2,-2,-2,-2,-2,-2,-2,-2,-2,-2,-2,-2,-2,-2,-2,-2,-2,-2,-2 
"mohrO","marmoh",-1,-2,-2,-2,-2,-2,-2,-1,-1,-2,-2,-2,-2,-2,-2,-2,-2,-2,-2,-2,-2,-2,-2,-2,-2,-1,-2,-2,-2,-2,-2,-2,-2,-2,-2,-2,-2,-2 
"kaupO","melpal",-2,-2,-2,-2,-2,-2,-2,-2,-2,-2,-2,-2,-2,-2,-2,-2,-2,-2,-2,-2,-2,-2,-2,-2,-2,-2,-2,-2,-2,-2,-2,-2,-2,-2,-2,-2,-2,-2 
"oahpO","melsai",1,3,-2,-2,-2,3,3,3,3,3,-2,3,3,3,-2,-2,-2,-2,-2,-2,-2,-2,-2,-2,-2,-2,-2,-2,-2,-2,-2,-2,-2,-2,-2,-2,-2,-2 
"armaO","miccal",-2,6,6,6,-2,-2,-2,-2,-2,-2,-2,-2,-2,-2,-2,-2,-2,-2,-2,-2,-2,-2,-2,-2,-2,-2,-2,-2,-2,-2,-2,-2,-2,-2,-2,-2,-2,-2 
"hualO","micmex",3,-2,-2,-2,-2,-2,-2,-2,2,-2,-2,-2,3,-2,-2,-2,-2,-2,-2,-2,2,-2,-2,-2,-2,-2,-2,-2,-2,-2,-2,-2,-2,-2,-2,-2,-2,-2 
"blacR","musnig",2,-2,-2,-2,-2,-2,3,1,1,2,-2,-2,-2,2,-2,-2,2,-2,-2,-2,-2,-2,-2,-2,-2,2,2,-2,-2,-2,-2,2,2,-2,2,-2,-2,-2 
"kaufO","myapal",2,2,-2,-2,-2,2,2,2,2,-2,-2,3,-2,2,-2,-2,-2,-2,-2,-2,-2,-2,-2,-2,-2,-2,-2,-2,-2,-2,-2,-2,-2,-2,2,2,-2,-2 
"woodO","mycame",-2,-2,-2,6,-2,-2,-2,-2,-2,-2,-2,-2,-2,-2,-2,-2,-2,-2,-2,-2,-2,-2,-2,-2,-2,-2,-2,-2,-2,-2,-2,6,6,-2,6,-2,-2,-2 
"indiR","myosod",2,-2,-2,2,2,-2,-2,-2,-2,-2,-2,-2,-2,-2,-2,-2,-2,-2,-2,-2,-2,-2,-2,-2,-2,-2,-2,-2,-2,-2,-2,2,-2,-2,-2,-2,-2,-2 
"oahpO","nothum",2,-2,-2,-2,-2,-1,-2,-1,-1,-2,-2,-2,-2,-2,-2,-1,-2,-2,-2,-2,-2,-2,-2,-2,-2,-2,-2,-2,-2,-2,-2,-2,-2,-2,-2,-2,-2,-2 
"capeO","notmek",-2,1,-2,-2,-2,-2,-2,-2,1,-2,-2,3,2,-2,-2,-2,-2,-2,-2,-2,-2,-2,-2,-2,-2,-2,-2,-2,-2,-2,-2,-2,-2,-2,-2,-2,-2,-2 
"neosO","notpla",2,-2,-2,-2,-2,-2,-2,-2,2,1,-2,-2,-2,3,-2,-2,-2,-2,-2,-2,-2,-2,-2,-2,-2,-2,-2,-2,-2,-2,-2,-2,-2,-2,-2,-2,-2,-2 
"ringO","oboret",-2,-2,-2,-2,-2,-2,-2,-2,3,-2,-2,-2,2,-2,-2,-2,-2,-2,-2,-2,-2,2,-2,-2,-2,-2,-2,-2,-2,-2,-2,-2,-2,-2,-2,-2,-2,-2 
"keydR","odvicl",1,-2,-2,-2,-2,-2,1,2,2,-2,-2,-2,-2,-2,-2,-2,-2,-2,-2,-2,-2,-2,-2,-2,-2,-2,-2,-2,-2,-2,-2,2,2,-2,2,-2,-2,-2 
"coluR","odvile",2,2,2,-2,-2,-2,-2,-2,-2,-2,-2,-2,-2,-2,-2,-2,-2,-2,-2,-2,-2,-2,2,-2,-2,2,-2,-2,-2,-2,-2,2,2,-2,2,3,3,-2 
"antiR","oendel",-2,1,-2,-2,-2,-2,-2,-2,-2,-2,-2,-2,-2,-2,-2,-2,-2,-2,-2,-2,-2,-2,-2,-2,-2,-2,-2,-2,-2,-2,-2,-2,-2,-2,-2,-2,-2,-2 
"arizR","oncapa",-1,-1,2,2,-2,-1,-1,2,5,-2,-2,-1,-1,-2,-2,-2,-2,-2,-2,3,3,-1,-2,-2,-1,-1,3,3,2,-2,-2,2,-1,-2,2,2,-2,-2 
"grcuR","onccla",3,3,3,3,-2,-2,-2,1,1,-2,-2,3,3,-2,-2,-2,-2,-2,-2,6,3,3,-2,-2,-2,-2,-2,-2,-2,-2,-2,3,3,-2,2,2,-2,-2 
"gilaR","oncgil",2,-2,-2,-2,-2,2,-2,1,1,-2,-2,2,2,-2,-2,-2,-2,-2,-2,-2,2,2,-2,-2,-2,-2,-2,-2,-2,-2,-2,-2,-2,-2,-2,-2,2,-2 
"nashR","orcsho",-2,3,-2,-2,-2,-2,-2,3,3,-2,-2,-2,-2,-2,-2,-2,-2,-2,-2,-2,-2,-2,-2,-2,-2,-2,-2,-2,-2,-2,-2,-2,-2,-2,-2,-2,-2,-2 
"flscR","parcha",-2,1,-2,-2,-2,-2,2,-2,-2,-2,-2,-2,-2,-2,-2,-2,-2,-2,-2,-2,-2,-2,-2,-2,-2,-2,-2,-2,-2,-2,-2,-2,-2,-2,-2,-2,-2,-2 
"mamoO","parfla",3,-2,-2,-2,-2,-2,-2,-2,-2,-2,-2,-2,-2,-2,-2,-2,-2,-2,-2,-2,-2,-2,-2,-2,-2,-2,-2,-2,-2,-2,-2,-2,-2,-2,-2,-2,-2,-2 
"bradO","pedbra",-2,3,-2,-2,-2,-2,-2,3,2,3,-2,3,3,-2,-2,-2,-2,-2,-2,-2,-2,-2,-2,-2,-2,-2,-2,-2,-2,-2,-2,-2,-2,-2,-2,-2,-2,-2 
"furbR","pedfur",-2,2,-2,-2,-2,-2,-2,1,1,1,-2,-2,-2,-2,-2,-2,2,-2,-2,-2,-2,-2,2,2,-2,-2,-2,-2,-2,-2,-2,-2,-2,-2,-2,1,3,-2 
"prcrO","pellem",-2,-2,-2,-2,-2,-2,-2,2,2,-2,-2,-2,-2,-2,-2,-2,-2,-2,-2,2,-2,-2,-2,-2,-2,-2,-2,-2,-2,-2,-2,-2,-2,-2,-2,-2,-2,-2 
"anasO","perpol",3,2,-1,-1,-1,-2,1,1,1,1,3,-1,1,2,-2,1,-1,-2,-1,-2,-1,-2,-2,-2,2,-1,-1,-1,-1,-2,3,-2,-2,-2,-2,3,3,-2 
"snaiR","pertan",1,2,-2,-2,-2,2,-2,-2,2,-2,-2,2,2,2,-2,-2,-2,-2,5,5,-2,-2,-2,-2,-2,-2,-2,-2,-2,-2,2,-2,-2,-2,-2,-2,-2,-2 
"lanaO","phygla",3,3,-2,-2,-2,-2,-2,1,1,-2,-2,3,-2,-2,-2,-2,-2,-2,2,-2,-2,-2,-2,-2,-2,-2,-2,-2,-2,-2,-2,-2,-2,-2,-2,-2,-2,-2 
"biadO","phyrac",-2,-2,-2,-2,-2,-2,-2,2,2,-2,-2,-2,1,-2,-2,-2,-2,-2,-2,-2,-2,-2,-2,-2,-2,-2,-2,-2,-2,-2,-2,-2,-2,-2,-2,-2,-2,-2 
"redcR","picbor",3,-2,4,-2,-2,-2,2,3,2,-2,-2,4,4,3,-2,2,-2,-2,-2,-2,-2,-2,-2,-2,-2,-2,-2,-2,-2,-2,3,3,3,3,-2,-2,3,-2 
"ropiO","pleple",-2,1,-2,-2,-2,-2,-2,-2,2,1,-2,-2,-2,-2,-2,-2,-2,-2,-2,-2,-2,-2,-2,-2,-2,-2,-2,-2,-2,-2,-2,-2,-2,-2,-2,-2,-2,-2 
"shenO","pleshe",2,2,1,2,-2,-2,-2,-2,2,-2,-2,-2,1,-2,-2,-2,-2,-2,-2,-2,2,-2,-2,-2,-2,-2,-2,-2,-2,-2,-2,-2,-2,-2,-2,-2,-2,-2 
"fishR","poeocc",-2,-2,-2,-2,-2,-2,-2,-2,-2,-2,-2,-2,-2,-2,-2,-2,-2,-2,-2,-2,-2,-2,-2,-2,-2,-2,-2,-2,-2,-2,-2,-2,-2,-2,-2,-2,-2,-2 
"cavpO","pognud",1,3,-2,-2,-2,3,3,-2,2,-2,-2,-2,-2,-2,-2,-2,-2,-2,-2,-2,-2,-2,-2,-2,-2,-2,-2,-2,-2,-2,-2,-2,-2,-2,-2,-2,-2,-2 
"flscR","polbas",3,-2,-2,-2,-2,2,2,-2,1,2,-2,-2,2,2,-1,-2,-2,-2,-2,-2,-2,-2,-2,-2,-2,-2,-2,-2,-2,-2,-2,-2,-2,-2,-2,-2,-2,-2 
"fatpR","potcap",1,1,-2,-2,-2,-2,-2,-2,1,-2,-2,1,-2,-2,-2,-2,-2,-2,-2,-2,-2,-2,-2,-2,-2,-2,-2,-2,-2,-2,-2,-2,-2,-2,-2,-2,-2,-2 
"littO","potcly",3,1,-2,-2,-2,3,3,1,3,-2,-2,3,2,3,-2,-2,-2,-2,-2,-2,3,-2,-2,-2,-2,-2,-2,-2,-2,-2,-2,-2,-2,-2,3,7,3,-2 
"flscR","prugen",2,2,-2,-2,-2,-2,2,-2,2,-2,-2,3,-2,2,-2,-2,3,-2,2,2,-2,-2,-2,-2,-2,2,-2,-2,-2,-2,-2,-2,-2,-2,-2,2,2,-2 
"guamO","ptemar",-2,1,2,2,-2,-1,-2,-2,2,-2,-2,2,-2,2,-2,-2,-2,-2,-2,-2,-2,-2,-2,-2,-2,-2,-2,-2,-2,-2,-2,-2,-2,-2,-2,-2,-2,-2 
"harpO","ptinod",-2,2,-2,-2,-2,2,-2,1,1,-2,-2,2,2,-3,-2,-2,-2,-2,-1,-1,-2,-2,-2,-2,-2,-2,-2,-2,-2,-2,-1,-2,-2,-2,-2,-2,-2,-2 
"coloR","ptyluc",3,3,3,3,3,3,3,3,3,-2,-2,-2,3,2,-2,-2,-2,-2,-2,3,-2,3,-2,-2,-2,-2,-2,-2,-2,-2,2,3,2,-2,3,3,3,-2 
"flopR","pumcon",-2,-2,-2,-2,-2,-2,-2,2,2,-2,-2,-2,-2,-2,-2,-2,-1,-2,-2,-2,-2,-2,-2,-2,-2,2,-2,-2,-2,2,-2,3,2,-2,3,-2,-2,-2 
"alamO","pyrneo",3,-2,-2,-2,-2,-2,-2,-2,1,-2,-2,-2,-2,-2,-2,-2,-2,-2,-2,-2,-2,-2,-2,-2,-2,-2,-2,-2,-2,-2,-2,-2,-2,-2,-2,-2,-2,-2 
"tombO","quasta",-2,-2,-2,-2,-2,-2,-2,-2,3,-2,-2,-2,-2,-2,-2,-2,-2,-2,-2,-2,-2,-2,-2,-2,-2,-2,-2,-2,-2,-2,-2,-2,-2,-2,-2,-2,-2,-2 
"saltO","raloob",1,3,3,3,-2,-2,2,3,1,-2,-2,2,-2,-2,-2,3,-2,-3,-2,-2,2,-2,-2,-2,-2,-2,-2,-2,-2,-2,-2,3,3,-2,3,-2,3,-2 
"yumaO","raloyu",3,-2,-2,-2,-2,-2,3,1,1,-2,-2,-2,-2,-2,-2,-2,-2,-2,-2,-2,-2,-2,-2,-2,-2,-2,-2,-2,-2,-2,-2,-2,-2,-2,-2,-2,-2,-2 
"selkR","rantar",-2,-2,-2,-2,-2,-2,-2,-2,6,-2,-2,-2,-2,2,-2,2,-2,-2,-2,-2,-2,-2,-2,-2,-2,-2,-2,-2,-2,-2,3,-2,-2,-2,-2,-2,-2,-2 
"kendO","rhiosc",3,2,-2,-2,-2,-2,-2,-2,-2,-2,-2,2,-2,-2,-2,-2,-2,-2,-2,-2,-2,-2,-2,-2,-2,-2,-2,-2,-2,-2,-2,-2,-2,-2,-2,-2,-2,-2 
"chapO","rhocha",-2,-2,-2,-2,-2,-2,-2,-2,2,2,-2,-2,3,-2,-2,-2,-2,-2,-2,-2,-2,-2,-2,-2,-2,-2,-2,-2,-2,-2,-2,-2,-2,-2,-2,-2,-2,-2 
"everR","rossoc",-2,-2,-2,-2,-2,-2,-2,2,2,-2,-2,2,-2,-2,-2,2,-2,-2,-2,-2,-2,-2,-2,-2,-2,-2,-2,-2,-2,-2,-2,-2,-2,-2,-2,-2,-2,-2 
"grpiR","sarore",3,3,-2,-2,-2,3,3,3,3,3,-2,2,-2,2,2,-2,-2,-2,-2,3,3,-2,-2,-2,-2,3,-2,-2,-2,-2,2,-2,-2,-2,-1,-1,-2,-2 
"pallO","scaalb",2,-2,-2,-2,-2,5,2,1,1,3,-2,-2,-2,2,-2,-2,-2,-2,-2,-2,-2,2,-2,-2,-2,-2,-2,-2,-2,3,-2,-2,-2,-2,3,-2,3,-2 
"maplO","schhal",-2,2,-2,-2,-2,-2,-2,-2,-2,-2,-2,-2,-2,-2,-2,-2,-2,-2,-2,-2,-2,-2,-2,-2,-2,-2,-2,-2,-2,-2,-2,-2,-2,-2,-2,-2,3,-2 
"oahpO","schkaa",1,1,-2,-2,-2,1,-2,1,1,-2,1,1,-2,-2,-2,-2,-2,1,-2,2,-2,-2,-2,-2,-2,2,2,2,-2,-2,-2,3,-2,-2,2,2,-2,2 
"oahpO","schkea",-2,-2,-2,-2,-2,-2,-2,1,1,-2,-2,-2,-2,-2,-2,-2,-2,-2,-2,-2,-2,-2,-2,-2,-2,-2,-2,-2,-2,-2,-2,-2,-2,-2,-2,-2,-2,-2 
"kaupO","schspe",2,2,-2,-2,-2,-2,-2,2,2,-2,-2,2,2,2,-2,-2,-2,-2,-2,-2,-2,-2,-2,-2,-2,-2,-2,-2,-2,-2,-2,-2,-2,-2,-2,-2,-2,-2 
"delmR","scinig",3,3,-2,3,-2,3,2,2,2,-2,2,2,2,-2,-2,3,-2,-2,-2,2,2,-2,-2,-2,-2,3,3,3,-2,-2,-2,-2,-2,-2,-2,-2,3,-2 
"enruO","soldry",1,1,-2,-2,-2,1,1,1,1,-1,-1,3,3,-2,-2,-2,-2,-2,-2,-2,3,-2,-2,-2,-2,-2,-2,-2,-2,-2,-2,-2,-2,-2,-2,-2,-2,-2 
"hougO","solhou",3,-2,-2,-2,-2,3,3,-2,1,-2,-2,-2,-2,-2,-2,-2,-2,-2,-2,-2,-2,-2,-2,-2,-2,2,-2,-2,-2,-2,-2,-2,-2,-2,-2,-2,-2,-2 
"alabR","spepou",-1,-1,-1,-1,-1,-1,-1,-1,2,-1,-1,-1,-1,-1,-1,-1,-1,-1,-1,-1,-1,-1,-1,-1,-1,-1,-1,-1,-1,-1,-1,-1,-1,-1,-1,-1,-1,-1 
"caleO","steant",2,2,2,2,-1,2,2,2,2,-2,-2,3,3,3,-2,3,-2,-2,-1,-1,3,-1,2,-1,-2,-2,-2,-2,-2,-2,-1,2,-1,-2,2,-2,2,-2 
"kaupO","stecam",2,2,-2,-2,-2,2,2,2,2,-2,-2,2,2,2,-2,-2,-2,-2,-2,-2,-2,-2,-2,-2,-2,-2,-2,-2,-2,-2,-2,-2,-2,-2,-2,-2,-2,-2 
"mexiO","strocc",4,4,4,4,4,4,4,2,2,1,-2,-2,4,4,3,4,-2,-2,3,-2,-2,-2,-2,-2,-2,-2,-2,-2,-2,-2,1,1,1,-2,3,-2,4,-2 
"loweO","sylpal",1,1,3,-2,-2,-2,-2,-2,1,1,-2,4,4,4,-2,2,3,-2,-2,-2,3,-2,3,3,-2,-2,-2,-2,-2,-2,4,-2,-2,-2,-2,-2,-2,-2 
"lanaO","tetrem",3,3,-2,-2,-2,-2,1,1,2,-2,-2,2,-2,2,-2,-2,-2,-2,-2,-2,-2,-2,-2,-2,2,-2,-2,-2,-2,3,-2,-2,-2,-2,-2,-2,-2,-2 
"karsO","texred",-2,2,-2,-2,-2,-2,-2,-2,2,2,-2,-2,-2,-2,-2,-2,-2,-2,-2,-2,-2,-2,-2,-2,-2,-2,-2,-2,-2,-2,-2,-2,-2,-2,-2,3,-2,-2 
"coolO","thacoo",2,2,2,2,2,2,2,2,2,2,2,2,2,2,2,2,2,2,2,2,2,2,2,2,2,2,2,2,2,2,2,2,-2,-2,2,2,2,2 
"pedaO","theste",-2,3,-2,-2,-2,-2,2,-2,2,2,-2,-2,1,2,-2,-2,-2,-2,-2,-2,-2,-2,-2,-2,-2,-2,-2,-2,-2,-2,-2,-2,-2,-2,3,-2,-2,-2 
"soccO","thethe",1,1,-2,-2,-2,-2,-2,-2,1,-2,-2,-2,-2,-2,-2,2,-2,-2,-2,-2,-2,-2,-2,-2,-2,-2,-2,-2,-2,-2,-2,-2,-2,-2,-2,-2,-2,-2 
"prfeO","theyau",3,2,-2,-2,-2,-2,-2,-2,1,-2,-2,-2,-2,-2,-2,-2,-2,-2,-2,-2,-2,-2,-2,-2,-2,-2,-2,-2,-2,-2,-2,-2,-2,-2,-2,-2,-2,-2 
"westR","triman",-1,1,-2,-2,-2,-2,-2,1,1,-2,1,4,-2,2,-2,-2,-2,-1,-2,-2,3,3,-2,-2,2,-2,-2,-2,-2,-2,-2,-1,3,3,-2,-2,-2,-2 
"bariO","tritri",-2,-2,-2,-2,-2,-2,-2,-2,-2,-2,-2,-2,-2,-2,-2,-2,-2,-2,-2,1,1,-2,-2,-2,-2,-2,-2,-2,-2,-2,-2,-2,-2,-2,-2,-2,-2,-2 
"attwR","tymcup",-2,-2,3,-2,-2,-2,-2,-2,1,3,-2,-2,3,3,-2,-2,-2,-2,-2,-2,-2,-2,-2,-2,-2,-2,-2,-2,-2,-2,3,-2,3,-2,3,-2,-2,-2 
"grizR","ursarc",1,1,-2,-2,-2,1,1,1,1,3,-2,2,2,3,-2,2,2,-2,2,-2,-2,-2,-2,3,-2,3,3,3,3,-2,-2,-2,-2,3,-2,-2,-2,-2 
"flscR","warcar",-2,3,-2,-2,-2,-2,3,-2,-2,-2,-2,-2,-2,-2,-2,-2,-2,2,-2,-2,-2,-2,-2,-2,-2,-2,-2,-2,-2,-2,-2,-2,-2,-2,-2,-2,-2,-2 
"cachO","xanriv",1,-2,-2,-2,-2,-2,-2,-2,-2,-2,-2,-2,-2,-2,-2,-2,-2,-2,-2,-2,-2,-2,-2,-2,-2,-2,-2,-2,-2,-2,-2,-2,2,-2,-2,-2,-2,-2 
"flscR","zizcel",2,1,-2,-2,-2,6,6,2,3,1,-2,1,-2,-2,-2,-2,2,-2,7,5,3,-2,-2,-2,-2,-2,-2,-2,-2,-2,-2,-2,-2,-2,-2,-2,1,-2 
"edwaR","ziztex",2,2,-2,-2,-2,6,-2,4,4,2,-2,-2,-2,3,-2,-2,-2,-2,-2,7,7,-2,-2,-2,-2,-2,-2,-2,-2,7,-2,-2,-2,-2,7,-2,-2,-2 
