"PLAN","SPECIES","308NN","309NN","310NN","311NN","312NN","313NN","314NN","315NN","316NN","317NN","318NN","319NN","320NN","321NN","322NN","323NN","324NN","325NN","326NN","327NN","328NN","329NN","330NN","331NN","332NN","333NN","334NN","335NN","336NN","337NN","338NN","339NN","340NN","341NN","342NN","343NN"
"largO","abrmac",-2,-2,0,-2,0,-2,0,0,-2,-2,0,0,0,-2,-2,-2,-2,-2,-2,-2,-2,-2,-2,-2,-2,-2,-2,-2,-2,-2,-2,-2,-2,-2,-2,-2 
"lanaO","abuere",-2,0,-2,-2,0,-2,0,0,0,0,0,-2,0,-2,0,-2,-2,-2,-2,-2,-2,-2,-2,-2,-2,-2,-2,-2,-2,-2,-2,-2,-2,-2,-2,-2 
"oahpO","abusan",-2,-2,-2,-2,-2,-2,-2,-2,-2,-2,-2,-2,-2,-2,-2,-2,-2,-2,-2,-2,-2,-2,-2,-2,-2,-2,-2,-2,-2,-2,-2,-2,-2,-2,-2,-2 
"prraO","accstr",-2,-2,-2,-2,-2,-2,-2,-2,-2,-2,-2,0,0,-2,-2,-2,-2,-2,-2,-2,-2,-2,-2,-2,-2,-2,-2,-2,-2,0,-2,-2,-2,-2,-2,-2 
"oahtO","achlil",0,0,-2,-2,0,-2,0,-2,-2,-2,-2,-2,0,-2,-2,-2,-2,-2,-2,-2,-2,-2,-2,-2,-2,-2,-2,-2,-2,-2,-2,-2,-2,-2,-2,-2 
"nighO","acrlus",-2,1,1,1,-2,-2,0,-2,-2,-2,-2,0,0,-2,0,-2,-2,-2,-2,-2,-2,-2,-2,-2,-2,-2,-2,-2,-2,0,-2,-2,-2,-2,-2,-2 
"sensO","aesvir",-2,-2,-2,-2,-2,-2,0,-2,0,0,-2,0,-2,-2,0,-2,-2,-2,-2,-2,-2,0,-2,-2,-2,-2,-2,-2,-2,-2,-2,-2,-2,-2,-2,-2 
"dwweO","alahet",-2,0,-2,-2,-2,-2,-2,-2,-2,-2,0,0,0,-2,0,-2,-2,-2,-2,-2,-2,-2,-2,-2,-2,-2,-2,-2,-2,-2,-2,-2,0,-2,-2,-2 
"maplO","alemac",-2,0,-2,0,0,-2,0,0,0,0,0,0,0,0,0,-2,-2,-2,-2,-2,-2,-2,-2,-2,-2,-2,-2,-2,-2,-2,-2,-2,-2,0,-2,-2 
"kauaO","alslyc",-2,0,-2,-2,0,-2,0,-2,0,0,0,0,-2,-2,0,-2,-2,-2,-2,-2,-2,-2,-2,-2,-2,-2,-2,-2,-2,-2,-2,-2,-2,-2,-2,-2 
"oahpO","alsobo",-2,-2,-2,-2,-2,-2,-2,-2,-2,-2,-2,-2,-2,-2,-2,-2,-2,-2,-2,-2,-2,-2,-2,-2,-2,-2,-2,-2,-2,-2,-2,-2,-2,-2,-2,-2 
"kauaO","alsvis",-2,0,-2,-2,0,-2,0,-2,0,0,-2,0,-2,-2,0,-2,-2,-2,-2,-2,-2,-2,-2,-2,-2,-2,-2,-2,-2,-2,-2,-2,-2,-2,-2,-2 
"prpaO","amavit",0,0,-2,0,0,0,0,0,0,0,0,0,0,-2,0,0,-2,-2,-2,-2,-2,-2,-2,0,-2,-2,-2,-2,-2,-2,-2,-2,-2,-2,-2,-2 
"ashmO","ambama",-2,-2,-2,-2,-2,-2,0,-2,0,-2,-2,0,0,-2,0,-2,-2,-2,-2,-2,-2,-2,-2,-2,-2,-2,-2,-2,-2,-2,-2,-2,-2,-2,-2,-2 
"ozarR","ambros",-2,-2,-2,-2,-2,-2,-2,-2,-2,-2,-2,0,0,-2,0,-2,-2,-2,-2,-2,-2,0,0,0,-2,-2,-2,-2,-2,-2,-2,-2,-2,-2,-2,-2 
"sonoR","antame",0,0,-2,0,0,-2,0,-2,-2,0,-2,0,0,-2,0,0,-2,0,-2,-2,-2,0,-2,-2,-2,-2,-2,-2,-2,-2,-2,-2,-2,-2,-2,-2 
"antiR","apomor",0,-2,-2,-2,0,-2,-2,-2,0,-2,0,5,0,-2,0,-2,-2,0,-2,-2,-2,-2,-2,-2,-2,-2,-2,-2,-2,-2,0,-2,-2,-2,-2,-2 
"raveO","archoo",-2,1,1,-2,0,0,0,-2,2,3,0,0,0,1,-2,-2,-2,-2,-2,-2,-2,-2,-2,-2,-2,-2,-2,-2,-2,-2,-2,-2,-2,-2,-2,-2 
"dwbeO","archum",-2,-2,-2,-2,-2,-2,-2,-2,-2,-2,-2,0,0,-2,0,-2,-2,-2,-2,-2,-2,-2,-2,-2,-2,-2,-2,-2,-2,-2,-2,-2,-2,-2,-2,-2 
"fourO","arcmor",-2,-2,-2,-2,-2,-2,-2,-2,-1,-1,-2,0,0,0,0,-2,-2,-2,-2,-2,-2,-2,-2,-2,-2,-2,-2,-2,-2,-2,-2,-2,-2,-2,-2,-2 
"maunO","argsan",-2,0,-2,-2,-2,-2,0,-2,-2,-2,-2,0,-2,-2,0,-2,-2,-2,-2,-2,-2,-2,-2,-2,-2,-2,-2,-2,-2,-2,-2,-2,-2,-2,-2,-2 
"anthO","athant",-2,0,-2,0,0,-2,-2,-2,0,-2,0,0,-2,-2,-2,-2,-2,-2,-2,-2,-2,-2,-2,-2,-2,-2,-2,-2,-2,-2,-2,-2,-2,-2,-2,-2 
"virgR","betube",-2,-2,-2,-2,-2,-2,-2,0,-2,0,-2,-2,0,0,0,-2,-2,-2,-2,-2,-2,-2,-2,-2,-2,-2,-2,-2,-2,-2,-2,-2,-2,-2,-2,-2 
"flscR","bongra",-2,0,0,0,0,0,0,0,0,0,0,0,0,0,0,-2,-2,-2,-2,-2,-2,0,0,0,0,0,0,0,0,0,0,0,0,0,0,0 
"aleuR","bracan",-2,0,-2,0,0,0,0,0,-2,-2,-2,-2,-2,-2,-2,0,-2,0,0,-2,-2,0,0,0,-2,-2,-2,-2,-2,-2,-2,-2,-2,-2,-2,-2 
"cavpO","brasan",-2,0,-2,-2,0,-2,0,-2,0,-2,-2,0,0,-2,0,-2,-2,-2,-2,-2,-2,0,-2,-2,-2,-2,-2,-2,-2,0,0,-2,-2,-2,-2,0 
"kaupO","briins",-2,0,-2,-2,0,-2,0,-2,-2,-2,0,0,-2,-2,0,-2,-2,-2,-2,-2,-2,-2,-2,-2,-2,-2,-2,-2,-2,-2,-2,-2,-2,-2,-2,-2 
"palmO","calriv",-2,-2,0,-2,0,-2,-2,-2,-2,-2,-2,-2,0,-2,0,-2,-2,-2,-2,-2,-2,-2,-2,-2,-2,-2,-2,-2,-2,-2,-2,-2,0,-2,-2,-2 
"grayO","canlup",-2,0,-2,0,-2,-2,-2,-2,-2,-2,0,0,0,-2,-2,-2,0,-2,0,-2,0,-2,0,-2,-2,-2,-2,-2,-2,-2,-2,-2,-2,-2,-2,-2 
"eastR","canlup",0,0,-2,0,-2,0,-2,0,-2,-2,-2,0,-2,0,0,-2,-2,0,-2,-2,-2,0,-2,-2,-2,-2,-2,-2,-2,-2,-2,-2,-2,-2,-2,-2 
"redwR","canruf",-2,0,-2,-2,0,-2,-2,-2,-2,-2,-2,-2,0,-2,-2,-2,-2,-2,-2,-2,-2,-2,-2,-2,-2,-2,-2,-2,-2,-2,-2,-2,-2,-2,-2,-2 
"ashmO","cennam",-2,0,-2,-2,-2,-2,-2,-2,0,-2,0,0,0,-2,0,-2,-2,-2,-2,-2,-2,-2,-2,-2,-2,-2,-2,-2,-2,-2,-2,-2,-2,-2,-2,-2 
"cuiuR","chacuj",-2,-2,-2,-2,0,-2,-2,-2,-2,-2,-2,0,-2,-2,-2,0,-2,-2,-2,-2,-2,-2,-2,-2,-2,-2,-2,-2,-2,-2,-2,-2,-2,-2,-2,-2 
"pineO","chagar",-2,0,-2,-2,0,0,-2,-2,0,0,-2,0,0,0,0,-2,-2,-2,-2,-2,-2,-2,-2,-2,-2,-2,-2,-2,-2,-2,-2,-2,0,-2,-2,-2 
"oahpO","charoc",-2,0,-2,-2,0,-2,-2,-2,0,2,-2,-2,0,-2,0,-2,-2,-2,-2,-2,-2,-2,-2,-2,-2,-2,-2,-2,-2,-2,-2,-2,-2,-2,-2,-2 
"flogO","chrflo",-2,0,0,0,0,0,-2,-2,-2,-2,-2,0,0,0,-2,-2,-2,-2,-2,-2,-2,-2,-2,-2,-2,-2,-2,-2,-2,-2,-2,-2,0,-2,-2,-2 
"nortO","cicdor",-2,0,-2,-2,-2,-2,-2,-2,-2,-2,-2,0,0,-2,-2,-2,-2,-2,-2,-2,-2,-2,-2,-2,-2,-2,-2,-2,-2,-2,-2,-2,-2,-2,-2,-2 
"maskR","colvir",0,-2,0,0,0,-2,-2,0,-2,-2,0,0,0,0,-2,-2,-2,0,-2,-2,-2,-2,-2,0,-2,-2,-2,-2,-2,-2,-2,-2,-2,-2,-2,0 
"hawcO","corhaw",-2,0,-2,-2,0,-2,0,0,-2,-2,-2,0,-2,-2,0,0,-2,0,-2,-2,-2,-2,-2,-2,-2,-2,-2,-2,-2,-2,-2,-2,-2,-2,-2,-2 
"amcrR","croacu",-2,-2,-2,-2,-2,0,0,-2,-2,-2,-2,0,0,-2,0,-2,-2,-2,-2,-2,-2,0,-2,-2,-2,-2,-2,-2,-2,-2,-2,-2,-2,-2,-2,-2 
"newmO","crowil",-2,-2,-2,-2,0,0,-2,-2,-2,-2,0,0,0,-2,0,-2,-2,-2,-2,-2,-2,-2,-2,-2,-2,-2,-2,-2,-2,-2,-2,-2,0,-2,-2,-2 
"sccyO","cupabr",-2,-2,-2,-2,0,-2,-2,0,0,0,-2,0,0,0,-2,-2,-2,-2,-2,-2,-2,-2,-2,-2,-2,-2,-2,-2,-2,-2,-2,-2,-2,-2,-2,-2 
"moloO","cyaman",-2,-2,-2,0,0,-2,0,0,0,-2,0,0,0,-2,0,-2,-2,-2,-2,-2,-2,-2,-2,0,-2,-2,-2,-2,-2,-2,-2,-2,-2,-2,-2,-2 
"biplO","cyashi",-2,0,0,0,0,-2,0,0,-2,0,-2,0,0,0,0,-2,-2,-2,-2,-2,-2,-2,-2,-2,-2,-2,-2,-2,-2,-2,-2,-2,-2,-2,-2,-2 
"fishR","cypfor",-2,0,0,-2,-2,-2,0,-2,0,0,-2,0,0,0,-2,-2,-2,-2,-2,-2,-2,-2,-2,-2,-2,-2,-2,-2,-2,-2,-2,-2,-2,-2,-2,-2 
"kauaO","cyrcya",-2,0,-2,-2,0,-2,0,0,0,0,-2,0,-2,-2,0,-2,-2,-2,-2,-2,-2,-2,-2,-2,-2,-2,-2,-2,-2,-2,-2,-2,-2,-2,-2,-2 
"biplO","cyrgif",-2,0,0,0,0,-2,0,0,-2,0,-2,0,0,0,0,-2,-2,-2,-2,-2,-2,-2,-2,-2,-2,-2,-2,-2,-2,-2,-2,-2,-2,-2,-2,-2 
"oahpO","cyrvir",-2,0,0,-2,0,-2,0,-2,-2,-2,-2,0,0,-2,-2,-2,-2,-2,-2,-2,-2,-2,-2,-2,-2,-2,-2,-2,-2,-2,-2,-2,-2,-2,-2,-2 
"kirtR","denkir",-2,0,-2,-2,-2,-2,-2,-2,0,-2,-2,0,0,-2,-2,0,0,0,0,-2,-2,-2,-2,-2,-2,-2,-2,-2,-2,-2,-2,-2,-2,-2,-2,-2 
"flomO","dicchr",-2,-2,0,-2,0,-2,-2,-2,-2,0,0,0,-2,-2,0,0,-2,-2,-2,-2,-2,-2,-2,-2,-2,-2,-2,-2,-2,-2,-2,0,0,-2,-2,-2 
"tennR","echten",-2,-2,0,-2,0,-2,-2,-2,-2,0,0,0,0,-2,0,-2,-2,-2,-2,-2,-2,-2,-2,-2,-2,-2,-2,-2,-2,-2,-2,-2,-2,-2,-2,-2 
"tarrR","ellste",-2,0,-2,0,-2,-2,-2,-2,0,-2,-2,0,0,-2,0,-2,-2,-2,-2,-2,-2,-2,-2,-2,-2,-2,-2,-2,-2,-2,-2,-2,-2,-2,-2,-2 
"cavpO","eryari",-2,0,-2,-2,0,-2,0,-2,0,-2,-2,0,0,-2,0,-2,-2,-2,-2,-2,-2,-2,-2,0,-2,-2,-2,-2,-2,0,0,-2,-2,-2,-2,0 
"antiR","erycap",-2,-1,-2,-2,-1,-2,-2,-2,-1,-2,-2,-1,-1,-2,-1,-2,-2,-2,-2,-2,-2,-2,-2,-2,-2,-2,-2,-2,-2,-2,0,-2,-2,-2,-2,-2 
"flscR","erycun",-2,0,-2,-2,-2,-2,-2,-2,0,-2,-2,0,0,0,0,-2,-2,-2,-2,-2,-2,-2,-2,-2,-2,-2,-2,-2,-2,0,0,-2,0,-2,-2,-2 
"seveO","erymen",-2,-2,-2,-2,-2,-2,-2,-2,0,0,-2,0,0,-2,2,-2,-2,-2,-2,-2,-2,-2,-2,-2,-2,-2,-2,-2,-2,-2,-2,-2,-2,-2,-2,0 
"threO","eryter",-2,-1,-1,-1,-1,-1,-1,-1,0,0,-1,0,0,0,0,-2,-2,-2,-2,-2,-2,-2,-2,-2,-2,-2,-2,-2,-2,-2,-2,-2,-2,-2,-2,-2 
"slacO","ethbos",-2,-2,-2,-2,-2,-2,-2,-2,-2,-2,-2,0,0,-2,0,0,0,-2,-2,-2,-2,-2,-2,-2,-2,-2,-2,-2,-2,-2,-2,-2,-2,-2,-2,-2 
"edwaR","ethfon",-2,-2,-2,-2,0,-2,1,0,1,1,-2,0,-2,0,0,-2,-2,-2,-2,-2,-2,-2,-2,-2,-2,-2,-2,-2,-2,0,-2,-2,-2,-2,-2,0 
"wateR","ethnuc",-2,-2,0,0,0,-2,-2,-2,-2,-2,-2,0,-2,-2,-2,-2,-2,-2,-2,-2,-2,-2,-2,-2,-2,-2,-2,-2,-2,-2,-2,-2,-2,-2,-2,0 
"okalO","ethoka",-2,0,-2,-2,-2,.,0,-2,0,0,-2,0,0,-2,0,-2,-2,-2,-2,-2,-2,-2,-2,-2,-2,-2,-2,-2,-2,-2,-2,-2,-2,-2,-2,-2 
"bayoR","ethrub",-2,-2,-2,0,-2,-2,-2,-2,-2,-2,-2,0,0,-2,0,-2,-2,-2,-2,-2,-2,-2,-2,-2,-2,-2,-2,-2,-2,-2,-2,-2,0,-2,-2,-2 
"maryR","ethsel",-2,-2,-2,-2,-2,-2,-2,-2,-2,-2,-2,-2,0,-2,-2,-2,-2,-2,-2,-2,-2,-2,-2,-2,-2,-2,-2,-2,-2,-2,-2,-2,0,-2,-2,0 
"elseO","eupbat",-2,0,-2,-2,0,0,-2,-2,0,-2,-2,0,0,-2,0,0,0,0,0,-2,-2,0,0,-2,-2,-2,-2,-2,-2,0,-2,-2,-2,-2,-2,-2 
"edwaR","eurnan",-2,-2,-2,-2,0,-2,0,0,-2,0,-2,0,-2,-2,0,-2,-2,-2,-2,-2,-2,-2,-2,-2,-2,-2,-2,-2,-2,-2,-2,-2,-2,-2,-2,-2 
"pereO","falper",-2,0,0,-2,0,0,-2,-2,-2,-2,-2,0,0,-2,-2,0,0,-2,-2,-2,-2,-2,-2,-2,-2,-2,-2,-2,-2,-2,-2,-2,-2,-2,-2,-2 
"ampeO","falper",0,0,-2,0,0,0,-2,0,-2,0,-2,0,-2,-2,0,0,0,0,-2,0,-2,-2,-2,-2,-2,-2,-2,-2,-2,-2,-2,-2,-2,-2,-2,0 
"hawwR","fulame",-2,-2,-2,-2,-2,0,0,0,0,-2,-2,0,0,-2,0,-2,-2,0,-2,0,-2,-2,-2,-2,-2,-2,-2,-2,-2,-2,-2,-2,-2,-2,-2,-2 
"lanaO","gahlan",-2,0,-2,-2,0,-2,0,0,0,-2,0,0,0,0,0,-2,-2,-2,-2,-2,-2,-2,-2,0,-2,-2,-2,-2,-2,-2,-2,-2,-2,-2,-2,-2 
"hawwR","galchl",-2,-2,-2,-2,-2,0,0,-2,-2,-2,0,0,0,-2,0,0,-2,0,-2,0,-2,-2,-2,-2,-2,-2,-2,-2,-2,-2,-2,-2,-2,-2,-2,0 
"edwaR","gamgeo",-2,0,-2,-2,0,-2,0,0,0,0,-2,0,-2,-2,0,-2,-2,-2,-2,-2,-2,-2,-2,-2,-2,-2,-2,-2,-2,-2,-2,-2,-2,-2,-2,-2 
"hawgO","garbri",-2,0,-2,-2,0,-2,0,0,-2,0,0,-2,0,-2,-2,-2,-2,-2,-2,-2,-2,-2,-2,-2,-2,-2,-2,-2,-2,-2,-2,-2,-2,-2,-2,-2 
"unarR","gasacu",-2,0,-2,0,-2,-2,-2,-2,0,-2,0,0,0,-2,-2,-2,-2,-2,-2,-2,-2,-2,-2,-2,-2,-2,-2,-2,-2,-2,-2,-2,-2,-2,-2,-2 
"maplO","gerarb",-2,0,-2,0,0,-2,1,0,0,1,-2,-2,0,0,0,-2,-2,-2,-2,-2,-2,-2,-2,-2,-2,-2,-2,-2,-2,-2,-2,-2,-2,-2,-2,-2 
"humpR","gilcyp",-2,0,-2,-2,0,0,0,-2,0,0,-2,0,0,0,-2,-2,-2,-2,-2,-2,-2,-2,-2,-2,-2,-2,-2,-2,-2,-2,-2,-2,-2,-2,-2,-2 
"bonyR","gilele",-2,0,-2,-2,0,-2,-2,-2,0,0,0,0,0,-2,0,0,0,-2,-2,-2,-2,-2,-2,-2,-2,-2,-2,-2,-2,-2,-2,-2,-2,-2,-2,0 
"chihO","gilnig",-2,0,-2,-2,0,0,-2,-2,0,-2,-2,0,0,-2,0,-2,-2,-2,-2,-2,-2,-2,-2,-2,-2,-2,-2,-2,-2,.,-2,-2,-2,-2,-2,-2 
"fishR","gilpur",-2,0,-2,-2,-2,-2,-2,-2,0,0,-2,0,0,-2,0,-2,-2,-2,-2,-2,-2,-2,-2,-2,-2,-2,-2,-2,-2,-2,-2,-2,-2,-2,-2,-2 
"whooR","gruame",-2,0,-2,-2,0,0,-2,0,-2,-2,-2,0,0,-2,0,-2,-2,0,0,0,0,-2,-2,0,-2,-2,-2,-2,-2,-2,-2,-2,-2,-2,-2,-2 
"missR","grucan",0,0,-2,-2,0,0,0,0,-2,-2,0,1,0,0,0,0,0,0,0,0,0,-2,-2,-2,-2,-2,-2,-2,-2,-2,-2,-2,-2,-2,-2,-2 
"cacoR","gymcal",0,0,0,-2,0,0,0,-2,-2,-2,-2,0,0,-2,0,0,-2,0,0,-2,-2,-2,-2,0,-2,-2,-2,-2,-2,-2,-2,-2,-2,-2,-2,-2 
"gnomO","gymlin",-2,-2,0,-2,0,-2,-2,-2,0,-2,-2,0,0,-2,0,-2,-2,-2,-2,-2,-2,0,-2,-2,-2,-2,-2,-2,-2,-2,-2,-2,-2,-2,-2,-2 
"todsO","hedtod",-2,-2,0,0,0,-2,-2,-2,0,-2,-2,-2,-2,-2,0,-2,-2,-2,-2,-2,-2,-2,-2,-2,-2,-2,-2,-2,-2,-2,-2,-2,-2,-2,-2,-2 
"oahpO","hesarb",-2,0,-2,-2,0,0,0,0,0,-2,-2,0,-2,-2,0,-2,-2,-2,-2,-2,-2,-2,-2,-2,-2,-2,-2,-2,-2,-2,-2,-2,-2,-2,-2,-2 
"moloO","hibarn",-2,0,-2,0,0,-2,-2,0,1,-2,1,0,-2,-2,0,-2,-2,-2,-2,-2,-2,-2,-2,-2,-2,-2,-2,-2,-2,-2,-2,-2,0,-2,-2,-2 
"kaupO","hibcla",-2,0,0,-2,0,-2,0,0,0,0,-2,0,-2,0,0,-2,-2,-2,-2,-2,-2,-2,-2,-2,-2,-2,-2,-2,-2,-2,-2,-2,-2,-2,-2,-2 
"kauaO","hibwoo",-2,-2,-2,-2,0,-2,0,-2,0,0,0,0,-2,-2,-2,-2,-2,-2,-2,-2,-2,-2,-2,-2,-2,-2,-2,-2,-2,-2,-2,-2,-2,-2,-2,-2 
"hawwR","himmex",-2,-2,-2,-2,-2,0,0,0,0,-2,-2,0,0,-2,0,0,-2,0,-2,0,-2,-2,-2,-2,-2,-2,-2,-2,-2,-2,-2,0,-2,-2,-2,-2 
"flscO","hypcum",-2,-2,0,-2,-2,-2,-2,-2,-2,-2,-2,0,0,1,0,-2,-2,-2,-2,-2,-2,-2,-2,-2,-2,-2,-2,-2,-2,0,-2,-2,-2,-2,-2,-2 
"smalR","isomed",-2,-2,-2,-2,-2,-2,-2,-2,-2,-2,-2,0,0,-2,-2,-2,-2,-2,-2,-2,-2,-2,-2,-2,-2,-2,-2,-2,-2,-2,-2,-2,-2,-2,-2,-2 
"beacO","jacrec",-2,0,0,-2,0,0,-2,-2,0,0,-2,0,0,0,0,-2,-2,-2,-2,-2,-2,-2,-2,-2,-2,-2,-2,-2,-2,-2,-2,-2,0,-2,-2,0 
"oahpO","labcyr",-2,0,-2,-2,0,-2,0,-2,-2,0,-2,1,-2,-2,0,-2,-2,-2,-2,-2,-2,-2,-2,-2,-2,-2,-2,-2,-2,-2,-2,-2,-2,-2,-2,-2 
"pinkO","lamabr",0,0,0,0,0,0,0,0,0,0,0,0,0,0,0,0,0,0,0,0,0,0,0,0,0,0,0,0,0,0,0,0,0,0,0,0 
"snakO","lanxsp",-2,-2,-2,-2,-2,-2,-2,-2,0,-2,-2,0,-2,-2,0,-2,-2,-2,-2,-2,-2,-2,-2,0,-2,-2,-2,-2,-2,0,-2,-2,-2,-2,-2,0 
"caroO","lasdec",-2,0,-2,-2,0,-2,-2,-2,0,-2,-2,0,0,-2,-2,-2,-2,-2,-2,-2,-2,-2,-2,-2,-2,-2,-2,-2,-2,-2,-2,-2,-2,-2,-2,-2 
"praiO","leslep",-2,-2,-2,-2,-2,-2,-2,-2,0,0,-2,-2,0,0,-2,-2,-2,-2,-2,-2,-2,-2,-2,-2,-2,-2,-2,-2,-2,-2,-2,-2,-2,-2,-2,-2 
"flscR","liaohl",-2,0,0,-2,0,-2,-2,-2,-2,-2,-2,2,0,2,1,-2,-2,-2,-2,-2,-2,-2,-2,-2,-2,-2,-2,-2,-2,-2,-2,-2,2,-2,-2,-2 
"kaupO","lipfau",-2,0,0,0,0,-2,0,0,0,0,-2,0,-2,0,0,-2,-2,-2,-2,-2,-2,-2,-2,-2,-2,-2,-2,-2,-2,-2,-2,-2,-2,-2,-2,-2 
"oahpO","loboah",-2,0,-2,-2,0,0,0,-2,0,0,-2,0,-2,-2,0,-2,-2,-2,-2,-2,-2,-2,-2,-2,-2,-2,-2,-2,-2,-2,-2,-2,1,-2,-2,-2 
"flscR","lupari",-2,-2,-2,-2,-2,-2,-2,-2,-2,-2,-2,-2,0,-2,-2,-2,-2,-2,-2,-2,-2,-2,-2,-2,-2,-2,-2,-2,-2,0,-2,-2,0,-2,-2,0 
"lotiO","lycarg",-2,0,-2,0,0,-2,-2,-2,-2,-2,-2,0,0,-2,-2,-2,-2,-2,-2,-2,-2,-2,-2,-2,-2,-2,-2,-2,-2,-2,-2,-2,-2,-2,-2,-2 
"roleO","lysasp",-2,0,-2,-2,0,-2,-2,-2,-2,-2,-2,0,0,0,0,-2,-2,-2,-2,-2,-2,-2,-2,-2,-2,-2,-2,-2,-2,-2,-2,-2,-2,-2,-2,-2 
"apalO","macalb",-2,0,-2,-2,0,-2,-2,-2,-2,-2,-2,1,0,1,-2,-2,-2,-2,-2,-2,-2,-2,-2,-2,-2,-2,-2,-2,-2,-2,-2,-2,1,-2,-2,0 
"mohrO","marmoh",-2,-2,-2,-2,0,-2,-2,-2,-2,0,-2,0,0,0,0,-2,-2,-2,-2,-2,-2,-2,-2,-2,-2,-2,-2,-2,-2,-2,-2,0,0,-2,-2,-2 
"kaupO","melpal",-2,0,-2,-2,0,-2,0,0,0,0,0,0,0,-2,0,-2,-2,-2,-2,-2,-2,-2,-2,-2,-2,-2,-2,-2,-2,-2,-2,-2,-2,-2,-2,-2 
"oahpO","melsai",-2,2,2,4,1,0,1,-2,1,1,-2,0,-2,-2,1,-2,-2,-2,-2,-2,-2,-2,-2,-2,-2,-2,-2,-2,-2,-2,-2,-2,-2,-2,-2,-2 
"armaO","miccal",-2,0,-2,0,-2,-2,-2,-2,0,-3,-2,0,-2,-2,0,-2,-2,-2,-2,-2,-2,-2,-2,-2,-2,-2,-2,-2,-2,-2,-2,-2,-2,-2,-2,-2 
"hualO","micmex",-2,0,0,-2,0,-2,-2,-2,0,-2,-2,0,0,-2,0,-2,-2,-2,-2,-2,-2,0,-2,0,-2,-2,-2,-2,-2,-2,-2,-2,-2,-2,-2,0 
"blacR","musnig",0,0,-2,0,0,-2,-2,0,-2,-2,-2,0,0,-2,0,-2,-2,-2,-2,-2,-2,-2,-2,-2,-2,-2,-2,-2,-2,-2,-2,-2,-2,-2,-2,-2 
"kaufO","myapal",-2,0,-2,-2,0,-2,0,0,2,-2,0,0,0,-2,0,-2,-2,-2,-2,-2,-2,-2,-2,-2,-2,-2,-2,-2,-2,-2,-2,-2,-2,-2,-2,-2 
"woodO","mycame",-2,-2,-2,-2,-2,-2,-2,-2,-2,-2,-2,0,-2,-2,0,-2,-2,-2,-2,-2,-2,-2,-2,-2,-2,-2,-2,-2,-2,-2,-2,-2,-2,-2,-2,0 
"indiR","myosod",-2,-2,-2,-2,-2,-2,-2,-2,-2,-2,-2,0,0,-2,0,-2,-2,0,0,0,0,-2,-2,-2,-2,-2,-2,-2,-2,-2,-2,-2,-2,-2,-2,-2 
"oahpO","nothum",-2,-2,-2,-2,-2,-2,-2,-2,0,0,-2,0,-2,-2,-2,-2,-2,-2,-2,-2,-2,-2,-2,-2,-2,-2,-2,-2,-2,-2,-2,-2,-2,-2,-2,-2 
"capeO","notmek",-2,0,-2,-2,0,-2,-2,-2,-2,-2,-2,0,-2,0,-2,-2,-2,-2,-2,-2,-2,-2,-2,-2,-2,-2,-2,-2,-2,-2,-2,-2,-2,-2,-2,-2 
"neosO","notpla",-2,0,0,-2,0,-2,-2,-2,-2,0,0,0,-2,-2,-2,-2,-2,-2,-2,-2,-2,-2,-2,-2,-2,-2,-2,-2,-2,-2,-2,0,-2,-2,-2,0 
"ringO","oboret",-2,0,-2,-2,0,0,-2,-2,-2,-2,-2,0,0,-2,-2,-2,-2,-2,-2,-2,-2,-2,-2,-2,-2,-2,-2,-2,-2,-2,-2,-2,-2,-2,-2,-2 
"keydR","odvicl",-2,-2,-2,-2,-2,0,0,-2,-2,-2,-2,-2,0,0,0,-2,-2,-2,-2,-2,-2,0,-2,-2,-2,-2,-2,-2,-2,-2,-2,-2,-2,-2,-2,-2 
"coluR","odvile",0,0,0,0,-2,0,-2,-2,-2,-2,-2,0,0,0,0,-2,-2,0,0,0,0,-2,-2,-2,-2,-2,-2,-2,-2,-2,-2,-2,-2,-2,-2,0 
"antiR","oendel",-2,0,0,-2,-2,-2,-2,-2,0,-2,-2,0,0,0,-2,-2,-2,-2,-2,-2,-2,-2,-2,-2,-2,-2,-2,-2,-2,-2,0,-2,-2,-2,-2,-2 
"arizR","oncapa",-2,0,0,0,0,0,-2,-2,0,-2,-2,0,-2,-2,0,0,-2,-2,-2,-2,-2,-2,-2,-2,-2,-2,-2,-2,-2,-2,-2,-2,-2,-2,-2,-2 
"grcuR","onccla",-2,0,-2,0,0,0,-2,0,0,0,-2,0,-2,-2,-2,0,-2,-2,-2,-2,-2,-2,-2,-2,-2,-2,-2,-2,-2,-2,-2,-2,-2,-2,-2,-2 
"gilaR","oncgil",-2,0,-1,0,0,0,-2,-2,0,0,-2,0,-2,0,0,-2,-2,-2,-2,-2,-2,-2,-2,0,-2,-2,-2,-2,-2,-2,-2,-2,-2,-2,-2,-2 
"nashR","orcsho",-2,0,-2,0,-2,-2,-2,-2,-2,-2,-2,0,-2,-2,0,-2,-2,-2,-2,-2,-2,-2,-2,-2,-2,-2,-2,-2,-2,-2,-2,-2,-2,-2,-2,-2 
"flscR","parcha",-2,-2,-2,-2,-2,-2,-2,-2,-2,-2,-2,0,0,0,0,-2,-2,-2,-2,-2,-2,-2,-2,-2,-2,-2,-2,-2,-2,0,-2,-2,-2,-2,-2,-2 
"mamoO","parfla",-2,-2,-2,-2,-2,-2,-2,0,0,-2,-2,-2,0,-2,-2,-2,-2,-2,-2,-2,-2,-2,-2,-2,-2,-2,-2,-2,-2,-2,-2,-2,-2,-2,-2,-2 
"bradO","pedbra",-2,-2,-2,-2,-2,0,0,-2,-2,-2,-2,-2,0,-2,0,-2,-2,-2,-2,-2,-2,-2,-2,-2,-2,-2,-2,-2,-2,-2,-2,-2,-2,-2,-2,0 
"furbR","pedfur",-2,0,-2,-2,-2,-2,-2,-2,-2,0,-2,.,0,0,0,-2,-2,-2,-2,-2,-2,-2,-2,-2,-2,-2,-2,-2,-2,-2,-2,-2,-2,-2,-2,-2 
"prcrO","pellem",-2,0,0,-2,0,-2,-2,-2,-2,-2,-2,0,-2,-2,0,0,-2,-2,-2,-2,-2,-2,-2,-2,-2,-2,-2,-2,-2,0,-2,-2,-2,-2,-2,-2 
"anasO","perpol",-2,0,0,0,0,-2,0,-2,0,0,-2,0,0,-2,0,0,0,-2,-2,-2,-2,-2,-2,-2,-2,-2,-2,-2,-2,-2,-2,-2,-2,-2,-2,-2 
"snaiR","pertan",-2,-2,-2,-2,-2,-2,-2,-2,-2,-2,-2,0,-2,-2,-2,-2,-2,-2,-2,-2,-2,-2,-2,-2,-2,-2,-2,-2,-2,-2,-2,-2,-2,-2,-2,-2 
"lanaO","phygla",-2,0,-2,-2,0,-2,-2,0,0,-2,0,0,0,-2,0,-2,-2,-2,-2,-2,-2,-2,-2,-2,-2,-2,-2,-2,-2,-2,-2,-2,-2,-2,-2,1 
"biadO","phyrac",-2,0,-2,-2,0,-2,-2,-2,-2,0,-2,0,-2,-2,-2,-2,-2,-2,-2,-2,-2,-2,-2,-2,-2,-2,-2,-2,-2,-2,-2,-2,-2,-2,-2,-2 
"redcR","picbor",-2,-2,-2,-2,-2,-2,-2,-2,-2,-2,-2,0,0,-2,-2,0,-2,0,-2,-2,-2,-2,-2,-2,-2,-2,-2,-2,-2,-2,-2,-2,-2,-2,-2,0 
"ropiO","pleple",-2,0,-2,0,0,0,-2,-2,-2,-2,-2,0,0,-2,0,-2,-2,-2,-2,-2,-2,-2,0,-2,-2,-2,-2,-2,-2,-2,-2,-2,0,-2,-2,0 
"shenO","pleshe",-2,-2,-2,-2,-2,-2,-2,-2,-2,-2,-2,-2,-2,-2,-2,-2,-2,-2,-2,-2,-2,-2,-2,-2,-2,-2,-2,-2,-2,-2,-2,-2,-2,-2,-2,-2 
"fishR","poeocc",-2,0,-2,-2,-2,-2,0,-2,0,0,0,0,0,-2,0,-2,-2,-2,-2,-2,-2,-2,-2,0,-2,-2,-2,-2,-2,-2,-2,-2,-2,-2,-2,-2 
"cavpO","pognud",-2,0,-2,0,0,-2,-2,-2,0,-2,-2,0,0,-2,0,-2,-2,-2,-2,-2,-2,-2,-2,-2,-2,-2,-2,-2,-2,-2,-2,-2,0,-2,-2,0 
"flscR","polbas",-2,-2,-2,-2,-2,-2,-2,-2,0,-2,-2,0,0,0,0,-2,-2,-2,-2,-2,-2,-2,-2,-2,-2,-2,-2,-2,-2,0,-2,-2,0,-2,-2,-2 
"fatpR","potcap",-2,-2,-2,-2,-2,-2,-2,-2,-2,-2,-2,0,-2,-2,-2,-2,-2,-2,-2,-2,-2,-2,-2,-2,-2,-2,-2,-2,-2,-2,-2,-2,-2,-2,-2,-2 
"littO","potcly",-2,-2,-2,-2,-2,-2,0,-2,-2,0,-2,0,-2,-2,-2,-2,-2,-2,-2,-2,-2,-2,-2,-2,-2,-2,-2,-2,-2,-2,-2,-2,-2,-2,-2,-2 
"flscR","prugen",-2,0,0,-2,0,0,-2,-2,0,0,-2,0,0,1,0,-2,-2,-2,-2,-2,-2,-2,-2,-2,-2,-2,-2,-2,-2,0,-2,-2,0,-2,-2,-2 
"guamO","ptemar",0,0,-2,0,0,0,0,-2,0,-2,-2,-2,-2,-2,-2,-2,-2,-2,-2,-2,-2,-2,-2,-2,-2,-2,-2,-2,-2,-2,-2,-2,-2,-2,-2,-2 
"harpO","ptinod",-2,0,-2,-2,0,0,-2,-2,-2,-2,-2,0,0,-2,-2,-2,-2,-2,-2,-2,-2,-2,-2,-2,-2,-2,-2,-2,-2,-2,-2,-2,-2,-2,-2,-2 
"coloR","ptyluc",-2,0,-2,0,0,0,-2,-2,0,-2,-2,0,0,0,-2,0,-2,-2,-2,-2,-2,-2,-2,0,-2,-2,-2,-2,-2,-2,-2,-2,-2,-2,-2,-2 
"flopR","pumcon",0,0,-2,0,0,-2,-2,-2,-2,-2,-2,0,0,-2,0,-2,-2,-2,-2,-2,-2,-2,-2,-2,-2,-2,-2,-2,-2,-2,0,-2,-2,-2,-2,0 
"alamO","pyrneo",-2,-2,0,0,-2,-2,-2,-2,-2,-2,-2,0,0,-2,-2,-2,-2,-2,-2,-2,-2,-2,-2,-2,-2,-2,-2,-2,-2,-2,-2,-2,-2,-2,-2,-2 
"tombO","quasta",-2,-2,-2,-2,-2,-2,-2,-2,-2,-2,-2,0,-2,-2,0,-2,-2,-2,-2,-2,-2,-2,-2,-2,-2,-2,-2,-2,-2,-2,-2,-2,-2,-2,-2,-2 
"saltO","raloob",-2,0,-2,0,-2,-2,-2,-2,0,-2,-2,0,0,0,0,-2,-2,-2,-2,-2,-2,-2,0,-2,-2,-2,-2,-2,-2,-2,-2,-2,-2,-2,-2,-2 
"yumaO","raloyu",-2,-2,-2,-2,-2,-2,-2,-2,-2,-2,-2,-2,-2,0,0,0,0,-2,-2,-2,-2,-2,-2,0,-2,-2,-2,-2,-2,-2,-2,-2,-2,-2,-2,-2 
"selkR","rantar",0,0,-2,0,-2,0,-2,0,0,-2,0,0,0,0,-2,-2,-2,-2,-2,-2,-2,-2,0,-2,-2,-2,-2,-2,-2,-2,-2,-2,-2,-2,-2,-2 
"kendO","rhiosc",-2,-2,-2,-2,-2,0,-2,-2,-2,-2,-2,0,-2,-2,0,-2,-2,-2,-2,-2,-2,-2,-2,-2,-2,-2,-2,-2,-2,-2,-2,-2,-2,-2,-2,0 
"chapO","rhocha",-2,0,-2,0,0,-2,-2,-2,-2,0,0,-2,-2,0,0,-2,-2,-2,-2,-2,-2,-2,-2,-2,-2,-2,-2,-2,-2,-2,-2,-2,-2,-2,-2,0 
"everR","rossoc",-2,0,-2,-2,0,-2,-2,-2,1,-2,-2,-2,-2,-2,0,1,0,0,0,-2,-2,0,0,-2,-2,-2,-2,-2,-2,-2,-2,-2,-2,-2,-2,-2 
"grpiR","sarore",-2,0,-2,-2,0,-2,-2,-2,-2,-2,-2,0,0,0,0,-2,-2,-2,-2,-2,-2,-2,-2,-2,-2,-2,-2,-2,-2,-2,-2,-2,-2,-2,-2,0 
"pallO","scaalb",0,0,-2,0,0,0,-2,-2,0,-2,-2,0,0,0,-2,0,-2,0,-2,-2,-2,0,-2,-2,-2,-2,-2,-2,-2,-2,-2,-2,-2,-2,-2,-2 
"maplO","schhal",-2,0,-2,-2,0,-2,0,0,0,-2,1,-2,-2,-2,0,-2,-2,-2,-2,-2,-2,-2,-2,0,-2,-2,-2,-2,-2,-2,-2,-2,-2,-2,-2,-2 
"oahpO","schkaa",-2,-2,-2,-2,0,-2,0,-2,-2,-2,0,0,-2,-2,-2,-2,-2,-2,-2,-2,-2,-2,-2,-2,-2,-2,-2,-2,-2,-2,-2,-2,0,-2,-2,-2 
"oahpO","schkea",-2,0,-2,0,0,-2,0,-2,0,0,0,0,0,0,-2,-2,-2,-2,-2,-2,-2,-2,-2,-2,-2,-2,-2,-2,-2,-2,-2,-2,-2,-2,-2,-2 
"kaupO","schspe",-2,-2,-2,-2,-2,-2,-2,0,0,0,-2,0,0,-2,0,-2,-2,-2,-2,-2,-2,-2,-2,-2,-2,-2,-2,-2,-2,-2,-2,-2,-2,-2,-2,-2 
"delmR","scinig",-2,-2,-2,0,-2,-2,-2,-2,-2,-2,-2,0,0,-2,-2,-2,-2,-2,-2,-2,-2,-2,-2,-2,-2,-2,-2,-2,-2,-2,-2,0,0,-2,-2,0 
"enruO","soldry",-2,0,0,-2,0,-2,-2,-2,-2,-2,-2,-2,0,-2,-2,-2,0,-2,-2,-2,-2,-2,-2,-2,-2,-2,-2,-2,-2,-2,-2,-2,-2,-2,-2,-2 
"hougO","solhou",-2,-2,-2,-2,-2,-2,-2,-2,-2,-2,-2,0,0,-2,-2,-2,-2,-2,-2,-2,-2,-2,-2,-2,-2,-2,-2,-2,-2,-2,-2,-2,-2,-2,-2,-2 
"alabR","spepou",-2,-2,-2,-2,-2,-2,-2,-2,-2,-2,-2,0,-2,-2,0,-2,-2,-2,-2,-2,-2,-2,-2,-2,-2,-2,-2,-2,-2,-2,-2,-2,-2,-2,-2,-2 
"caleO","steant",0,0,0,0,0,0,0,0,0,0,0,0,0,0,0,0,0,0,0,0,0,0,0,0,0,0,0,0,0,0,0,0,0,0,0,-2 
"kaupO","stecam",-2,0,-2,-2,-2,-2,-2,0,0,0,-2,0,0,-2,0,-2,-2,-2,-2,-2,-2,-2,-2,-2,-2,-2,-2,-2,-2,-2,-2,-2,-2,-2,-2,-2 
"mexiO","strocc",-2,-2,-2,-2,-2,-2,-2,-2,-2,-2,-2,47,-2,15,47,47,-2,47,-2,47,-2,17,-2,-2,-2,-2,-2,-2,-2,-2,-2,-2,-2,-2,-2,-2 
"loweO","sylpal",-2,0,-2,-2,0,0,0,-2,0,-2,0,1,0,-2,1,0,-2,0,-2,0,-2,0,0,-2,-2,-2,-2,-2,-2,-2,-2,-2,-2,-2,-2,-2 
"lanaO","tetrem",-2,0,-2,0,0,-2,-2,0,0,-2,0,0,0,-2,0,-2,-2,-2,-2,-2,-2,-2,-2,-2,-2,-2,-2,-2,-2,-2,-2,-2,-2,-2,-2,1 
"karsO","texred",-2,-2,-2,-2,-2,0,2,-2,0,2,-2,-2,0,-2,0,-2,-2,-2,-2,-2,-2,-2,-2,-2,-2,-2,-2,-2,-2,-2,-2,-2,-2,-2,-2,-2 
"coolO","thacoo",0,0,0,0,0,0,0,0,0,0,0,0,0,0,0,0,0,0,0,0,0,0,0,0,0,0,0,0,0,0,0,0,0,0,0,0 
"pedaO","theste",-2,0,0,0,-2,-2,0,-2,0,-2,-2,0,0,-2,0,-2,-2,-2,-2,-2,-2,-2,-2,-2,-2,-2,-2,-2,-2,-2,-2,-2,-2,0,-2,0 
"soccO","thethe",-2,0,3,-2,0,-2,-2,-2,0,-2,-2,0,0,-2,0,-2,-2,-2,-2,-2,-2,-2,-2,-2,-2,-2,-2,-2,-2,-2,-2,-2,-2,-2,-2,-2 
"prfeO","theyau",-2,0,0,-2,0,-2,-2,-2,-2,-2,0,-2,0,-2,0,-2,-2,-2,-2,-2,-2,-2,-2,0,-2,-2,-2,-2,-2,-2,-2,-2,-2,-2,-2,-2 
"westR","triman",-2,-2,-2,-2,-2,-2,-2,-2,-2,-2,0,0,0,-2,-2,-2,-2,-2,-2,-2,-2,-2,-2,-2,-2,-2,-2,-2,-2,0,-2,-2,0,-2,-2,0 
"bariO","tritri",-2,-2,-2,-2,0,0,-2,-2,-2,-2,-2,-2,0,-2,-2,-2,-2,-2,-2,-2,-2,-2,-2,-2,-2,-2,-2,-2,-2,-2,-2,-2,0,-2,-2,-2 
"attwR","tymcup",0,0,-2,-2,0,0,0,0,0,0,-2,0,0,0,-2,0,-2,0,-2,-2,-2,-2,-2,-2,-2,-2,-2,-2,-2,-2,0,-2,-2,-2,-2,0 
"grizR","ursarc",-2,-2,-2,-2,-2,-2,-2,-2,-2,-2,-2,0,-2,-2,-2,-2,-2,-2,-2,-2,-2,0,-2,-2,-2,-2,-2,-2,-2,-2,-2,-2,-2,-2,-2,-2 
"flscR","warcar",-2,-2,-2,-2,-2,-2,-2,-2,0,-2,-2,1,0,0,0,-2,-2,-2,-2,-2,-2,-2,-2,-2,-2,-2,-2,-2,-2,-2,-2,-2,0,-2,-2,-2 
"cachO","xanriv",-2,-2,-2,-2,-2,-2,0,-2,-2,-2,-2,0,-2,-2,-2,-2,-2,-2,-2,-2,-2,-2,-2,-2,-2,-2,-2,-2,-2,-2,-2,-2,-2,-2,-2,0 
"flscR","zizcel",-2,-2,0,-2,0,0,-2,-2,-2,-2,-2,0,0,0,-2,-2,-2,-2,-2,-2,-2,-2,-2,-2,-2,-2,-2,-2,-2,0,-2,-2,-2,-2,-2,-2 
"edwaR","ziztex",-2,0,-2,-2,2,-2,-2,-2,1,1,-2,0,-2,-2,0,-2,-2,-2,-2,-2,-2,-2,-2,-2,0,0,0,0,0,0,-2,-2,-2,-2,-2,0 
