"PLAN","SPECIES","173R","174R","175R","176R","177R","178R","179R","180R","181R","182R","183R","184R","185R","186R","187R","188R","189R","190R","191R","192R","193R","194R","195R","196R","197R","198R","199R","200R","201R","202R","203R","204R","205R","206R","207R","208R","209R","210R","211R","212R","213R","214R","215R","216R","217R","218R","219R","220R","221R","222R","223R","224R","225R","226R","227R","228R","229R","230R","231R"
"largO","abrmac",1,2,-2,2,2,2,-2,-2,-2,-2,-2,-2,-2,-2,-2,2,-2,-2,-1,2,-2,-2,-2,-2,-2,-2,-2,-2,-2,-2,-2,-2,-2,-2,-2,-2,-2,-2,-2,-2,-2,3,-1,-2,-1,-2,-2,-2,2,3,2,-2,1,-2,-1,-2,-1,-2,-2 
"lanaO","abuere",-2,-2,-2,-2,-2,-2,-2,-2,-2,-2,-2,-2,-2,-2,-2,-2,3,-2,-2,-2,-2,-2,-2,-2,-2,-2,-2,-2,-2,-2,-2,-2,-2,-2,-2,-2,3,2,-2,-2,-2,3,-2,-2,-2,-2,-2,-2,-2,-2,3,-2,-2,-2,-2,-2,-2,-2,-2 
"oahpO","abusan",-2,-2,-2,-2,-2,-2,-2,-2,-2,-2,-2,-2,-2,-2,-2,-2,2,2,2,2,-2,-2,-2,-2,-2,-2,-2,-2,-2,-2,-2,-2,-2,-2,-2,-2,2,2,2,2,2,3,-2,-2,-2,3,-2,-2,-2,-2,2,-2,-2,-2,-2,-2,-2,-2,-2 
"prraO","accstr",-2,-2,-2,-2,3,3,-2,-2,-2,-2,-2,-2,-2,3,-2,-2,-2,2,2,3,-2,-2,-2,-2,-2,-2,-2,-2,-2,-2,-2,-2,-2,-2,-2,-2,-2,-2,-2,-2,-2,-2,-2,3,-2,3,-2,-2,-2,-2,-2,-2,-2,-2,3,-2,-2,2,-2 
"oahtO","achlil",-2,-2,1,-2,-2,2,2,-2,-2,-2,-2,-2,-2,1,-2,-2,3,-2,3,-2,-2,-2,-2,-2,-2,-2,-2,-2,-2,-2,-2,-2,-2,-2,-2,-2,-2,3,-2,-1,-2,2,-2,-2,-2,-2,-2,-2,-2,-2,-2,-2,2,-2,-2,-2,-1,-2,-2 
"nighO","acrlus",2,-2,2,-2,-2,-2,-2,-2,-2,-2,-2,-2,3,-2,-2,-2,-2,-2,-2,-2,-2,-2,-2,-2,2,-2,-2,-2,-2,-2,-2,-2,-2,2,-2,-2,-2,3,-2,-2,-2,3,-2,-2,-2,-2,-2,-2,-2,-2,1,-2,-2,-2,-2,-2,-2,-2,-2 
"sensO","aesvir",3,3,-2,-2,1,1,-2,-2,-2,-2,-2,-2,2,2,2,-2,-2,-2,-2,2,3,2,3,-2,3,3,3,-2,-2,-2,-2,-2,-2,2,-2,-2,2,2,-2,-2,-2,-2,-2,3,2,-2,-2,-2,-2,-2,-2,-2,-2,-2,-2,3,1,-2,-2 
"dwweO","alahet",2,2,-2,-2,3,-2,2,-2,-2,-2,-2,-2,-2,2,-2,-2,-2,-2,1,-2,3,-2,-2,-2,-2,-2,-2,-1,3,-2,-2,-2,-2,2,3,-2,3,-2,-2,-2,-2,-2,-2,-2,-2,-2,-2,-2,-2,-2,-2,2,-2,-2,3,-2,-2,-2,-2 
"maplO","alemac",-2,-2,-2,-2,-2,-2,-2,-2,-2,-2,-2,-2,-2,-2,-2,-2,3,-2,3,-2,-2,-2,-2,-2,-2,-2,-2,-2,-2,-2,-2,-2,-2,-2,-2,-2,3,3,3,-2,2,3,-2,-2,-2,-2,-2,-2,3,-2,2,-2,-2,2,3,-2,-2,2,-2 
"kauaO","alslyc",-2,-2,-2,-2,-2,-2,-2,-2,-2,-2,-2,-2,-2,-2,-2,-2,-2,-2,2,2,-2,-2,-2,-2,-2,-2,-2,-2,-2,-2,-2,-2,-2,-2,-2,-2,3,2,-2,-2,-2,3,-2,-2,-2,-2,-2,-2,-2,-2,-2,-2,-2,-2,3,-2,2,2,-2 
"oahpO","alsobo",-2,-2,-2,-2,-2,-2,-2,-2,-2,-2,-2,-2,-2,-2,-2,-2,2,2,2,2,-2,-2,-2,-2,-2,-2,-2,-2,-2,-2,-2,-2,-2,-2,-2,-2,2,2,2,2,2,3,-2,-2,-2,-2,-2,-2,-2,-2,-2,-2,-2,-2,-2,-2,-2,-2,-2 
"kauaO","alsvis",-2,-2,-2,-2,-2,-2,-2,-2,-2,-2,-2,-2,-2,-2,-2,-2,3,-2,-1,-2,-2,3,-2,-2,-2,-2,-2,-2,-2,-2,-2,-2,-2,-2,-2,-2,3,2,-2,-2,-2,2,-2,-2,-2,-2,-2,-2,-2,-2,-2,-2,-2,-2,-2,-2,-2,0,-2 
"prpaO","amavit",-2,-2,-2,-2,-2,2,-2,-2,-2,-2,-2,-2,-2,3,-2,-2,-2,2,2,-1,-2,-2,-2,-2,-2,-2,-2,-2,-2,-2,-2,-2,-2,-2,-2,-1,-1,-1,-2,-2,-1,-2,-1,2,-2,2,2,-2,-2,-2,-2,-2,-2,-2,-2,-2,2,2,-2 
"ashmO","ambama",-2,3,-2,-2,2,-2,3,-2,-2,-2,-2,-2,-2,-2,2,-2,-2,-2,-2,-2,-2,3,-2,3,-2,-2,-2,-2,-2,-2,-2,-2,-2,-2,-2,-2,-2,-2,-2,-2,-2,3,-2,-2,-2,-2,-2,-2,-2,-2,-2,3,3,3,-2,-2,-2,-2,-2 
"ozarR","ambros",0,2,0,0,0,3,0,0,0,0,0,0,0,0,3,0,0,0,3,3,2,0,0,2,0,0,0,0,0,0,0,0,2,3,0,0,0,0,0,0,0,0,0,0,0,0,3,0,3,0,0,3,0,0,0,0,0,2,0 
"sonoR","antame",0,-1,0,0,3,-1,0,3,0,0,0,0,0,0,-1,0,2,2,0,0,0,3,0,0,0,0,0,0,0,0,0,0,0,0,0,0,2,0,0,0,0,0,0,0,2,0,0,-1,0,0,0,0,3,0,3,0,2,0,0 
"antiR","apomor",3,-2,-2,3,-2,2,-2,-2,3,-2,-2,-2,-2,-2,2,-2,2,-2,-2,2,-2,-2,-2,-2,-2,-2,-2,-2,-2,-2,-2,-2,-2,-2,-2,-2,-2,-2,-2,-2,-2,-2,3,-2,-2,-2,2,-2,-2,-2,-2,-2,-2,-2,-2,-2,-2,2,-2 
"raveO","archoo",-2,-2,-2,-2,-2,-2,-2,-2,-2,-2,-2,-2,-2,-2,-2,-2,-2,-2,-2,-2,-2,-2,-2,-2,-2,-2,-2,-2,-2,-2,-2,-2,-2,-2,-2,-2,2,-2,-2,-2,-2,2,-2,-2,-2,-2,-2,-2,-2,-2,2,-2,-2,-2,-2,-2,-2,2,-2 
"dwbeO","archum",-2,3,-2,-2,3,-2,-2,-2,-2,-2,-2,-2,-2,-2,2,-2,-2,-2,1,2,-2,-2,-2,-2,-2,-2,-2,-2,-2,-2,-2,-2,-2,-2,-2,-2,-2,-2,-2,-2,-2,-2,-2,-2,-2,-2,-2,-2,-2,-2,-2,-2,-2,-2,-2,-2,-2,-2,-2 
"fourO","arcmor",-2,3,-2,1,3,1,-2,-2,-2,-2,-2,-2,-2,-2,-2,-2,-2,-2,-2,-2,-2,-2,-2,-2,-2,-2,-2,-2,-2,-2,-2,-2,-2,-2,-2,-2,3,-2,-2,-2,-2,3,-2,-2,-2,-2,-2,-2,-2,-2,3,-2,-2,-2,3,-2,-2,2,-2 
"maunO","argsan",0,0,0,0,0,0,0,0,0,0,0,0,0,0,0,0,0,3,0,0,0,0,0,0,0,0,0,0,0,0,0,0,0,0,0,0,0,3,0,0,0,3,0,0,0,0,0,0,0,0,0,0,0,0,3,0,0,0,0 
"anthO","athant",-2,-2,-2,-2,-2,-1,-2,-2,-2,-2,-2,-2,-1,2,2,-2,-2,-2,-2,-2,3,-2,-2,-2,-2,2,2,3,3,-2,-2,-2,2,-2,-2,-2,-2,-2,-2,-2,-2,-2,-2,-2,-1,-1,-2,-1,-2,-2,-2,-2,-2,-2,-2,-2,-2,-2,-2 
"virgR","betube",-2,-2,-2,-2,2,-2,-2,-2,-2,-2,-2,-2,-2,-2,-2,-2,3,-2,2,2,-2,-2,-2,-2,-2,-2,-2,-2,-2,-2,-2,-2,-2,-2,-2,-2,-2,-2,-2,-2,-2,-2,-2,-2,-2,-2,-2,3,3,2,-2,-2,-2,-2,-2,-2,-2,-2,-2 
"flscR","bongra",3,3,0,0,2,0,0,0,0,3,0,0,3,0,0,0,0,0,2,0,0,0,0,0,0,0,0,0,0,0,0,0,2,0,0,0,3,0,0,0,0,0,0,0,0,0,0,0,0,3,2,0,0,0,0,0,0,0,2 
"aleuR","bracan",-2,3,-2,-2,-2,-2,-2,-2,-2,-2,-2,-2,-2,-2,-2,-2,-2,-1,-2,-2,-2,-2,-2,-2,-2,-2,-2,-2,-2,-2,-2,-2,-2,2,-2,-2,-2,3,-2,2,-2,-2,-2,-1,2,-2,-2,-2,-2,-2,-2,-2,-1,-2,-2,-2,-2,2,2 
"cavpO","brasan",3,3,-2,3,3,-2,-2,-2,-2,-2,-2,-2,3,-2,-2,-2,3,-2,-2,-2,-2,-2,-2,-2,-2,-2,3,-1,2,-2,-2,-2,-1,2,-2,-2,-2,2,-2,-2,-2,3,-2,3,-2,-2,-2,-2,-2,-2,-2,3,3,-2,3,-2,2,2,2 
"kaupO","briins",-2,-2,-2,-2,-2,-1,-2,-2,-2,-2,-2,-2,-1,-2,-2,-2,-2,-2,-1,-2,-2,-2,-2,-2,-2,-2,-2,-2,-2,-2,-2,-2,-2,-2,-2,-2,3,2,-1,-2,-2,3,2,-2,-2,-2,-2,-2,-1,-2,2,-2,-2,-2,-1,-2,-2,2,-1 
"palmO","calriv",2,2,2,1,3,-2,2,-2,2,-2,-2,-2,2,3,-1,-2,2,-2,-2,-2,-2,-2,-2,-2,-2,-2,-2,-2,-2,-2,-2,-2,-2,-2,-2,-2,-2,2,-2,-2,-2,-2,-2,-2,-2,-2,-2,-2,-2,-2,2,0,3,-2,-2,-2,-2,-2,-2 
"grayO","canlup",-2,-2,-2,-2,-2,-2,-2,-2,-2,-2,-2,-2,-2,-2,-2,-2,-2,-2,-2,-2,-2,-2,-2,-2,-2,-2,-2,-2,-2,-2,-2,-2,-2,-2,-2,-2,-2,-2,-2,-2,-2,-2,-2,-2,-2,-2,3,2,2,-2,-2,-2,-2,-2,-2,-2,-2,-2,-2 
"eastR","canlup",-2,-2,-2,3,3,-2,-2,-2,-2,-2,-2,-2,-2,2,3,-2,2,2,-2,-2,-2,-2,-2,-2,-2,-2,-2,-2,-2,-2,-2,-2,-2,-2,-2,-2,-2,-2,-2,3,-2,3,-2,-2,-2,-2,2,-2,-2,-2,-2,-2,-2,-2,-2,-2,-2,-2,-2 
"redwR","canruf",-2,-2,-2,-2,2,-2,-2,-2,-2,-2,-2,-2,-2,3,3,-2,-2,-2,-2,-2,-2,-2,-2,-2,-2,-2,3,-2,-2,-2,-2,-2,-2,-2,-2,-2,-2,-2,-2,-2,-2,-2,-2,3,2,-2,3,-2,-2,-2,-2,-2,-2,-2,-2,-2,-2,-2,-2 
"ashmO","cennam",1,1,-2,-2,3,-2,-2,2,-2,-2,-2,-2,-2,-2,2,-2,-1,-2,-2,-2,-1,3,-2,3,-2,-2,-2,-2,-2,-2,-2,-2,-2,-2,-2,-2,3,-2,-2,-2,-2,3,2,-2,-2,-2,-2,-2,-2,-2,-2,-2,-2,-2,-2,-2,-2,-1,-2 
"cuiuR","chacuj",-2,-2,-2,-2,-2,-2,-2,3,-2,-2,-2,-2,-2,3,-2,-2,2,-2,-2,-2,3,3,-2,-2,-2,-2,-2,3,3,-2,-2,-2,-2,-2,-2,-2,-2,-2,-2,-2,-2,-2,-2,-2,2,-2,-2,-2,-2,-2,-2,3,3,-2,2,-2,2,1,-2 
"pineO","chagar",3,3,-2,-2,-2,-2,-2,3,-2,-2,-2,-2,-2,-2,-2,-2,-2,-2,-2,-2,-2,-2,-2,-2,-2,-2,-2,-2,-2,-2,-2,-2,2,-2,-2,-2,3,-2,-2,-2,-2,3,-2,-2,-2,-2,-2,-2,-2,3,3,-2,-2,-2,-2,-2,-2,-2,-2 
"oahpO","charoc",-2,-2,-2,-2,-2,-2,-2,-2,-2,-2,-2,-2,-2,-2,-2,-2,-2,-2,-2,-2,-2,-2,-2,-2,-2,-2,-2,-2,-2,-2,-2,-2,-2,-2,-2,-2,3,-2,-2,-2,-2,3,-2,-2,-2,-2,-2,-2,-2,-2,-2,-2,-2,-2,0,-2,-2,-2,-2 
"flogO","chrflo",-2,3,-2,-2,-2,2,-2,-2,-2,-2,-2,-2,2,-2,-1,-2,2,-2,1,2,-2,-2,-2,-2,-2,-2,-2,-2,-2,-2,-2,-2,-2,-2,-2,-2,-2,-2,-2,-2,-2,-2,-2,-2,-2,-2,-2,-2,-2,-2,3,-2,-2,-2,-2,-2,-2,-2,3 
"nortO","cicdor",3,3,0,0,0,3,0,0,0,0,0,0,0,0,0,0,0,0,0,0,0,0,0,0,0,0,0,0,0,0,0,0,0,0,0,0,0,0,0,0,0,0,0,0,0,0,0,0,0,0,0,0,0,0,0,0,0,0,0 
"maskR","colvir",-2,-2,3,-2,-2,-2,-2,-2,-2,-2,-2,-2,-2,-2,-2,-2,3,-2,-2,-2,-2,-2,-2,-2,-2,-2,-2,-2,-2,-2,-2,-2,-2,-2,-2,-2,-2,-2,-2,-2,-2,3,-2,-2,-2,-2,-2,-2,-2,-2,-2,-2,-2,-2,-2,-2,2,-2,-2 
"hawcO","corhaw",-2,2,-2,-2,2,-2,-2,-2,-2,-2,-2,-2,-2,-2,-2,-2,3,2,-2,-2,-2,-2,-2,-2,-2,-2,-2,-2,-2,-2,-2,-2,-2,-2,-2,-2,3,3,3,3,3,3,-2,-2,3,-2,-2,-2,-1,-2,2,-2,-2,-2,-2,-2,-2,-2,-2 
"amcrR","croacu",-2,3,3,-2,2,-2,-2,-2,-2,-2,-2,-2,-2,-2,-2,-2,-2,3,-2,3,-2,-2,-2,-2,-2,-2,-1,-2,-2,-2,-2,-2,-2,-1,-2,-2,-2,-2,-2,-2,-2,3,-2,-2,2,-2,-2,-2,-2,-2,-2,-2,-2,-2,-2,-2,-2,-2,-2 
"newmO","crowil",-2,-2,-2,-2,-2,0,-2,-2,-2,-2,-2,-2,-2,0,0,-2,-1,-2,3,0,-2,-2,-2,-2,-2,-2,-2,-2,-2,-2,-2,-2,-2,-2,-2,-2,-2,-2,-2,-2,-2,-2,-2,-2,2,-2,-2,-1,-2,-2,-2,-2,-2,-2,-2,-2,-2,-2,-2 
"sccyO","cupabr",2,2,2,-2,1,-2,-2,-2,-2,-2,-2,-2,1,2,-2,0,-2,-2,2,-2,-2,-2,-2,-2,-2,-2,-2,-2,-2,-2,-2,-2,-2,-2,-2,-2,2,-2,-2,-2,-2,-2,-2,-2,2,-2,-2,2,-2,-2,2,-2,-2,-2,2,-2,-2,1,-2 
"moloO","cyaman",2,-2,-2,-2,-2,-2,-2,3,-2,-2,-2,-2,-2,-2,-2,-2,3,-2,2,-2,-2,-2,-2,-2,-2,-2,-2,-2,-2,-2,-2,-2,-2,-2,-2,-2,-2,2,-2,-2,-2,2,-2,-2,-2,-2,-2,-2,-2,-2,2,-2,-2,-2,3,-2,-2,1,-2 
"biplO","cyashi",-2,-2,-2,-2,-2,-2,-2,-2,-2,-2,-2,-2,-2,-2,-2,-2,-2,-2,-2,-2,-2,-2,-2,-2,-2,-2,-2,-2,-2,-2,-2,-2,-2,-2,-2,-2,-2,2,-2,-2,-2,-2,-2,-2,-2,-2,-2,-2,-2,-2,-2,-2,-2,-2,3,-2,-2,1,-2 
"fishR","cypfor",-2,-2,-2,-2,-2,-2,-2,3,-2,-2,-2,-2,-2,-2,2,-2,3,-2,-2,-2,-2,3,-2,3,-2,-2,-2,3,-2,-2,-2,-2,-2,-2,-2,-2,2,2,-2,-2,-2,-2,3,-1,-2,-2,-2,-2,-2,-2,-2,3,3,-2,-2,-2,2,-2,-2 
"kauaO","cyrcya",-2,-2,-2,-2,-1,-2,-2,-2,-2,-2,-2,-2,-2,-2,-2,-2,-2,-2,-2,-2,-2,-2,-2,-2,-2,-2,-2,-2,-2,-2,-2,-2,-2,-2,-2,-2,3,3,-2,-2,-2,-2,-2,-2,-2,-2,-2,-2,-2,-2,-1,-2,-2,-2,-1,-2,-2,2,-2 
"biplO","cyrgif",0,0,0,0,0,0,0,0,0,0,0,0,0,0,0,0,0,0,0,0,0,0,0,0,0,0,0,0,0,0,0,0,0,0,0,0,2,2,0,0,0,0,0,0,0,0,0,0,0,0,0,0,0,0,3,0,0,1,0 
"oahpO","cyrvir",-2,-2,-2,-2,-2,-2,-2,-2,-2,-2,-2,-2,-2,-2,-2,-2,-2,-2,-2,-2,-2,-2,-2,-2,-2,-2,-2,-2,-2,-2,-2,-2,-2,-2,-2,-2,3,-2,-2,-2,-2,3,-2,-2,-2,-2,-2,-2,-2,-2,-2,-2,-2,-2,3,-2,-2,-2,-2 
"kirtR","denkir",-2,-2,-2,-2,-2,-2,-2,-2,-2,-2,-2,-2,-2,3,-2,-2,-2,-2,-2,-2,-2,-2,-2,-2,-2,-2,-2,-2,-2,-2,-2,-2,-2,-1,-2,-2,-2,-2,2,-2,-2,-2,-2,-2,-2,-2,-2,-2,-2,3,3,-2,-2,-2,-2,-2,-2,-2,-2 
"flomO","dicchr",-2,3,3,-2,-2,-2,-2,-2,-2,-2,3,-2,-2,-2,-2,-2,-2,-2,-2,-2,-2,-2,-2,-2,-2,-2,-2,-2,-2,-2,-2,-2,-2,-2,-2,-2,3,-2,-2,-2,-2,-2,-2,3,-2,-2,-2,-2,-2,3,3,-2,-2,-2,-2,-2,-2,-2,-2 
"tennR","echten",-2,3,3,-2,-2,-2,-2,-2,-2,-2,-2,-2,-1,-2,-2,-2,2,-2,-1,2,-2,-2,-2,-2,-2,-2,-2,-2,-2,-2,-2,-2,3,-2,-2,-2,-2,-2,-2,-2,-2,-2,-2,3,2,-2,-2,-2,-2,3,-2,-2,2,-2,-2,-2,-2,-2,3 
"tarrR","ellste",-2,-2,-2,-2,1,-2,3,-2,-2,-2,-2,-2,-2,2,2,-2,-2,-2,-2,-2,3,-2,-2,-2,-2,-2,-2,3,3,-2,-2,-2,-2,3,-2,-2,-1,-2,-2,-2,-2,-2,-2,-2,-2,-2,-2,-2,-2,-2,-2,3,-2,-2,-2,-2,-2,2,-2 
"cavpO","eryari",3,3,-2,3,3,-2,-2,-2,-2,-2,-2,-2,2,-2,-2,-2,2,-2,-2,3,-2,-2,-2,-2,-2,-2,3,2,2,-2,-2,-2,-1,-1,-2,-2,3,2,-2,-2,-2,3,-2,-2,-2,-2,-2,-2,-2,-2,-2,2,-2,-2,-2,-2,3,2,-2 
"antiR","erycap",2,-2,-2,3,-2,-2,-2,-2,3,-2,-2,-2,-2,-2,2,-2,0,-2,-2,2,-2,-2,-2,-2,-2,-2,-2,-2,-2,-2,-2,-2,-2,-2,-2,-2,2,-2,-2,-2,-2,-2,-2,-2,-2,-2,-2,-2,-2,-2,-2,-2,-2,2,-2,-2,-2,-2,-2 
"flscR","erycun",3,3,-2,-2,-2,-2,-2,-2,-2,3,-2,-2,-2,-2,-2,-2,-2,-2,-2,2,-2,-2,-2,-2,-2,-2,-2,-2,-2,-2,-2,-2,2,-2,-2,-2,2,-2,-2,-2,-2,-2,-2,-2,-2,-2,-2,-2,-2,-2,2,-2,-2,-2,-2,-2,-2,-2,-2 
"seveO","erymen",2,2,-2,2,-2,-2,-2,-2,-2,-2,-2,-2,-2,-2,-1,-2,2,-2,-2,2,-2,-2,-2,-2,-2,-2,-2,-2,-2,-2,-2,-2,-2,-2,-2,-2,3,-2,-2,-2,-2,3,-2,-2,-2,-2,-2,3,-2,3,-2,-2,-2,-2,-2,-2,-2,-2,-2 
"threO","eryter",-2,2,-2,-2,-2,-2,-2,-2,-2,-2,-2,-2,1,-2,-2,-2,-2,-2,-2,-1,-2,-2,-2,-2,-2,-2,-2,-2,-2,-2,-2,-2,-2,-2,-2,-2,-2,-2,-2,-2,-2,-2,-2,-2,-2,-2,-2,-2,-2,3,3,-1,2,-2,-2,-2,-1,-1,-2 
"slacO","ethbos",3,3,3,3,-2,-2,-2,3,-2,-2,-2,3,-2,-2,-2,-2,-2,-2,-2,-2,-2,-2,0,-2,-2,-2,-2,-2,2,-2,-2,-2,2,2,-2,-2,-2,-2,-2,-2,-2,-2,-2,3,-2,-2,-2,-2,-2,-2,-2,-2,-2,-2,-2,-2,-2,-2,-2 
"edwaR","ethfon",-2,2,-2,-2,-2,-2,-2,-2,-2,-2,-2,-2,-2,-2,-2,-2,-2,-2,-2,2,2,-2,2,2,-2,-2,2,2,2,-2,-2,-2,-2,-2,-2,-2,3,3,-2,-2,-2,3,-2,-2,-2,-2,-2,-2,2,-2,-2,2,-2,-2,-2,-2,-2,0,-2 
"wateR","ethnuc",3,3,-2,-2,2,-2,0,0,0,3,0,0,0,-2,-2,-2,-2,-2,-2,-2,3,3,-2,3,-2,-2,-2,-2,3,-2,-2,-2,-2,3,-2,-2,-2,-2,-2,-2,-2,3,-2,3,-2,-2,-2,-2,-2,-2,-2,3,-2,3,-2,-2,-2,1,-2 
"okalO","ethoka",-2,-2,-2,-2,-1,-2,-2,-2,-2,-2,-2,-2,-2,-2,-2,-2,-2,-2,-2,-2,3,-2,-2,-2,-2,-2,-2,-2,-2,-2,-2,-2,-2,-2,-2,-2,-2,-2,-2,-2,-2,-2,-2,-2,-2,-2,-2,-2,-2,-2,-2,3,-2,-2,-2,-2,-1,-2,-2 
"bayoR","ethrub",2,-2,-2,-2,-2,-2,2,-2,-2,-2,-2,-2,-2,-2,2,1,-2,-2,-2,-2,-2,-2,-2,-2,-2,2,-2,-2,-2,-2,-2,-2,-2,2,-2,-2,-2,-2,-2,-2,-2,-2,-2,-2,-2,-2,-2,-2,-2,-2,-2,-2,-2,-2,-2,-2,-2,-2,-2 
"maryR","ethsel",-2,-2,-2,-2,-2,2,-2,-2,-2,-2,-2,-2,2,-2,-2,-2,-2,-2,-2,-2,3,-2,-2,-2,-2,-2,2,2,2,-2,-2,-2,2,2,-2,2,-2,-2,-2,-2,-2,-2,-2,-2,-2,-2,-2,-2,-2,-2,-2,-2,-2,-2,-2,-2,-2,-2,-2 
"elseO","eupbat",3,3,-2,3,3,-2,-2,-2,-2,-2,-2,-2,-2,-2,-2,-2,-2,-2,2,-2,-2,-2,-2,-2,-2,-2,-2,-2,-2,-2,-2,-2,-2,-2,-2,-2,-2,-2,-2,-2,-2,3,3,-2,-2,2,3,-2,-2,-2,-2,-2,-2,-2,-2,-2,-2,-2,2 
"edwaR","eurnan",-2,-2,-2,3,-2,-2,-2,-2,-2,-2,-2,-2,-2,-2,-2,-2,-2,-2,-2,-2,-2,3,1,3,2,-2,-2,-2,-2,-2,-2,-2,-2,2,-2,-2,2,2,-2,-2,-2,3,-2,-2,2,-2,-2,-2,-2,-2,-2,-2,-2,-2,-2,-2,1,-2,-2 
"pereO","falper",-2,2,2,-2,-2,-2,-2,-2,-2,-2,-2,-2,-2,-2,-2,-2,-2,2,2,-2,-2,-2,-2,-2,-2,-2,-2,-2,-2,-2,-2,-2,-2,-2,-2,3,-2,-2,-2,-2,-2,-2,-2,-2,2,-2,-2,2,-2,-2,-2,-2,-2,-2,-2,-2,-2,-2,-2 
"ampeO","falper",-2,-2,3,2,2,-2,-2,-2,-2,-2,-2,-2,-2,-2,-2,-2,-2,2,2,3,-2,-2,-2,-2,-2,-2,-2,-2,-2,-2,-2,-2,-2,3,-2,-2,-2,-2,-2,-2,-2,-2,-2,-1,2,3,-2,-2,-2,-2,-2,-2,-2,-2,-2,2,-2,-2,-2 
"hawwR","fulame",2,2,-2,-2,-2,-2,-2,-2,-2,-2,-2,2,-2,-2,-2,-2,-2,0,-2,-2,-2,-2,-2,-2,2,-2,-2,-2,-2,-2,-2,-2,-2,0,-2,-2,2,2,-2,-2,-2,-2,-2,-2,2,-2,-2,-2,-2,-2,-2,2,2,-2,-2,-2,-2,-2,-2 
"lanaO","gahlan",-2,-2,-2,-2,3,-2,-2,-2,-2,-2,-2,-2,-2,-2,-2,-2,-2,-2,-2,-2,-2,-2,-2,-2,-2,-2,-2,-2,-2,-2,-2,-2,-2,-2,-2,-2,3,3,-2,-2,-2,3,-2,-2,-2,-2,-2,-2,-2,-2,-2,-2,-2,-2,-2,-2,-2,-2,-2 
"hawwR","galchl",2,2,-2,2,2,-2,-2,2,-2,-2,-2,-2,-2,-2,-2,-2,-2,-2,-2,-2,-2,-2,-2,-2,-2,-2,2,-2,3,-2,-2,-2,-2,-2,-2,-2,-2,2,-2,-2,-2,3,-2,-2,-2,-2,-2,-2,-2,-2,-2,-2,-2,2,-2,-2,-2,-2,-2 
"edwaR","gamgeo",-2,3,-2,-2,-2,-2,-2,-2,-2,-2,-2,-2,-2,-2,-2,-2,-2,-2,-2,2,3,-2,3,2,-2,-2,-2,2,2,-2,-2,-2,-2,2,-2,-2,2,2,-2,-2,-2,2,-2,2,-2,-2,-2,-2,2,-2,-2,2,-2,-2,-2,-2,3,-2,-2 
"hawgO","garbri",-2,-2,-2,-2,-2,-2,-2,-2,-2,-2,-2,-2,-2,-2,-2,-2,3,-2,2,-2,-2,-2,-2,-2,-2,-2,-2,-2,-2,-2,-2,-2,-2,-2,-2,-2,3,3,3,-2,1,3,-2,-2,-2,-2,-2,-2,-2,-2,1,-2,-2,-2,1,-1,2,-2,-2 
"unarR","gasacu",-2,3,-2,-2,-2,-2,-2,3,-2,-2,-2,-2,-2,-2,-2,-2,-1,-2,-2,2,1,-2,-2,-2,-2,-2,3,2,2,-2,-2,-2,-2,1,-2,-2,3,3,-2,-2,-2,-2,-2,-2,2,-2,-2,-2,-2,-2,-2,-2,-2,-2,3,-2,-2,-2,-2 
"maplO","gerarb",-2,-2,-2,-2,-2,-2,-2,-2,-2,-2,-2,-2,-2,-2,-2,-2,-2,-2,-2,-2,-2,-2,-2,-2,-2,-2,-2,-2,-2,-2,-2,-2,-2,-2,-2,-2,3,2,-2,-2,-2,3,2,-2,-2,-2,-2,-2,2,-2,1,-2,-2,-2,-1,-2,-2,0,-2 
"humpR","gilcyp",-2,-2,-2,3,-2,-2,-2,-2,-2,-2,-2,-2,-2,-2,-2,-2,-2,1,-2,-2,3,-1,-1,-2,-2,-2,-2,-1,-2,-2,-2,-2,-2,-1,-2,-2,-1,-1,-1,-2,-2,-2,-2,-2,-2,-2,-2,-2,-1,-2,-2,3,-2,-2,-1,-2,-2,1,-2 
"bonyR","gilele",-2,-2,-2,-2,-2,-2,-2,-2,-2,-2,-2,-2,-2,-2,3,-2,-1,-2,-2,-2,3,3,-2,-1,-2,-2,3,-2,3,-2,-2,-2,-2,-2,-2,-2,-2,-2,-2,-2,-2,-2,3,-2,-2,-2,-2,-2,3,-2,-2,3,-1,3,-2,-2,-2,-2,-2 
"chihO","gilnig",-2,-2,-2,-2,-2,-2,-2,-2,-2,-2,-2,-2,3,-2,-2,-2,-2,-2,-2,3,3,3,3,-2,-2,-2,3,-2,-2,-2,-2,-2,-2,-2,-2,-2,-2,-1,-2,-2,-2,-2,-2,-2,-2,-2,-2,-2,-2,-2,-2,2,-2,-2,-2,-2,2,-2,-2 
"fishR","gilpur",-2,-2,-2,-2,-2,2,-2,3,-2,-2,-2,-2,3,-2,-2,-2,3,-2,-2,-2,-2,3,-2,-2,-2,-2,-2,-1,-2,-2,-2,-2,-2,-2,-2,-2,2,-1,-2,-2,-2,3,-2,-2,-2,-2,-2,-2,-2,-2,-2,3,3,2,-1,-2,-1,-2,-2 
"whooR","gruame",2,2,2,2,-2,2,2,-2,-2,-2,-2,-2,-2,-2,-2,2,-2,2,2,-2,-2,-2,-2,-2,-2,2,-2,2,-2,-2,-2,-2,-2,2,-2,-2,-2,-2,-2,-2,-2,-2,-2,-2,2,-2,-2,2,-2,-2,-2,-2,-2,-2,-2,-2,2,-2,2 
"missR","grucan",1,1,1,1,3,-2,3,-2,3,-2,3,-2,-2,3,-2,-2,-2,2,-2,-2,-2,-2,-2,-2,-2,-2,-2,-2,-2,-2,-2,-2,-2,3,-2,-2,-2,2,-2,-2,-2,-2,-2,-2,2,3,-2,3,-2,2,2,3,2,-2,3,-2,2,2,-2 
"cacoR","gymcal",-2,-2,-2,-2,-2,-2,-2,-2,-2,-2,-2,-2,-2,-2,-2,-2,-2,-2,-1,2,-2,-2,-2,-2,-2,-2,-2,-2,-2,-2,-2,-2,-2,2,-2,2,-2,-2,-2,-2,-2,-2,-2,-2,-1,-2,-2,-2,-2,-2,-2,-2,3,-2,3,-2,-2,-2,-1 
"gnomO","gymlin",2,-2,-2,-2,2,-2,-2,-2,-2,-2,-2,-2,-2,2,-2,-2,-2,-2,2,-2,-2,-2,-2,-2,-2,-2,-2,-2,-2,-2,-2,-2,-2,-2,3,-2,-2,-2,-2,-2,-2,2,2,-2,-2,-2,-2,-2,-2,-2,-2,2,-2,-2,-2,-2,-2,2,2 
"todsO","hedtod",0,0,0,2,2,2,0,0,0,0,0,0,0,0,0,0,0,0,0,0,0,0,0,0,0,0,0,0,0,0,0,0,0,0,0,0,0,2,0,0,0,2,2,0,0,0,0,0,2,0,0,0,0,2,0,0,0,0,2 
"oahpO","hesarb",-2,-2,-2,-2,-2,-2,-2,-2,-2,-2,-2,-2,-2,-2,-2,-2,2,-2,-2,-2,-2,-2,-2,-2,-2,-2,-2,-2,-2,-2,-2,-2,-2,-2,-2,-2,2,-2,-2,-2,-2,-2,3,-2,-2,-2,-2,-2,-2,-2,2,-2,-2,-2,-2,-2,-2,0,2 
"moloO","hibarn",-1,-2,-2,-2,-2,-1,-1,-2,-2,-2,-2,-2,-2,-2,-2,-2,3,-2,-1,-2,-2,-2,-2,-2,-2,-2,-2,-2,-2,-2,-2,-2,-2,-2,-2,-2,-2,-2,-2,-2,-2,-2,2,-2,-2,-2,-2,-2,-2,-2,-1,-2,-2,-2,3,-2,-2,-1,-2 
"kaupO","hibcla",-2,-2,-2,-2,-2,-2,-2,-2,-2,-2,-2,-2,-2,-2,-2,-2,-2,-2,-2,-2,-2,-2,-2,-2,-2,-2,-2,-2,-2,-2,-2,-2,-2,-2,-2,-2,3,3,-2,-1,-2,-2,-2,-2,-2,-2,-2,-2,-2,-2,-1,-2,-2,-2,-2,-2,-2,-2,-2 
"kauaO","hibwoo",-2,-2,-2,-2,-2,-2,-2,-2,-2,-2,-2,-2,-2,-2,-2,-2,-2,-2,-1,-2,-2,-2,-2,-2,-2,-2,-2,-2,-2,-2,-2,-2,-2,-2,-2,-2,3,-1,-1,-2,-2,3,-2,-2,-2,-1,-2,-2,-2,-2,-1,-2,-1,-2,-2,-2,-2,-1,-2 
"hawwR","himmex",3,3,0,3,3,3,0,3,0,0,0,3,0,0,0,0,0,2,0,0,0,3,0,0,3,0,0,0,0,0,0,0,0,3,0,0,0,3,0,0,0,3,0,0,0,0,0,0,0,0,0,3,3,0,0,0,0,0,0 
"flscO","hypcum",1,1,-2,-2,1,-2,-2,-2,-2,1,-2,-2,-2,-2,-2,-2,2,-2,-2,-2,-2,-2,-2,-2,-2,-2,-2,-2,-2,-2,-2,-2,-2,-2,-2,-2,-2,-2,-2,-2,-2,1,-2,-2,-2,-2,-2,-2,-2,2,2,-2,1,-2,-2,-2,-2,-2,-2 
"smalR","isomed",-1,-1,-2,-1,-1,-2,-2,-2,-2,-2,-2,-2,-2,-2,-2,-2,-2,-2,2,-2,-2,-2,-2,-2,-2,-2,-2,-2,-2,-2,-2,-2,-2,-2,-2,-2,-2,-2,-2,-2,-2,-2,-2,2,2,-2,-2,-2,-2,2,-2,-2,-2,-2,-2,-2,-2,-2,-2 
"beacO","jacrec",3,3,-2,-2,3,3,-2,-2,-2,-2,-2,-2,-2,-2,-2,-2,-2,-2,-2,3,-2,-2,-2,-2,-2,-2,-2,-2,-2,-2,-2,-2,-2,2,-2,-2,3,-2,-2,-2,-2,3,-2,-2,-2,-2,-2,-2,-2,3,2,2,-2,-2,-2,-2,2,2,-2 
"oahpO","labcyr",-2,-2,-2,-2,-2,-2,-2,-2,-2,-2,-2,-2,-2,-2,-2,-2,-2,-2,-2,-2,-2,-2,-2,-2,-2,-2,-2,-2,-2,-2,-2,-2,-2,-2,-2,-2,3,3,-2,-2,-2,3,-2,-2,-2,-2,-2,-2,-2,-2,-1,-2,-2,-2,3,-2,-2,-1,-2 
"pinkO","lamabr",-2,-2,-2,-2,2,2,-2,-2,-2,-2,-2,-2,3,2,2,-2,-2,3,-2,2,2,-2,-2,-2,-2,2,-2,3,3,-2,-2,-2,3,-2,-2,2,-2,-2,-2,-2,-2,-2,-2,-2,-2,-2,-2,-2,3,-2,-2,-2,-2,3,-2,-2,-2,-2,-2 
"snakO","lanxsp",-2,-2,-2,3,-2,-2,-2,2,-2,-2,-2,3,3,-2,-2,-2,-2,-2,-1,-2,3,2,-2,2,-2,-2,3,2,2,-2,-2,-2,-2,2,-2,-2,0,0,-2,-2,-2,-2,-2,-2,-2,-2,-2,-2,-2,-2,-2,-2,-2,-2,-2,-2,2,-2,-2 
"caroO","lasdec",-2,-1,-2,-2,-1,3,-2,-2,-2,-2,-2,-2,3,-2,-1,-2,-2,-2,1,-1,3,-2,-2,-2,-2,-1,-2,3,2,-2,-2,-2,-2,2,-2,-2,3,-2,-2,-2,-2,-2,-2,-2,-2,-2,-2,-2,-2,-2,-2,-2,-2,-2,-2,-2,-2,1,-2 
"praiO","leslep",2,-2,2,-2,2,-2,2,-2,-2,-2,-2,-2,-2,-2,-2,-2,3,-2,-2,-2,-2,-2,-2,-2,-2,-2,-2,-2,-2,-2,-2,-2,-2,1,-2,-2,-2,3,-2,-2,-2,-2,-2,3,3,-2,-2,-2,-2,3,3,-2,2,-2,-2,-2,-2,-2,-2 
"flscR","liaohl",-1,-1,-2,3,3,-2,-2,-2,-2,0,-2,-2,-2,-2,-2,-2,0,-2,-2,-2,-2,-2,-2,-2,-2,-2,-2,-2,-2,-2,-2,-2,2,2,-2,-2,-2,-2,-2,-2,-2,-2,-1,-2,-2,-2,-2,-2,-2,-2,2,-2,-2,-2,3,-2,-2,-2,2 
"kaupO","lipfau",-2,-2,-2,-2,-2,-2,-2,-2,-2,-2,-2,-2,-2,-2,-2,-2,-1,-2,-2,-2,-2,-2,-2,-2,-2,-2,-2,-2,-2,-2,-2,-2,-2,-2,-2,-2,3,3,-2,-1,-2,-2,-2,-2,-2,-2,-2,-2,-2,-2,-1,-2,-2,-2,-2,-2,-2,-2,-2 
"oahpO","loboah",-2,-2,-2,-2,-2,-2,-2,-2,-2,-2,-2,-2,-2,-2,-2,-2,-2,-2,2,3,-2,-2,-2,-2,-2,-2,-2,-2,-2,-2,-2,-2,-2,-2,-2,-2,3,3,-2,-2,-2,3,-2,-2,-2,-2,-2,-2,-2,-2,-2,-2,-2,-2,-1,-2,-2,2,2 
"flscR","lupari",3,3,3,-2,3,-2,-2,-2,-2,3,-2,-2,-2,-2,-2,-2,2,-2,0,2,-2,-2,-2,-2,-2,-2,-2,-2,-2,-2,-2,-2,-2,-2,-2,-2,-1,-2,-2,-2,-2,-2,-2,-2,-2,-2,-2,-2,-2,-2,-2,-2,-2,-2,-2,-2,-2,-1,-2 
"lotiO","lycarg",-2,-2,-2,-1,-2,-2,-2,-2,-2,-2,-2,-2,-2,-1,-2,-2,-2,-2,2,-2,-2,-2,-2,-2,-2,-2,-2,-2,-2,-2,-2,-2,-2,-2,-2,-2,-2,-2,-2,-2,-2,-2,-2,-2,-2,-2,-2,-2,-2,0,-1,-2,-2,-2,-2,3,2,-2,3 
"roleO","lysasp",3,3,-2,-2,3,-2,-2,-2,-2,-2,2,-2,2,-1,-2,-2,-2,-2,-2,-2,-2,-2,-2,-2,-2,-2,-2,-2,-2,-2,-2,-2,-2,-2,-2,-2,-2,-2,-2,-2,-2,-2,-2,-2,-2,-2,-2,-2,-2,-2,3,2,-2,-1,-2,-2,-2,-2,2 
"apalO","macalb",-2,-2,-2,-2,-2,-2,-2,-2,-2,-2,3,-2,3,2,-2,-2,-2,-2,2,-2,-2,-2,-2,-2,-2,-2,3,-2,-2,-2,-2,-2,-2,2,-2,-2,-2,-2,-2,-2,-2,3,-2,-2,-2,-2,-2,-2,-2,-2,3,-2,3,-2,-2,-2,-2,-2,-2 
"mohrO","marmoh",-2,-2,-2,2,2,-2,3,-2,-2,-2,3,-2,-2,-2,-2,-2,-2,-2,-1,-2,-2,-2,-2,-2,-2,-2,-2,-2,-2,-2,-2,-2,-2,-2,-2,-2,3,-2,-2,-2,-2,-2,-2,-2,-2,-2,-2,-2,-2,3,-1,3,3,-2,-2,-2,-2,-2,2 
"kaupO","melpal",-2,-2,-2,-2,-2,-2,-2,-2,-2,-2,-2,-2,-2,-2,-2,-2,-2,-2,-2,-2,-2,-2,-2,-2,-2,-2,-2,-2,-2,-2,-2,-2,-2,-2,-2,-2,3,-2,-2,-2,-2,3,-2,-2,3,-2,-2,-2,-2,-2,2,-2,-2,-2,3,-2,-2,2,-2 
"oahpO","melsai",-2,-2,-2,-2,-2,-2,-2,-2,-2,-2,-2,-2,-2,-2,-2,-2,-2,-2,-2,2,-2,-2,-2,-2,-2,-2,-2,-2,-2,-2,-2,-2,-2,-2,-2,-2,2,3,-2,-2,-2,3,-2,-2,-2,-2,-2,-2,-2,-2,2,-2,-2,-2,3,-2,-2,3,-2 
"armaO","miccal",3,3,3,3,3,-2,-2,-2,-2,-2,-2,-2,-2,-2,-2,-2,3,-2,-2,-2,-2,-2,-2,3,3,-2,-2,-2,-2,-2,-2,-2,-2,-2,-2,-2,3,3,-2,-2,-2,3,-2,-2,-2,-2,-2,-2,-2,-2,2,2,3,-2,-2,-2,2,-2,-2 
"hualO","micmex",-2,-2,-2,-2,3,3,-2,-2,-2,-2,-2,-2,-2,-2,-1,-2,3,-2,-2,2,-2,-2,-2,-2,-2,-2,3,-2,-2,-2,-2,-2,-2,-2,-2,-2,-1,-1,-2,-2,-2,3,-2,-2,-1,-2,-2,-2,-2,-2,-1,3,-2,-1,-1,3,2,-2,-1 
"blacR","musnig",-2,-2,-2,-2,-2,-2,-2,3,-2,-2,-2,-2,-2,-2,-2,-2,-2,-2,-2,-2,-2,-2,-2,-2,-2,-2,-2,-2,-2,-2,-2,-2,-2,2,-2,-2,-2,-2,-2,2,-2,-2,-2,-2,-2,-2,3,-2,-2,-2,-2,-2,-2,-2,3,-2,-2,2,-2 
"kaufO","myapal",-2,3,-2,-2,3,-2,-2,-2,-2,-2,-2,-2,3,-2,-2,-2,3,3,-1,-2,3,-2,-2,-2,-2,-2,-2,-2,-2,-2,-2,-2,-2,-2,-2,-2,-1,-1,-2,-1,-1,-1,-2,-1,-2,-2,-2,-2,-2,-2,-1,-2,-2,-1,-1,-2,-2,-2,-1 
"woodO","mycame",-2,3,-2,-1,-2,-2,-2,-2,-2,-2,-2,-2,-2,-2,-2,-2,-2,-2,-2,-2,3,0,2,-2,2,2,-2,-2,-2,-2,-2,-2,-2,3,-2,-2,-2,-2,-2,-2,-2,-2,-2,-2,-1,-2,-2,-2,-2,-2,-2,3,-2,-2,-2,-2,-2,-2,-2 
"indiR","myosod",-2,-2,-2,-2,-2,2,-2,3,-2,-2,-2,-2,-2,2,2,-2,-2,-2,2,-2,-2,3,-2,-2,-2,-2,-2,-2,-2,-2,-2,-2,-2,3,-2,-2,-2,-2,-2,-2,-2,-2,-2,-2,-2,-2,3,-2,-2,-2,-2,-2,-2,2,-2,2,2,2,-2 
"oahpO","nothum",-2,-2,-2,-2,-2,-1,-2,-2,-2,-2,-2,-2,-2,-2,-2,-2,2,-2,-2,-2,-2,-2,-2,-2,-2,-2,-2,-2,-2,-2,-2,-2,-2,-2,-2,-2,3,2,-2,-2,-2,3,-2,-2,-2,-2,-2,-2,-2,-2,2,-2,-2,-2,-2,-2,-2,-1,-2 
"capeO","notmek",-2,-2,-2,-1,-1,-1,-2,-2,-2,-2,-2,-2,-2,-2,-2,-2,-2,-2,-2,-2,3,-2,-1,-2,-2,-2,-2,-1,-1,-2,-2,-2,-2,-2,-2,-1,-2,-1,-2,-2,-2,-2,-2,-2,-2,-2,-2,-2,-2,-2,-2,3,-2,-2,-2,-2,-2,-1,-2 
"neosO","notpla",-2,-2,-2,-2,-2,-2,-2,-2,-2,-2,-2,-2,-2,-2,-2,-2,-2,-2,-2,2,3,2,-2,-2,-2,-2,-2,2,2,-2,-2,-2,-2,2,-2,-2,-2,-2,-2,-2,-2,-2,-2,-1,-2,-2,-2,-2,-2,-2,-2,3,-2,-2,-2,-2,2,-2,-2 
"ringO","oboret",-2,-2,-2,-2,-2,-2,-2,-2,-2,-2,-2,-2,-2,-2,-2,3,-2,3,-1,-2,3,-2,-2,-2,-2,2,-2,3,-2,-2,-2,-2,-2,-2,-2,-2,0,-2,-2,-2,-2,-2,-2,-2,-2,-2,-2,2,-2,-2,-2,3,-2,-2,-2,-2,-2,-2,-2 
"keydR","odvicl",3,3,0,0,3,3,0,0,0,0,0,0,0,0,0,0,0,2,0,0,0,0,0,2,0,0,2,0,0,0,0,0,0,0,0,0,0,2,0,0,0,0,0,0,0,0,0,0,0,0,0,0,0,0,0,0,0,0,0 
"coluR","odvile",3,3,3,-2,2,-2,-2,-2,-2,-2,-2,-2,3,3,-2,-2,3,2,-2,-2,-2,-2,-2,-2,2,-2,-2,-2,-2,-2,-2,-2,-2,-2,-2,-2,2,2,-2,-2,-2,-2,-2,2,2,3,-2,3,2,2,3,2,3,-2,2,-2,1,-2,-2 
"antiR","oendel",-2,-2,-2,3,-2,-2,-2,-2,-2,-2,-2,-2,-2,-2,-2,-2,-2,-2,-2,2,-2,-2,-2,-2,-2,-2,-2,-2,-2,-2,-2,-2,-2,-2,-2,-2,3,-2,-2,-2,-2,3,-2,-2,-2,-2,-2,-2,2,-2,-2,-2,-2,2,-2,-2,-2,-2,2 
"arizR","oncapa",-2,-2,-2,-2,-1,-2,-2,-2,-2,-2,-1,-2,-2,-1,-1,-2,-1,-1,-2,-2,-2,-2,-2,-2,-2,-2,-1,-2,-1,-2,-2,-2,-2,-1,-2,-2,3,3,-2,-2,-2,-2,2,-2,-2,-2,-2,-2,-2,2,2,2,2,2,3,-2,-2,-2,-2 
"grcuR","onccla",-2,-2,-2,-2,-2,-2,-2,-1,-2,-2,-1,-2,-2,-1,-1,-2,-1,-1,-2,-2,-1,-1,-2,-2,-2,-2,-2,-2,-2,-2,-2,-2,-2,-2,-2,-2,3,-2,-2,-2,-2,3,3,-2,-2,-2,-2,-2,-2,-2,-2,-2,-2,-2,-2,-2,-2,-2,-2 
"gilaR","oncgil",-2,-2,-2,-2,-2,-2,-2,-2,-2,-2,-2,-2,-2,-2,-2,-2,2,-2,-2,-2,-2,-2,-2,-2,-2,-2,-2,-1,-1,-1,-1,-2,-2,-2,-2,-2,2,-2,-2,-2,-2,2,3,-2,-2,-2,-2,-2,-2,-2,-2,-2,-2,-2,-2,-2,2,2,-2 
"nashR","orcsho",3,3,-2,-2,-1,-2,3,-2,-2,-2,-2,-2,-2,-2,-2,-2,-2,-2,-2,-2,3,-2,-2,-2,-2,-2,3,-2,-2,-2,-2,-2,-2,2,-2,-2,-2,-2,-2,-2,-2,-2,-2,3,-2,-2,-2,-2,-2,-2,-2,-2,-2,-2,-2,-2,-2,2,-2 
"flscR","parcha",3,3,3,-2,3,-2,-2,-2,-2,3,-2,-2,-2,-2,-2,-2,-2,-2,-2,-2,-2,-2,-2,-2,-2,-2,-2,-2,-2,-2,-2,-2,2,-2,-2,-2,3,-2,-2,-2,-2,-2,-2,3,-2,-2,-2,-2,-2,3,3,-2,-2,-2,-2,-2,-2,-2,2 
"mamoO","parfla",0,0,0,0,0,-2,0,0,0,-2,-2,-2,1,0,0,0,3,0,0,-2,0,0,0,0,0,0,-2,0,0,0,0,0,0,0,0,-2,0,2,0,3,3,3,-2,0,0,0,0,0,-2,0,2,0,2,-2,0,0,0,0,-2 
"bradO","pedbra",-2,-2,-2,2,2,-2,-2,-2,-2,-2,-2,-2,-2,-2,-2,-2,2,-2,2,2,-2,-2,-2,-2,-2,-2,-2,-2,-2,-2,-2,-2,-2,-2,-2,-2,-2,-2,-2,-2,-2,-2,-2,-2,-2,-2,-2,-2,-2,-2,-2,-2,-2,2,3,-2,2,-2,3 
"furbR","pedfur",3,3,3,3,-2,-2,-2,-2,-2,-2,-2,-2,-2,2,-2,-2,-2,-2,2,-2,3,-2,-2,-2,-2,-2,-2,-2,-2,-2,-2,-2,-2,-2,-2,-2,-2,-2,-2,-2,-2,-2,-2,-2,-2,-2,-2,-2,-2,3,-2,3,-2,-2,-2,-2,3,-2,2 
"prcrO","pellem",1,-2,-2,-2,-2,-2,-2,1,-2,-2,-2,-2,-2,-2,-2,-2,2,-2,-2,2,-2,-2,-2,-2,-2,-2,-2,-2,-2,-2,-2,-2,1,-2,-2,-2,-2,-2,-2,-2,-2,-2,-2,3,3,-2,-2,-2,-2,-2,-2,-2,-2,2,-2,-2,2,-2,-2 
"anasO","perpol",3,3,-2,-2,-2,-2,-2,-2,-2,-2,-2,-2,-2,-2,-2,-2,-2,-2,-2,3,-2,-2,-2,-2,-2,-2,-2,-2,-2,-2,-2,-2,3,-2,-2,-2,-2,-2,-2,-2,-2,-2,-2,-2,-2,-2,-2,-2,-2,-2,-2,-2,-2,-2,-2,-2,-2,-2,-2 
"snaiR","pertan",-2,-2,-2,-2,-2,-2,-2,2,-2,-2,-2,-2,-2,2,2,-2,-2,-2,-2,-2,3,-2,2,-2,-2,2,-2,2,3,-2,-2,-2,-2,-1,-2,-2,-2,-2,-2,-2,-2,-2,-2,-2,-2,-2,-2,-2,-2,-2,-2,2,-2,-2,-2,-2,-2,-2,-2 
"lanaO","phygla",2,-2,-2,-2,-2,-2,-2,3,-2,-2,-2,-2,-2,-2,-2,-2,3,-2,2,2,-2,-2,-2,-2,-2,-2,-2,-2,-2,-2,-2,-2,-2,-2,-2,-2,3,-2,-2,-1,-2,3,3,-2,-2,-2,-2,-2,-1,-2,-1,-2,-2,-2,3,-2,-1,2,3 
"biadO","phyrac",-2,-2,-2,-2,-2,-2,-2,-2,-2,-2,-2,-2,-2,-1,-2,-2,-2,-2,-2,-2,-2,-2,-2,-2,-2,-2,-2,-2,-2,-2,-2,-2,-2,-2,-2,-2,3,-2,-2,-2,-2,-1,-2,-2,-2,-2,-2,-2,-2,-2,-2,-2,-2,2,-2,-2,-2,-2,-2 
"redcR","picbor",-2,-2,-2,-2,-2,-2,-2,-2,-2,-2,-1,-2,-2,-1,-2,-2,-2,-2,-2,-1,-2,-2,-2,-2,-2,-2,-2,-2,-2,-2,-2,-2,-2,-2,-2,-2,-2,-2,-2,-2,-2,-2,-2,-1,-2,-2,-2,-2,-2,2,-2,-2,-2,3,3,-2,-2,2,-2 
"ropiO","pleple",-1,-2,-2,-1,-1,-2,-2,-2,-2,-2,-2,-2,-1,-1,-1,-1,-2,-1,-2,-2,-1,-2,-1,-2,-2,-1,-2,-1,-1,-2,-2,-2,-2,-1,-2,-2,-2,-2,-2,-2,-2,-2,-2,-2,-2,-2,-2,-2,-2,-2,-2,-1,-1,-2,-2,-2,-2,-2,-2 
"shenO","pleshe",-2,-2,-2,-2,-2,-3,-2,-2,-2,-2,-2,-2,-2,-2,-2,-2,-2,-2,-2,3,-2,-2,-2,-2,-2,-2,-2,-2,-2,-2,3,-2,-2,3,3,-2,-2,-2,-2,-2,-2,3,-2,3,-2,-2,-2,-2,-2,3,-2,-2,-2,-2,-2,-2,-2,-2,-2 
"fishR","poeocc",-2,-2,-2,-2,-2,-2,-2,-2,-2,-2,-2,-2,-2,-2,3,-2,3,-2,-2,-2,-2,3,-2,3,-2,-2,-2,-2,-2,-2,-2,-2,-2,-2,-2,-2,-2,3,-2,-2,-2,-2,-2,-2,-2,-2,-2,-2,-2,-2,-2,3,-2,-2,-2,-2,-2,-2,-2 
"cavpO","pognud",2,2,-2,2,2,-2,-2,-2,-2,-2,-2,-2,2,-2,-2,-2,2,-2,2,2,-2,-2,-2,-2,-2,-2,2,-2,-2,-2,-2,-2,2,-2,-2,2,2,-2,-2,-2,-2,2,-2,2,-2,-2,-2,-2,-2,-2,2,2,2,-2,3,-2,2,2,-2 
"flscR","polbas",3,3,0,0,3,3,0,0,0,3,0,0,0,0,0,0,0,0,2,2,0,0,0,0,0,0,0,0,0,0,0,0,2,0,0,0,3,0,0,0,0,0,0,0,0,0,0,0,0,0,3,0,3,0,0,0,0,0,0 
"fatpR","potcap",-2,-2,-2,-2,-2,-2,-2,-2,-2,-2,-2,-2,-1,-2,-2,-2,-2,-2,-2,-2,-2,-1,-1,-2,-2,-1,-2,-1,-2,-2,-2,-2,-2,-2,-2,-2,-2,-2,-2,-2,-2,-2,-2,-2,-2,-2,-2,-2,-2,-2,-2,-2,-2,-1,-2,-2,-2,-2,-2 
"littO","potcly",-2,-2,-2,-2,-2,-2,-2,-2,-2,-2,-2,-2,-2,-2,-2,-2,-2,-2,-2,-2,3,3,3,-2,-2,-2,-2,-2,-1,-2,-2,-2,-2,-2,-2,-2,-2,-2,-2,-2,-2,-2,-2,3,2,-2,-2,3,-2,-2,-2,3,-2,-1,3,-2,3,-2,-2 
"flscR","prugen",3,3,-2,-2,3,3,-2,-2,3,-2,-2,-2,-2,-2,-2,-2,-2,-2,2,2,-2,-2,-2,-2,-2,-2,-2,-2,-2,-2,-2,-2,2,-2,-2,-2,-2,-2,-2,-2,-2,3,-2,-2,-2,-2,-2,-2,-2,-2,2,-2,3,-2,-2,-2,-2,-2,-2 
"guamO","ptemar",-2,3,-2,-2,-2,-2,1,-2,-2,-2,-2,-2,-2,-2,-2,-2,-2,-2,3,-2,-2,-2,-2,-2,-2,-2,-2,-2,-2,-2,-2,-2,-2,-2,-2,-2,2,3,-2,-2,-2,-2,-2,-2,-2,-2,-2,-2,-2,-2,-2,-2,2,-2,-2,-2,1,-2,-2 
"harpO","ptinod",-2,-2,1,-2,-2,-2,3,-2,-2,-2,3,-2,-2,2,3,-2,-2,-2,-2,-2,3,-2,-2,-2,-2,-2,2,3,3,-2,-2,-2,-2,3,-2,-2,-1,-2,-2,-2,-2,-2,-2,-2,2,-2,-2,-2,2,-2,-2,2,-2,-2,-2,-1,-1,-1,-2 
"coloR","ptyluc",-2,-2,-2,-2,-2,-2,-2,-2,-2,-2,-2,-2,-2,-2,-2,-2,-2,-1,-2,2,3,2,-2,-2,-2,-2,-2,-2,-2,-2,-2,-2,-2,-2,-2,-2,2,-2,-2,-2,-2,-2,2,-2,-2,-2,-2,-2,-2,-2,-2,3,-2,-2,-2,-2,-2,-2,-2 
"flopR","pumcon",3,3,3,3,3,-2,-2,-2,-2,-2,-2,-2,3,-2,-1,-2,-2,2,-2,-2,-2,-2,-2,-2,-2,-2,-1,-2,-2,-2,-2,-2,-2,-2,-2,-2,-2,-2,-2,-2,-2,-2,-2,-2,-2,2,3,2,-2,-2,-2,-2,-2,-2,3,-2,-2,-2,-1 
"alamO","pyrneo",-2,-2,-2,-2,-2,-2,-2,-2,-2,-2,-2,-2,-2,-2,-2,-2,0,-2,-1,-2,-2,3,-2,-2,-2,-2,-2,-1,-1,-2,-2,-2,-2,-2,-2,-2,-1,-1,-2,-2,-2,-2,-2,-2,-1,-2,-2,-2,-2,-2,-2,3,-2,-2,-2,-2,-2,-1,-1 
"tombO","quasta",-2,-2,-2,-2,-2,3,-2,-2,-2,-2,-2,-2,-2,-2,-2,-2,-2,-2,-2,-2,3,-2,2,-2,-2,2,3,-2,3,-2,-2,-2,-2,3,-2,-2,-2,-2,-2,-2,-2,-2,-2,-2,-2,-2,-2,-2,-1,-2,-2,-2,-2,-2,-2,-2,-2,-1,3 
"saltO","raloob",3,-2,-2,-2,-2,3,-2,3,-2,-2,-2,-2,-2,-2,-2,-2,-2,1,-2,-2,-2,-2,-2,-2,2,-2,1,2,2,-2,-2,-2,-2,2,-2,1,-2,-2,-2,-2,-2,3,-2,-2,-2,-2,-2,-2,-2,-2,-2,3,3,-2,-2,-2,2,-2,3 
"yumaO","raloyu",-2,-2,-2,-2,-2,-2,-2,-2,-2,-2,-2,-2,-2,-2,-2,-2,-2,-2,-2,-2,2,3,2,-2,2,2,-2,-2,-2,-2,-2,-2,-2,-1,-2,-2,-2,-2,-2,-2,-2,3,-2,-2,-1,-2,3,-2,-2,2,-2,3,-2,-2,-2,-2,2,-2,-2 
"selkR","rantar",-2,-2,-2,-2,3,-2,-2,-2,-2,-2,3,-2,-2,3,-2,-2,-2,2,-2,-2,-2,-2,-2,-2,-2,-2,-2,-2,-2,-2,-2,-2,-2,-2,-2,-2,-2,-2,-2,-2,-2,-2,-2,-2,3,-2,-2,-2,3,-2,-2,-2,3,-2,3,-2,-2,-2,-2 
"kendO","rhiosc",-2,-2,-2,-2,3,-2,-2,-2,-2,-2,-2,-2,-2,-2,-2,-2,3,-2,2,-2,3,-2,-2,-2,-2,-2,-2,-2,-2,-2,-2,-2,-2,-2,-2,2,-2,-2,-2,-2,-2,-2,-2,-2,-2,-2,-2,-2,-2,-2,-2,-2,-2,-2,-2,-2,-2,-2,-2 
"chapO","rhocha",-2,-2,-2,-2,-2,1,-2,-2,-2,-2,3,-2,-2,-2,-2,-2,-2,-2,2,-2,-2,-2,-2,-2,-2,-2,-2,-2,-2,-2,-2,-2,-2,-2,-2,-2,-2,-2,-2,-2,-2,3,-2,-2,-2,-2,-2,-2,-2,3,3,3,-2,-2,-2,-2,-2,-2,-2 
"everR","rossoc",-2,3,-2,-2,-2,-2,-2,-2,-2,-2,-2,-2,3,-2,-2,-2,-2,2,-2,2,-2,-2,-2,-2,-2,-2,3,-2,3,-2,3,-2,-2,3,-2,-2,-2,-2,-2,-2,-2,3,-2,-2,-2,-2,3,-2,-2,-2,-2,3,-2,-2,-1,-2,2,-2,-2 
"grpiR","sarore",0,-2,3,3,3,-2,3,3,3,3,3,-2,-2,-2,-2,-2,3,-2,3,-2,-2,3,3,-2,-2,-2,-2,-2,-2,-2,-2,-2,-2,3,-2,-2,-2,-2,-2,-2,-2,3,-2,-2,-2,-2,-2,-2,-2,-2,3,3,3,-2,-2,-2,-2,-2,-2 
"pallO","scaalb",-2,-2,-2,-2,-2,-2,-2,-2,-2,-2,-2,-2,-2,-2,-2,-2,-2,2,-2,-2,3,-2,3,-2,-2,-2,-2,-1,-1,-2,-2,-2,-2,-2,-2,-2,-2,-2,-2,-2,-2,-2,-2,-1,2,-2,3,-2,-2,-2,-2,3,-2,-2,-2,-2,-2,-2,3 
"maplO","schhal",-2,-2,-2,-2,-2,-2,-2,-2,-2,-2,-2,-2,-2,-2,-2,-2,2,-2,-2,-2,-2,-2,-2,-2,-2,-2,-2,-2,-2,-2,-2,-2,-2,-2,-2,-2,-1,2,-2,-2,-2,-2,2,-2,-2,-2,-2,-2,-2,-2,-1,-2,-2,-2,2,-2,-2,2,-2 
"oahpO","schkaa",0,0,0,0,0,0,0,0,0,0,0,0,0,0,0,0,3,0,0,0,0,0,0,0,0,0,0,0,0,0,0,0,0,0,0,0,3,3,0,0,0,0,3,0,0,0,0,0,0,0,2,0,0,0,3,0,0,2,0 
"oahpO","schkea",-2,-2,-2,-2,-2,-2,-2,-2,-2,-2,-2,-2,-2,-2,-2,-2,-2,-2,-2,-2,-2,-2,-2,-2,-2,-2,-2,-2,-2,-2,-2,-2,-2,-2,-2,-2,3,3,-2,-2,-2,-2,-2,-2,-2,-2,-2,-2,-1,-2,2,-2,-2,-2,-1,-2,-2,3,-2 
"kaupO","schspe",-2,-2,-2,-2,-2,-2,-2,-2,-2,-2,-2,-2,-2,-2,-2,-2,3,-2,-2,-2,-2,-2,-2,-2,-2,-2,-2,-2,-2,-2,-2,-2,-2,-2,-2,-2,3,-2,-2,-2,-2,-2,-2,-2,-2,-2,-2,-2,-2,-2,2,-2,-2,-2,-2,-2,-2,-2,-2 
"delmR","scinig",3,3,-2,-2,3,-2,3,-2,-2,-2,-2,-2,2,3,-2,-2,-2,2,-2,-2,-2,-2,-2,-2,-2,-2,-2,-2,-2,-2,-2,-2,-2,-2,-2,-2,1,2,-2,-2,-2,-2,-2,3,3,2,-2,-2,-2,3,-2,-2,2,-2,-2,-2,-2,-2,2 
"enruO","soldry",3,3,2,3,3,-2,2,-2,-2,-2,-2,-2,2,3,-2,-2,-2,-2,-2,2,-2,-2,-2,-2,-2,-2,-2,-2,-2,-2,-2,-2,-2,-2,-2,-2,-2,-2,-2,-2,-2,-2,-2,-2,-2,-2,-2,-2,-2,3,-2,-2,3,-2,-2,-2,-2,-2,-2 
"hougO","solhou",-2,3,-2,-2,3,-2,-2,-2,-2,-2,-2,-2,-2,-2,-2,-2,-2,-2,-2,2,-2,-2,-2,-2,-2,-2,-2,-2,-2,-2,-2,-2,-2,-2,-2,-2,-2,-2,-2,-2,-2,-2,-2,-2,-2,-2,-2,-2,-2,-2,-2,2,-2,3,-2,-2,-2,-2,-2 
"alabR","spepou",-1,-2,-2,-2,-2,-2,-2,-2,-2,-2,-2,-2,-2,-2,-2,-2,-2,-2,-1,-2,-2,-2,-2,-1,-2,-2,-2,-1,-1,-2,-2,-2,-1,-1,-2,-1,-2,-2,-2,-2,-2,-2,-2,-2,-2,-2,-2,-2,-2,-2,-2,-1,-2,-1,-2,-2,-2,-2,-2 
"caleO","steant",-2,2,-2,-2,-2,-2,-2,-2,-2,-2,-2,-2,-2,-2,-2,-2,-2,-2,-2,3,-2,-2,-2,-2,3,-2,-2,-2,3,-2,-2,-2,-2,-2,-2,-2,-2,3,-2,-2,-2,-2,-2,-2,3,-2,-2,-2,2,-2,-2,3,-2,-2,-2,-2,2,-2,-2 
"kaupO","stecam",-2,-2,-2,-2,-2,-2,-2,-2,-2,-2,-2,-2,-2,-2,-2,-2,3,-2,2,-2,-2,-2,-2,-2,-2,-2,-2,-2,-2,-2,-2,-2,-2,-2,-2,-2,3,-2,-2,-2,-2,-2,-2,-2,-2,-2,-2,-2,-2,-2,2,-2,-2,-2,-2,-2,-2,-2,-2 
"mexiO","strocc",-2,3,-2,-2,-1,-2,-2,-2,-2,-2,-2,-2,-2,2,-1,-1,3,-2,-2,2,-2,-2,-2,-2,-2,-2,-1,-2,-2,-2,-2,-2,-2,-2,-2,-2,-2,-2,-2,3,-2,-2,-2,-2,2,3,2,3,-2,-2,2,-2,-2,-2,-2,-2,-2,2,-2 
"loweO","sylpal",2,2,-2,-2,2,2,-2,-2,-2,-2,-2,-2,2,-2,-2,-2,-2,2,-2,2,-2,-2,-2,-2,-2,-2,-2,-2,-2,-2,-2,-2,-2,-2,-2,-2,-2,2,-2,-2,-2,2,-2,-2,-2,-2,2,-2,-2,-2,-2,-2,-2,-2,-2,-2,-2,-2,2 
"lanaO","tetrem",2,-2,-2,-2,-2,-2,-2,3,-2,-2,-2,-2,-2,-2,-2,-2,3,-2,-2,2,-2,-2,-2,-2,-2,-2,-2,-2,-2,-2,-2,-2,-2,-2,-2,-2,2,-2,-2,-2,-2,3,2,-2,-2,-2,-2,-2,-2,-2,2,-2,-2,-2,3,-2,2,1,2 
"karsO","texred",2,2,2,2,2,-2,-1,-1,-1,-1,-2,-2,-2,-2,-2,-2,2,-2,-2,-2,-2,3,-2,3,-2,-2,-2,-2,2,-2,-2,-2,-2,-1,-2,-2,-2,2,-2,-2,-2,3,-2,-2,-2,-2,-1,-2,-2,-2,-2,-2,-2,-2,-2,-2,-2,-2,-2 
"coolO","thacoo",0,2,2,2,2,2,0,1,1,1,1,0,1,1,0,0,1,0,0,1,0,0,0,0,0,0,1,0,0,0,0,0,0,0,0,0,0,0,0,0,0,1,0,0,0,0,0,0,0,3,3,3,3,3,3,0,0,0,0 
"pedaO","theste",3,3,0,0,0,0,0,0,0,0,0,0,0,0,0,0,2,0,0,0,3,0,3,3,3,0,0,0,0,0,0,0,0,0,0,0,3,2,0,0,0,1,0,0,2,0,0,0,0,0,0,0,0,0,0,0,1,0,0 
"soccO","thethe",-2,-2,-2,3,-2,-2,-2,-2,-2,-2,-2,-2,-2,-2,-2,-2,0,-2,-2,-2,-2,0,-2,-2,-2,0,3,-2,0,-2,-2,-2,-2,0,-2,-2,0,0,-2,-2,-2,-2,-2,-2,-2,-2,-2,-2,-2,-2,-2,-2,-2,-2,3,-2,3,3,2 
"prfeO","theyau",-2,-2,-2,-2,-2,2,-2,-2,-2,-2,-2,-2,-2,-2,-2,-2,-2,-2,0,-2,-2,-2,-2,-2,-2,-2,-2,-2,-2,-2,-2,-2,-2,-2,-2,-2,-2,-2,-2,-2,-2,-2,-2,-2,-2,-2,-2,-2,-2,-2,-2,-2,-2,-2,-2,-2,-2,-1,-2 
"westR","triman",-2,-1,-2,-2,-2,-1,-2,-2,-2,-2,-2,-2,-2,-2,-2,-2,-2,2,-2,2,-2,-2,2,-2,-2,2,-2,-1,-1,-2,-2,-2,-2,-1,-2,-2,-2,-2,-2,2,-2,-2,-2,-2,-2,2,-2,-2,-2,-2,-2,-2,-2,-1,-2,-2,2,2,2 
"bariO","tritri",-2,3,-2,-2,1,-2,-2,-2,-2,-2,-2,-2,-2,3,-2,-2,-2,-2,-2,-2,-2,-2,-2,-2,-2,-2,-2,-2,-2,-2,-2,-2,-2,-2,-2,-2,-2,-2,-2,-2,-2,-2,-2,-2,-2,-2,-2,-2,-2,-2,-2,-1,-2,-2,-2,-2,-2,-2,-2 
"attwR","tymcup",3,3,-2,-2,3,-2,2,2,-2,-2,-2,-2,-2,-2,-2,2,2,-2,-2,-2,-2,-2,-2,-2,-2,-2,-2,-2,-2,-2,-2,-2,-2,-2,-2,-2,-2,2,2,-2,2,-2,-2,2,2,-2,-2,2,-2,3,-2,-2,-2,-2,2,-2,2,2,-2 
"grizR","ursarc",-2,-2,1,-2,3,-2,-2,-2,-2,-2,-2,-2,-2,2,1,1,3,2,-2,2,-2,-2,-2,-2,-2,-2,-2,-2,-2,-2,-2,-2,-2,2,-2,-2,-2,-2,-2,-2,-2,-2,-2,-2,-2,-2,-2,-2,-2,-2,3,-2,-2,-2,3,3,-2,2,2 
"flscR","warcar",3,3,-2,-2,3,-2,-2,-2,3,-2,-2,-2,-2,-2,-2,-2,-2,-2,-2,2,-2,-2,-2,-2,-2,-2,-2,-2,-2,-2,-2,-2,2,-2,-2,-2,-2,-2,-2,-2,-2,-2,3,-2,-2,-2,-2,-2,-2,3,3,-2,-2,-2,-2,-2,-2,-2,-2 
"cachO","xanriv",-2,-2,-2,-2,-2,2,-2,-2,-2,-2,-2,-2,-2,-2,-2,-2,-2,-2,-2,-2,-2,-2,-2,-2,-2,-2,-2,-2,-2,-2,-2,-2,-2,-2,-2,-2,-2,3,-2,-2,-2,3,-2,-2,3,-2,-2,-2,-2,-2,-2,-2,-2,3,-2,-2,-2,-2,2 
"flscR","zizcel",2,2,-2,-2,2,-2,-2,-2,-2,2,-2,-2,-2,-2,-2,-2,-2,-2,2,-2,-2,-2,-2,-2,-2,-2,-2,-2,-2,-2,-2,-2,2,-2,-2,-2,3,-2,-2,-2,-2,-2,-2,-2,-2,-2,-2,-2,-2,-2,2,-2,2,-2,3,-2,-2,-2,-2 
"edwaR","ziztex",3,-2,-2,-2,-2,-2,-2,3,-2,-2,-2,-2,-2,-2,-2,-2,-2,3,-2,-2,3,3,3,3,-2,-2,-2,2,3,-2,2,-2,2,3,-2,-2,3,-2,-2,-2,-2,-2,-2,-2,-2,-2,-2,-2,-2,-2,-2,-2,-2,-2,-2,-2,3,3,-2 
