"PLAN","SPECIES","173M","174M","175M","176M","177M","178M","179M","180M","181M","182M","183M","184M","185M","186M","187M","188M","189M","190M","191M","192M","193M","194M","195M","196M","197M","198M","199M","200M","201M","202M","203M","204M","205M","206M","207M","208M","209M","210M","211M","212M","213M","214M","215M","216M","217M","218M","219M","220M","221M","222M","223M","224M","225M","226M","227M","228M","229M","230M","231M"
"largO","abrmac",1,1,0,1,1,1,0,0,0,0,0,0,0,0,0,1,0,0,1,1,0,0,0,0,0,0,0,0,0,0,0,0,0,0,0,0,0,0,0,0,0,1,1,0,1,0,0,0,1,1,1,0,1,0,1,0,1,0,0 
"lanaO","abuere",0,0,0,0,0,0,0,0,0,0,0,0,0,0,0,0,1,0,0,0,0,0,0,0,0,0,0,0,0,0,0,0,0,0,0,0,1,1,0,0,0,1,0,0,0,0,0,0,1,0,1,0,0,0,1,0,0,0,0 
"oahpO","abusan",0,0,0,0,0,0,0,0,0,0,0,0,0,0,0,0,1,1,1,1,0,0,0,0,0,0,0,0,0,0,0,0,0,0,0,0,1,1,1,1,1,1,0,0,0,1,0,0,0,0,1,0,0,0,0,0,0,0,0 
"prraO","accstr",0,0,0,0,1,1,0,0,0,0,0,0,0,1,0,0,0,1,1,1,0,0,0,0,0,0,0,0,0,0,0,0,0,0,0,0,0,0,0,0,0,0,0,1,0,1,0,0,0,0,0,0,0,0,1,0,0,1,0 
"oahtO","achlil",0,0,1,0,0,1,1,-2,-2,-2,-2,-2,-2,1,0,0,1,0,1,0,0,0,0,0,0,0,0,0,0,0,0,0,0,0,0,0,0,1,0,1,0,1,0,0,0,0,0,0,0,0,0,0,1,0,0,0,1,0,0 
"nighO","acrlus",1,0,1,0,0,0,0,0,0,0,0,0,1,0,0,0,0,0,0,0,0,0,0,0,1,0,0,0,0,0,0,0,0,1,0,0,0,1,0,0,0,1,0,0,0,0,0,0,0,0,1,0,0,0,0,0,0,0,0 
"sensO","aesvir",1,1,0,0,1,1,0,0,0,0,0,0,1,1,1,0,0,0,0,1,1,1,1,0,1,1,1,0,0,0,0,0,0,1,0,0,1,1,0,0,0,0,0,1,1,0,0,0,0,0,0,0,0,0,0,1,1,0,0 
"dwweO","alahet",1,1,0,0,1,0,1,0,0,0,0,0,0,1,0,0,0,0,1,0,1,0,0,0,0,0,0,1,1,0,0,0,0,1,1,0,1,0,0,0,0,0,0,0,0,0,0,0,0,0,0,0,0,0,1,0,0,0,0 
"maplO","alemac",-2,-2,-2,-2,-2,-2,-2,-2,-2,-2,-2,-2,-2,-2,-2,-2,1,-2,1,-2,-2,-2,-2,-2,-2,-2,-2,-2,-2,-2,-2,-2,-2,-2,-2,-2,1,1,1,0,1,1,0,0,0,0,0,0,1,0,1,0,0,1,1,0,0,1,0 
"kauaO","alslyc",0,0,0,0,0,0,0,0,0,0,0,0,0,0,0,0,0,0,1,1,0,0,0,0,0,0,0,0,0,0,0,0,0,0,0,0,1,1,0,0,0,1,0,0,0,0,-2,0,0,0,0,0,0,0,1,0,1,1,0 
"oahpO","alsobo",0,0,0,0,0,0,0,0,0,0,0,0,0,0,0,0,1,1,1,1,0,0,0,0,0,0,0,0,0,0,0,0,0,0,0,0,1,1,1,1,1,1,0,0,0,0,0,0,0,0,0,0,0,0,0,0,0,0,0 
"kauaO","alsvis",0,0,0,0,0,0,0,0,0,0,0,0,0,0,0,0,1,0,0,0,0,0,0,0,0,0,0,0,0,0,0,0,0,0,0,0,1,1,0,0,0,1,0,0,0,0,0,0,0,0,0,0,0,0,0,0,0,1,0 
"prpaO","amavit",0,0,0,0,0,1,0,0,0,0,0,0,0,1,0,0,0,1,1,1,0,0,0,0,0,0,0,0,0,0,0,0,0,0,0,1,1,1,0,0,1,0,1,1,0,1,1,0,0,0,0,0,0,0,0,0,1,1,0 
"ashmO","ambama",-2,1,-2,-2,1,-2,1,-2,-2,-2,-2,-2,-2,-2,1,-2,-2,-2,-2,-2,-2,1,-2,1,-2,-2,-2,-2,-2,-2,-2,-2,-2,-2,-2,-2,-2,-2,-2,-2,-2,1,-2,-2,-2,-2,-2,-2,-2,-2,-2,1,1,1,-2,-2,-2,1,-2 
"ozarR","ambros",0,1,0,0,0,1,0,0,0,0,0,0,0,0,1,0,0,0,1,1,1,0,0,1,0,0,0,1,1,0,0,0,1,1,0,0,0,0,0,0,0,0,0,0,0,0,1,0,1,0,0,1,0,0,0,0,0,1,0 
"sonoR","antame",0,1,0,0,1,1,0,1,0,0,0,0,0,0,1,0,1,1,0,0,0,1,0,0,0,0,0,0,0,0,0,0,0,0,0,0,1,0,0,0,0,0,0,0,1,0,0,1,0,0,0,0,1,0,0,0,1,0,0 
"antiR","apomor",1,0,0,1,0,1,0,0,1,0,0,0,0,0,1,0,1,0,0,1,0,0,0,0,0,0,0,0,0,0,0,0,0,0,0,0,0,0,0,0,0,0,1,0,0,0,1,0,0,0,0,0,0,0,0,0,0,1,0 
"raveO","archoo",0,0,0,0,0,0,0,0,0,0,0,0,0,0,0,0,0,0,0,0,0,0,0,0,0,0,0,0,0,0,0,0,0,0,0,0,1,0,0,0,0,1,0,0,0,0,0,0,0,0,1,0,0,0,0,0,0,1,0 
"dwbeO","archum",0,1,0,0,1,0,0,0,0,0,0,0,0,0,1,0,0,0,1,1,0,0,0,0,0,0,0,0,0,0,0,0,0,0,0,0,0,0,0,0,0,0,0,0,0,0,0,0,0,0,0,0,0,0,0,0,0,0,0 
"fourO","arcmor",0,1,0,1,1,0,0,0,0,0,0,0,0,0,0,0,0,0,0,0,0,0,0,0,0,0,0,0,0,0,0,0,0,0,0,0,1,0,0,0,0,1,0,0,0,0,0,0,0,0,1,0,0,0,0,0,0,0,0 
"maunO","argsan",0,0,0,0,0,0,0,0,0,0,0,0,0,0,0,0,0,0,0,0,0,0,0,0,0,0,0,0,0,0,0,0,0,0,0,0,0,1,0,0,0,1,0,0,0,0,0,0,0,0,0,0,0,0,1,0,0,0,0 
"anthO","athant",0,0,0,0,0,1,0,0,0,0,0,0,1,1,1,0,0,0,0,0,1,0,0,0,0,1,1,1,1,0,0,0,1,0,0,0,0,0,0,0,0,0,0,0,1,1,0,1,0,0,0,0,0,0,0,0,0,0,0 
"virgR","betube",0,0,0,0,1,-2,0,0,0,0,0,0,-2,0,0,0,1,0,1,1,0,0,0,0,-2,-2,0,0,0,0,0,0,0,0,0,0,0,0,0,0,0,0,0,0,0,0,-2,1,1,1,0,0,0,0,0,0,0,0,0 
"flscR","bongra",1,1,0,0,0,0,0,0,0,1,0,0,1,0,0,0,0,0,1,0,0,0,0,0,0,0,0,0,0,0,0,0,1,0,0,0,1,0,0,0,0,0,0,0,0,0,0,0,0,1,1,0,0,0,0,0,0,0,1 
"aleuR","bracan",0,1,0,0,0,0,0,0,0,0,0,0,0,0,0,0,0,1,0,0,0,0,0,0,0,0,0,0,0,0,0,0,0,0,0,0,0,1,0,1,0,0,0,1,1,0,0,0,0,0,0,0,1,0,0,0,0,0,0 
"cavpO","brasan",1,1,0,1,1,-2,0,0,0,0,0,0,1,0,0,0,1,0,0,-2,0,0,0,0,0,0,1,1,1,0,0,0,1,1,0,-2,0,1,0,0,0,1,0,1,0,0,0,0,0,0,0,1,1,0,1,0,1,1,0 
"kaupO","briins",0,0,0,0,0,1,0,0,0,0,0,0,1,0,0,0,0,0,1,0,0,0,0,0,0,0,0,0,0,0,0,0,0,0,0,0,1,1,1,0,0,1,1,0,0,0,-2,0,1,0,1,0,0,0,1,0,0,1,1 
"palmO","calriv",1,1,1,1,1,0,1,0,1,0,0,0,1,1,1,0,1,0,0,0,0,0,0,0,0,0,0,0,0,0,0,0,0,0,0,0,0,1,0,0,0,0,0,0,0,0,0,0,0,0,1,1,1,0,0,0,0,0,0 
"grayO","canlup",0,0,0,0,0,0,0,0,0,0,0,0,0,0,0,0,0,0,0,0,0,0,0,0,0,0,0,0,0,0,0,0,0,0,0,0,0,0,0,0,0,0,0,0,0,0,1,1,1,0,0,0,0,0,0,0,0,0,0 
"eastR","canlup",-2,-2,-2,1,1,-2,0,0,0,0,0,0,0,1,1,0,1,1,0,0,0,0,0,0,0,0,0,0,0,0,0,0,0,0,0,0,0,0,0,1,0,1,0,0,0,0,1,0,0,0,0,0,0,0,0,0,0,0,0 
"redwR","canruf",0,0,0,0,1,0,0,0,0,0,0,0,0,1,1,0,0,0,0,0,0,0,0,0,0,0,1,0,0,0,0,0,0,0,0,0,0,0,0,0,0,0,0,1,1,0,1,0,0,0,0,0,0,0,0,0,0,0,0 
"ashmO","cennam",1,1,0,0,1,0,0,1,0,0,0,0,0,0,1,0,0,0,0,0,1,1,0,1,0,0,0,0,0,0,0,0,0,0,0,0,1,0,0,0,0,1,1,0,0,0,0,0,0,0,0,1,0,0,0,0,0,1,0 
"cuiuR","chacuj",0,0,0,0,0,0,0,1,0,0,0,0,0,1,0,0,1,0,0,0,1,1,0,0,0,0,0,1,1,0,0,0,0,0,0,0,0,0,0,0,0,0,0,0,1,0,0,0,0,0,0,1,1,0,1,0,1,1,0 
"pineO","chagar",1,1,0,0,0,0,0,1,0,0,0,0,0,0,0,0,0,0,0,0,0,0,0,0,0,0,0,0,0,0,0,0,1,0,0,0,1,0,0,0,0,1,0,0,0,0,0,0,0,1,1,0,0,0,0,0,0,0,0 
"oahpO","charoc",0,0,0,0,0,0,0,0,0,0,0,0,0,0,0,0,0,0,0,0,0,0,0,0,0,0,0,0,0,0,0,0,0,0,0,0,1,-2,-2,-2,-2,1,-2,-2,-2,-2,-2,-2,-2,-2,-2,-2,-2,-2,1,-2,-2,-2,-2 
"flogO","chrflo",0,1,0,0,0,0,0,0,0,0,0,0,1,0,1,0,1,0,0,0,0,0,0,0,0,0,0,0,0,0,0,0,0,0,0,0,0,0,0,0,0,0,0,0,0,0,0,0,0,0,1,0,0,0,0,0,0,0,1 
"nortO","cicdor",1,1,0,0,0,1,0,0,0,0,0,0,0,0,0,0,0,0,0,0,0,0,0,0,0,0,0,0,0,0,0,0,0,0,0,0,0,0,0,0,0,0,0,0,0,0,0,0,0,0,0,0,0,0,0,0,0,0,0 
"maskR","colvir",0,0,1,0,0,0,0,0,0,0,0,0,0,0,0,0,1,0,0,0,0,0,0,0,0,0,0,0,0,0,0,0,0,-2,-2,-2,0,0,0,0,0,1,0,0,0,0,0,0,0,0,0,0,0,0,0,0,1,0,0 
"hawcO","corhaw",0,1,0,0,1,0,0,0,0,0,0,0,0,0,0,0,1,1,0,0,0,0,0,0,0,0,0,0,0,0,0,0,0,0,0,0,1,1,1,0,0,0,0,0,1,0,0,0,1,0,1,0,0,0,0,0,0,0,0 
"amcrR","croacu",0,1,1,0,0,0,0,0,0,0,0,0,0,0,0,0,0,1,0,1,0,0,0,0,0,0,1,0,0,0,0,0,0,1,0,0,0,0,0,0,0,1,0,0,0,0,0,0,0,0,0,0,0,0,0,0,0,0,0 
"newmO","crowil",0,0,0,0,0,1,0,0,0,0,0,0,0,1,1,0,1,0,1,0,0,0,0,0,0,0,0,0,0,0,0,0,0,0,0,0,0,0,0,0,0,0,0,0,1,0,0,1,0,0,0,0,0,0,0,0,0,0,0 
"sccyO","cupabr",1,1,1,0,1,0,0,0,0,0,0,0,1,1,0,1,0,0,1,0,0,0,0,0,0,0,0,0,0,0,0,0,0,0,0,0,1,0,0,0,0,0,0,0,1,0,0,1,0,0,1,0,0,0,1,0,0,1,0 
"moloO","cyaman",1,0,0,0,0,0,0,1,0,0,0,0,0,0,0,0,1,0,1,0,0,0,0,0,0,0,0,0,0,0,0,0,0,0,0,0,0,1,0,0,0,1,0,0,0,0,0,0,0,0,1,0,0,0,1,0,0,1,0 
"biplO","cyashi",0,0,0,0,0,0,0,0,0,0,0,0,0,0,0,0,0,0,0,0,0,0,0,0,0,0,0,0,0,0,0,0,0,0,0,0,0,1,0,0,0,0,0,0,0,0,0,0,0,0,0,0,0,0,1,0,0,1,0 
"fishR","cypfor",0,0,0,0,0,0,-2,1,0,0,0,0,0,0,1,0,1,0,0,0,0,1,0,1,0,0,0,1,0,0,0,0,0,0,0,0,1,1,0,0,0,0,1,1,0,0,0,0,0,0,0,1,1,0,0,0,1,0,0 
"kauaO","cyrcya",0,0,0,0,1,0,0,0,0,0,0,0,0,0,0,0,0,0,0,0,0,0,0,0,0,0,0,0,0,0,0,0,0,0,0,0,1,1,0,0,0,0,0,0,0,0,0,0,0,0,1,0,0,0,1,0,0,1,0 
"biplO","cyrgif",0,0,0,0,0,0,0,0,0,0,0,0,0,0,0,0,0,0,0,0,0,0,0,0,0,0,0,0,0,0,0,0,0,0,0,0,1,1,0,0,0,0,0,0,0,0,0,0,0,0,0,0,0,0,1,0,0,1,0 
"oahpO","cyrvir",0,0,0,0,0,1,0,0,0,0,0,0,0,0,0,0,0,0,1,0,0,0,0,0,0,0,0,0,0,0,0,0,0,0,0,0,1,1,0,0,0,1,0,0,0,0,0,0,0,0,0,0,0,1,1,0,0,0,0 
"kirtR","denkir",0,0,0,0,0,0,0,0,0,0,0,0,0,1,0,0,0,0,0,0,0,0,0,0,0,0,0,0,0,0,0,0,0,1,0,0,0,0,1,0,0,0,0,0,0,0,0,0,0,1,1,0,0,0,0,0,0,0,0 
"flomO","dicchr",-2,1,1,-2,-2,-2,-2,-2,-2,-2,1,-2,-2,-2,-2,-2,-2,-2,-2,-2,-2,-2,-2,-2,-2,-2,-2,-2,-2,-2,-2,-2,-2,-2,-2,-2,1,-2,-2,-2,-2,-2,-2,1,-2,-2,-2,-2,-2,1,1,-2,-2,-2,-2,-2,-2,-2,-2 
"tennR","echten",0,1,1,0,0,-2,0,0,0,0,0,0,1,0,0,0,1,0,1,1,0,0,0,0,0,0,-2,0,0,0,0,0,1,0,0,-2,0,0,0,0,0,0,0,1,1,0,-2,0,0,1,0,0,1,0,0,0,0,0,1 
"tarrR","ellste",0,0,0,0,1,0,1,0,0,0,0,0,0,1,1,0,0,0,0,0,1,0,0,0,0,0,0,1,1,0,0,0,0,1,0,0,1,0,0,0,0,0,0,0,0,0,0,0,0,0,0,1,0,0,0,0,0,1,0 
"cavpO","eryari",1,1,0,1,1,0,0,0,0,0,0,0,1,0,0,0,1,0,0,1,0,0,0,0,0,0,1,1,1,0,0,0,1,1,0,0,1,1,0,0,0,1,0,0,0,0,-2,0,0,0,0,1,0,0,0,0,1,1,0 
"antiR","erycap",1,0,0,1,0,0,0,0,1,0,0,0,0,0,1,0,1,0,0,1,0,0,0,0,0,0,0,0,0,0,0,0,0,0,0,0,1,0,0,0,0,0,0,0,0,0,0,0,0,0,0,0,0,1,0,0,0,0,0 
"flscR","erycun",1,1,0,0,0,0,0,0,0,1,0,0,0,0,0,0,0,0,0,1,0,0,0,0,0,0,0,0,0,0,0,0,1,0,0,-2,1,0,0,0,0,0,0,0,0,0,0,0,0,0,1,0,0,0,0,0,0,0,0 
"seveO","erymen",1,1,0,1,0,0,0,0,0,0,0,0,0,0,0,0,0,0,0,1,0,0,0,0,0,0,0,0,0,0,0,0,0,0,0,0,1,0,0,0,0,1,0,0,0,0,0,1,0,1,0,0,0,0,0,0,0,0,0 
"threO","eryter",-1,1,-1,-1,-1,-1,-1,-1,-1,-1,-1,-1,1,0,0,0,0,0,0,1,0,0,0,0,0,0,0,0,0,0,0,0,0,0,0,0,0,0,0,0,0,0,0,0,0,0,0,0,0,1,1,0,1,0,0,0,0,0,0 
"slacO","ethbos",1,1,1,1,0,0,0,1,0,0,0,1,0,0,0,0,0,0,0,0,0,0,1,0,0,0,0,0,1,0,0,0,1,1,0,0,0,0,0,0,0,-2,0,1,0,0,0,0,0,0,0,0,0,0,0,0,0,0,0 
"edwaR","ethfon",0,1,0,0,0,-2,0,0,0,0,0,0,-2,0,0,0,0,0,0,1,1,0,1,1,0,0,1,1,1,0,0,0,0,0,0,-2,1,1,0,0,0,1,-2,0,0,0,0,0,1,0,0,1,0,-2,0,0,0,1,-2 
"wateR","ethnuc",1,1,0,0,1,0,0,0,0,1,0,0,0,0,0,0,0,0,0,0,1,1,0,1,0,0,0,0,1,0,0,0,0,1,0,0,0,0,0,0,0,1,0,1,0,0,0,0,0,0,0,1,0,1,0,0,0,1,0 
"okalO","ethoka",0,0,0,0,1,-2,0,0,0,0,0,0,-2,0,0,0,0,0,0,-2,1,0,0,0,0,0,-2,0,0,0,0,0,0,0,0,-2,0,0,0,0,0,0,-2,0,0,0,0,0,-2,0,0,1,0,-2,0,0,1,0,-2 
"bayoR","ethrub",1,0,0,0,0,0,1,0,0,0,0,0,0,0,1,1,0,0,0,0,0,0,0,0,0,1,0,0,0,0,0,0,0,1,0,0,0,0,0,0,0,0,0,0,0,0,0,0,0,0,0,0,0,0,0,0,0,0,0 
"maryR","ethsel",0,0,0,0,0,1,0,0,0,0,0,0,1,0,0,0,0,0,0,0,1,0,0,0,0,0,1,1,1,0,0,0,1,1,0,1,0,0,0,0,0,0,0,0,0,0,0,0,0,0,0,0,0,0,0,0,0,0,0 
"elseO","eupbat",1,1,0,1,1,0,0,0,0,0,0,0,0,0,0,0,0,0,1,0,0,0,0,0,0,0,0,0,0,0,0,0,0,0,0,0,0,0,0,0,0,1,1,0,0,1,1,0,0,0,0,0,0,0,0,0,0,0,1 
"edwaR","eurnan",0,0,0,1,0,0,0,0,0,0,0,0,0,0,0,0,0,0,0,0,0,1,1,1,1,0,0,0,0,0,0,0,0,1,0,0,1,1,0,0,0,1,0,0,1,0,0,0,0,0,0,0,0,0,0,0,1,0,0 
"pereO","falper",0,1,1,0,0,-2,0,0,0,0,0,0,-2,0,0,0,0,1,1,-2,0,0,0,0,0,0,-2,0,0,0,0,0,0,0,0,1,0,0,0,0,0,0,-2,0,1,0,0,1,-2,0,0,0,0,-2,0,0,0,0,-2 
"ampeO","falper",0,0,1,1,1,-2,0,0,0,0,0,0,0,0,0,0,0,1,1,1,0,0,0,0,0,0,0,0,0,0,0,0,0,1,0,-2,-2,-2,-2,-2,-2,-2,-2,1,1,1,-2,-2,-2,-2,-2,-2,-2,-2,-2,1,-2,-2,-2 
"hawwR","fulame",0,0,-2,-2,-2,-2,-2,-2,-2,-2,-2,0,-2,-2,-2,-2,-2,0,-2,-2,-2,-2,-2,-2,0,-2,-2,-2,-2,-2,-2,-2,-2,1,-2,-2,1,1,-2,-2,-2,-2,-2,-2,1,-2,-2,-2,-2,-2,-2,1,0,-2,-2,-2,-2,-2,-2 
"lanaO","gahlan",1,0,0,0,1,0,0,0,0,0,0,0,0,0,0,0,0,0,0,0,0,0,0,0,0,0,0,0,0,0,0,0,0,0,0,0,1,1,0,0,0,1,0,0,0,0,0,0,0,0,0,0,0,0,0,0,0,0,0 
"hawwR","galchl",1,1,0,1,1,0,0,1,0,0,0,0,0,0,0,0,0,1,0,0,0,0,0,0,0,0,1,0,1,0,0,0,0,0,0,0,0,1,0,0,0,1,0,0,0,0,0,0,0,0,0,0,0,1,0,0,0,0,0 
"edwaR","gamgeo",0,1,0,0,0,0,0,0,0,0,0,0,0,0,0,0,0,0,0,1,1,0,1,1,0,0,0,1,1,0,0,0,0,1,0,0,1,1,0,0,0,1,-2,1,0,0,0,0,1,0,0,1,0,-2,0,0,1,0,-2 
"hawgO","garbri",0,1,0,0,0,-2,0,0,0,0,0,0,1,0,0,0,1,0,1,-2,0,0,0,0,0,0,-2,0,0,0,0,0,0,0,0,-2,1,1,1,0,1,1,-2,0,0,0,0,0,-2,0,1,0,0,-2,1,1,1,0,-2 
"unarR","gasacu",-2,1,-2,-2,-2,-2,-2,1,-2,-2,-2,-2,-2,-2,-2,-2,1,-2,-2,1,1,-2,-2,-2,-2,-2,1,1,1,-2,-2,-2,-2,1,-2,-2,1,1,-2,-2,-2,-2,-2,-2,1,-2,-2,-2,-2,-2,-2,-2,-2,-2,1,-2,-2,-2,-2 
"maplO","gerarb",0,0,0,0,0,0,0,0,0,0,0,0,0,0,0,0,0,0,1,0,0,0,0,0,0,0,0,0,0,0,0,0,0,0,0,0,1,1,0,0,0,1,1,0,0,0,0,0,1,0,1,0,0,0,1,0,0,1,0 
"humpR","gilcyp",0,0,0,1,0,0,0,0,0,0,0,0,0,0,0,0,0,1,0,0,1,1,1,0,0,0,0,1,0,0,0,0,0,1,0,0,1,1,1,0,0,0,0,0,0,0,0,0,1,0,0,1,0,0,1,0,0,1,0 
"bonyR","gilele",-2,-2,-2,-2,-2,-2,-2,-2,-2,-2,-2,-2,-2,-2,1,-2,1,-2,-2,-2,1,1,-2,1,-2,-2,1,-2,1,-2,-2,-2,-2,-2,-2,-2,0,0,-2,-2,-2,-2,1,-2,-2,-2,-2,-2,1,-2,-2,1,1,1,-2,-2,-2,-2,-2 
"chihO","gilnig",0,0,0,0,0,0,0,0,0,0,0,0,1,0,0,0,0,0,0,1,1,1,1,0,0,0,1,0,0,0,0,0,0,0,0,0,0,1,0,0,0,0,0,0,0,0,0,0,0,0,0,1,0,0,0,0,1,0,0 
"fishR","gilpur",0,0,0,0,0,0,0,1,0,0,0,0,0,0,0,0,1,0,0,0,0,1,0,1,0,0,0,0,0,0,0,0,0,0,0,0,1,1,0,0,0,1,0,0,0,0,0,0,0,0,0,1,1,1,0,0,1,0,0 
"whooR","gruame",1,1,1,1,0,1,1,0,0,0,0,0,0,-2,-2,1,-2,1,1,-2,-2,-2,-2,-2,-2,1,-2,1,-2,-2,-2,-2,-2,1,-2,-2,0,0,0,0,0,0,0,-2,1,-2,-2,1,-2,0,0,0,0,0,-2,-2,1,-2,1 
"missR","grucan",1,1,1,1,1,-2,1,-2,1,-2,1,-2,-2,1,0,0,0,1,0,0,0,0,0,0,0,0,0,0,0,0,0,0,0,1,0,0,0,1,0,0,0,0,0,0,1,1,0,1,0,1,1,1,1,0,1,0,1,1,0 
"cacoR","gymcal",0,0,0,0,0,0,0,0,0,0,0,0,0,0,0,0,0,0,1,1,0,0,0,0,0,0,0,0,0,0,0,0,0,1,0,1,0,0,0,0,0,0,0,0,1,0,0,0,0,0,0,0,1,0,1,0,0,0,1 
"gnomO","gymlin",1,0,0,0,1,0,0,0,0,0,0,0,0,1,0,0,0,0,1,0,0,0,0,0,0,0,0,0,0,0,0,0,0,0,1,0,0,0,0,0,0,1,1,0,0,0,0,0,0,0,0,1,0,0,0,0,0,1,1 
"todsO","hedtod",0,0,0,1,1,1,0,0,0,0,0,0,0,0,0,0,0,0,0,0,0,0,0,0,0,0,0,0,0,0,0,0,0,0,0,0,0,1,0,0,0,1,1,0,0,0,0,0,1,0,0,0,0,1,0,0,0,0,1 
"oahpO","hesarb",0,0,0,0,0,0,0,0,0,0,0,0,0,0,0,0,1,0,0,0,0,0,0,0,0,0,0,0,0,0,0,0,0,0,0,0,1,0,0,0,0,0,1,0,0,0,0,0,0,0,1,0,0,0,0,0,0,1,1 
"moloO","hibarn",1,0,0,0,0,0,1,0,0,0,0,0,0,0,0,0,1,0,1,0,0,0,0,0,0,0,0,0,0,0,0,0,0,0,0,0,0,0,0,0,0,0,1,0,0,0,0,0,0,0,1,0,0,0,1,0,0,1,0 
"kaupO","hibcla",0,0,0,0,0,0,0,0,0,0,0,0,0,0,0,0,0,0,0,0,0,0,0,0,0,0,0,0,0,0,0,0,0,0,0,0,1,1,0,1,0,0,0,0,0,0,0,0,0,0,1,0,0,0,0,0,0,0,0 
"kauaO","hibwoo",0,0,0,0,0,0,0,0,0,0,0,0,0,0,0,0,0,0,1,0,0,0,0,0,0,0,0,0,0,0,0,0,0,0,0,0,1,1,1,0,0,1,0,0,-2,1,-2,0,0,0,1,0,1,0,1,0,0,1,0 
"hawwR","himmex",1,1,0,1,1,1,0,1,0,0,0,1,0,0,0,0,0,1,0,0,0,1,0,0,1,0,0,0,0,0,0,0,0,1,0,0,0,1,0,0,0,1,0,0,0,0,0,0,0,0,0,1,1,0,0,0,0,0,0 
"flscO","hypcum",1,1,0,0,1,0,0,0,0,1,0,0,0,0,0,0,1,0,0,0,0,0,0,0,0,0,0,0,0,0,0,0,0,0,0,0,0,0,0,0,0,1,0,0,0,0,0,0,0,1,1,0,1,0,0,0,0,0,0 
"smalR","isomed",1,1,0,1,1,0,0,0,0,0,0,0,0,0,0,0,0,0,1,0,0,0,0,0,0,0,0,0,0,0,0,0,0,0,0,0,0,0,0,0,0,0,0,1,1,0,0,0,0,1,0,0,0,0,0,0,0,0,0 
"beacO","jacrec",1,1,0,0,1,1,0,0,0,0,0,0,0,0,0,0,0,0,0,1,0,0,0,0,0,0,0,0,0,0,0,0,0,1,0,0,1,0,0,0,0,1,0,0,0,0,0,0,0,1,1,1,0,0,0,0,1,1,0 
"oahpO","labcyr",0,0,0,0,0,0,0,0,0,0,0,0,0,0,0,0,0,0,0,0,0,0,0,0,0,0,0,0,0,0,0,0,0,0,0,0,1,1,0,0,0,1,0,0,0,0,0,0,0,0,1,0,0,0,1,0,0,1,0 
"pinkO","lamabr",0,0,0,0,1,1,0,0,0,0,0,0,1,1,1,0,0,1,0,1,1,0,0,0,0,1,0,1,1,0,0,0,1,0,0,1,0,0,0,0,0,0,0,0,0,0,0,0,1,0,0,0,0,1,0,0,0,0,0 
"snakO","lanxsp",0,0,0,1,0,0,0,1,0,0,0,1,1,0,0,0,0,0,0,0,1,1,0,1,0,0,1,1,1,0,0,0,0,1,0,0,1,0,0,0,0,0,0,0,0,0,0,0,0,0,0,0,0,0,0,0,1,0,0 
"caroO","lasdec",0,1,0,0,1,1,0,0,0,0,0,0,1,0,1,0,0,0,0,1,1,0,0,0,0,1,0,1,1,0,0,0,0,1,0,0,1,0,0,0,0,0,0,0,0,0,0,0,0,0,0,0,0,-2,0,0,0,1,0 
"praiO","leslep",1,0,1,0,1,0,1,0,0,0,0,0,0,0,0,0,1,0,0,0,0,0,0,0,0,0,0,0,0,0,0,0,0,1,0,0,0,1,0,0,0,0,0,1,1,0,0,0,0,1,1,0,1,0,0,0,0,0,0 
"flscR","liaohl",1,1,0,1,1,-2,0,0,0,1,0,0,-2,0,0,0,1,0,0,-2,0,0,0,0,0,0,-2,0,0,0,0,0,1,1,0,-2,0,0,0,0,0,0,1,0,0,0,0,0,-2,0,1,0,0,-2,1,0,0,0,1 
"kaupO","lipfau",0,0,0,0,0,0,0,0,0,0,0,0,0,0,0,0,1,0,0,0,0,0,0,0,0,0,0,0,0,0,0,0,0,0,0,0,1,1,0,1,0,0,0,0,0,0,0,0,0,0,1,0,0,0,0,0,0,0,0 
"oahpO","loboah",0,0,0,0,0,0,0,0,0,0,0,0,0,0,0,0,1,0,1,0,0,0,0,0,0,0,0,0,0,0,0,0,0,0,0,0,1,1,0,0,0,1,0,0,0,0,0,0,0,0,0,0,0,0,1,0,0,1,1 
"flscR","lupari",1,1,1,0,1,0,0,0,0,1,0,0,0,0,0,0,-2,0,0,1,0,0,0,0,0,0,0,0,0,0,0,0,0,0,0,0,1,0,0,0,0,0,0,0,0,0,0,1,0,0,0,0,0,0,0,0,0,0,0 
"lotiO","lycarg",0,0,0,1,0,-2,0,0,0,0,0,0,0,1,0,0,0,0,1,-2,0,-2,0,0,0,0,-2,0,0,0,0,0,0,0,0,-2,0,0,0,0,0,0,-2,0,0,0,0,0,0,1,1,0,0,-2,0,1,1,0,1 
"roleO","lysasp",1,1,0,0,1,0,0,0,0,0,1,0,1,1,0,0,0,0,0,0,0,0,0,0,0,0,0,0,0,0,0,0,0,0,0,0,0,0,0,0,0,0,0,0,0,0,0,0,0,0,1,1,0,1,0,0,0,0,1 
"apalO","macalb",0,0,0,0,0,0,0,0,0,0,1,0,1,1,0,0,0,0,1,0,0,0,0,0,0,0,1,0,0,0,0,0,0,1,0,0,0,0,0,0,0,1,0,0,0,0,0,0,0,0,1,0,1,0,0,0,0,0,0 
"mohrO","marmoh",0,0,0,1,1,0,1,0,0,0,1,0,0,0,0,0,0,0,0,0,0,0,0,0,0,0,0,0,0,0,0,0,0,0,0,0,1,0,0,0,0,0,0,0,0,0,0,0,0,1,1,1,1,0,0,0,0,0,1 
"kaupO","melpal",0,0,0,0,0,0,0,0,0,0,0,0,0,0,0,0,0,0,0,0,0,0,0,0,0,0,0,0,0,0,0,0,0,0,0,0,1,0,0,0,0,1,0,0,1,0,0,0,0,0,1,0,0,0,1,0,0,1,0 
"oahpO","melsai",0,0,0,0,0,0,0,0,0,0,0,0,0,0,0,0,0,0,0,1,0,0,0,0,0,0,-2,0,0,0,0,0,0,0,0,0,1,1,0,0,0,1,0,0,0,0,0,0,0,0,1,0,0,0,1,0,0,1,1 
"armaO","miccal",1,1,1,1,1,-2,0,0,0,0,0,0,-2,0,0,0,1,0,0,-2,0,0,0,1,1,0,-2,0,0,0,0,0,0,0,0,-2,1,1,0,0,0,1,-2,0,0,0,0,0,-2,0,1,1,1,-2,0,0,1,0,-2 
"hualO","micmex",0,0,0,0,1,1,0,0,0,0,0,0,0,0,1,0,1,0,0,1,0,0,0,0,0,0,1,0,0,0,0,0,0,0,0,0,1,1,0,0,0,1,0,0,1,0,-2,0,0,0,1,1,0,1,1,1,1,0,1 
"blacR","musnig",0,0,0,0,0,0,0,1,0,0,0,0,0,0,0,0,0,0,0,0,0,0,0,0,0,0,0,0,0,0,0,0,0,1,0,0,0,0,0,1,0,0,0,0,0,0,1,0,0,0,0,0,0,0,1,0,0,1,0 
"kaufO","myapal",0,1,0,0,1,0,0,0,0,0,0,-2,1,0,-2,-2,1,1,1,0,1,0,0,0,0,-2,0,0,0,0,0,0,0,0,0,0,1,1,0,1,1,1,0,1,0,0,0,0,0,0,1,0,0,1,1,0,0,0,1 
"woodO","mycame",0,0,0,0,0,0,0,0,0,0,0,0,0,0,0,0,0,0,0,0,1,0,1,0,1,1,0,0,0,0,0,0,0,1,0,0,0,0,0,0,0,0,0,0,1,0,0,0,0,0,1,1,0,1,0,0,0,0,0 
"indiR","myosod",0,0,0,0,0,1,0,1,0,0,0,0,0,1,1,0,0,0,1,0,0,1,0,0,0,0,0,0,0,0,0,0,0,1,0,0,0,0,0,0,0,0,0,0,0,0,1,0,0,0,0,0,0,1,0,1,1,1,0 
"oahpO","nothum",-2,-2,-2,-2,-2,1,-2,-2,-2,-2,-2,-2,-2,-2,-2,-2,1,-2,-2,-2,-2,-2,-2,-2,-2,-2,-2,-2,-2,-2,-2,-2,-2,-2,-2,-2,1,1,-2,-2,-2,1,-2,-2,-2,-2,-2,-2,-2,-2,1,-2,-2,-2,-2,-2,-2,0,-2 
"capeO","notmek",0,0,0,1,1,1,0,0,0,0,0,0,0,0,0,0,0,0,0,0,1,0,1,0,0,0,0,1,1,0,0,0,0,0,0,1,0,1,0,0,0,0,0,0,0,0,0,0,0,-2,-2,1,0,0,0,0,0,1,0 
"neosO","notpla",0,0,0,0,0,0,0,0,0,0,0,0,0,0,0,0,0,0,0,1,1,1,0,0,0,0,0,1,1,0,0,0,0,1,0,0,0,0,0,0,0,0,0,1,0,0,0,0,0,0,0,1,0,0,0,0,1,0,0 
"ringO","oboret",0,0,0,0,0,-2,0,0,0,0,0,0,-2,0,0,1,0,1,0,-2,1,0,0,0,0,1,-2,1,0,0,0,0,0,0,0,-2,1,0,0,0,0,0,-2,0,0,0,0,0,0,0,0,1,0,-2,0,0,0,0,-2 
"keydR","odvicl",1,1,0,0,1,1,0,0,0,0,0,0,0,0,0,0,0,1,0,0,0,0,0,1,0,0,1,0,0,0,0,0,0,0,0,0,0,1,0,0,0,0,0,0,0,0,0,0,0,0,0,0,0,0,0,0,0,0,0 
"coluR","odvile",1,1,1,0,1,0,0,0,0,0,0,0,1,1,0,0,1,1,0,0,0,0,0,0,1,0,0,0,0,0,0,0,0,0,0,0,1,1,0,0,0,0,0,1,1,1,0,1,1,1,1,1,1,0,1,0,1,0,0 
"antiR","oendel",0,0,0,1,0,0,0,0,0,0,0,0,0,0,0,0,0,0,0,1,0,0,0,0,0,0,0,0,0,0,0,0,0,0,0,0,1,0,0,0,0,1,0,0,0,0,0,0,1,0,0,0,0,1,0,0,0,0,1 
"arizR","oncapa",0,0,0,0,1,0,0,0,0,0,1,0,0,1,1,0,1,1,0,0,0,0,0,0,0,0,1,0,1,0,0,0,0,1,0,0,1,1,0,0,0,0,1,0,0,0,0,0,0,1,1,1,1,1,1,0,0,0,0 
"grcuR","onccla",0,0,0,0,0,-2,0,0,0,0,1,0,-2,1,1,0,1,1,0,-2,0,1,0,0,0,0,-2,0,0,0,0,0,0,0,0,-2,1,0,0,0,0,1,1,0,0,0,0,0,-2,0,0,0,0,-2,0,0,0,0,-2 
"gilaR","oncgil",0,0,0,0,0,-2,0,0,0,0,0,0,-2,0,0,0,1,0,0,-2,0,0,0,0,0,0,-2,-1,-1,-1,-1,0,0,0,0,-2,1,0,0,0,0,1,1,0,0,0,0,0,-2,-2,0,0,0,-2,0,0,1,1,-2 
"nashR","orcsho",1,1,0,0,1,0,1,0,0,0,0,0,0,0,0,0,0,0,0,0,1,0,0,0,0,0,1,0,0,0,0,0,0,1,0,0,0,0,0,0,0,0,0,1,0,0,0,0,0,0,0,0,0,0,0,0,0,1,0 
"flscR","parcha",1,1,1,0,1,-2,0,0,0,1,0,0,0,-2,-2,-2,-2,-2,-2,-2,-2,-2,-2,-2,-2,-2,-2,-2,-2,-2,-2,-2,1,-2,-2,-2,1,0,0,0,0,0,-2,1,0,0,0,0,-2,1,1,0,0,0,0,0,0,0,1 
"mamoO","parfla",0,0,0,0,0,-2,0,0,0,0,0,0,1,0,0,0,1,0,0,-2,0,0,0,0,0,0,-2,0,0,0,0,0,0,0,0,-2,1,1,0,1,1,1,-2,0,0,0,0,0,-2,0,1,0,1,-2,0,0,0,0,-2 
"bradO","pedbra",0,0,0,1,1,0,0,0,0,0,0,0,0,0,1,0,1,0,1,1,0,0,0,0,0,0,0,0,0,0,0,0,0,0,0,0,0,0,0,0,0,0,0,0,0,0,0,0,0,0,0,0,0,1,1,0,1,0,1 
"furbR","pedfur",1,1,1,1,0,0,0,0,0,0,0,0,1,1,0,0,0,0,1,0,1,0,0,0,0,0,0,0,0,0,0,0,0,0,0,0,0,0,0,0,0,0,0,0,0,0,0,0,-2,1,0,1,0,0,0,0,1,0,1 
"prcrO","pellem",1,0,0,0,0,-2,0,1,0,0,0,0,-2,0,0,0,1,0,0,1,0,0,0,0,0,0,-2,0,0,0,0,0,1,0,0,0,0,0,0,0,0,0,-2,1,1,0,0,0,-2,0,0,0,0,1,0,0,1,0,-2 
"anasO","perpol",1,1,0,0,0,0,0,0,0,0,0,0,0,0,0,0,0,0,0,1,0,0,0,0,0,0,0,0,0,0,0,0,1,0,0,0,0,0,0,0,0,0,0,0,0,0,0,0,0,0,0,0,0,0,0,0,0,0,0 
"snaiR","pertan",0,0,0,0,0,1,0,1,0,0,0,0,0,1,1,0,0,0,0,0,1,0,1,0,0,1,0,1,1,0,0,0,0,1,0,0,0,0,0,0,0,0,0,0,0,0,0,0,0,0,0,1,0,0,0,0,0,0,0 
"lanaO","phygla",1,0,0,0,0,0,0,1,0,0,0,0,0,0,0,0,1,0,0,1,0,0,0,0,0,0,0,0,0,0,0,0,0,0,0,0,1,0,0,1,0,1,1,0,0,0,0,0,1,0,1,0,0,0,1,0,1,1,0 
"biadO","phyrac",0,0,0,0,0,0,0,0,0,0,0,0,0,1,0,0,0,0,0,0,0,0,0,0,0,0,0,0,0,0,0,0,0,0,0,0,1,0,0,0,0,1,0,0,0,0,0,0,0,0,0,0,0,1,0,0,0,0,0 
"redcR","picbor",0,0,0,0,0,0,0,0,0,0,1,0,0,1,0,0,0,0,0,1,0,0,0,0,0,0,0,0,0,0,0,0,0,0,0,0,0,0,0,0,0,0,0,1,0,0,0,0,0,1,0,0,0,1,1,0,0,1,0 
"ropiO","pleple",1,0,0,1,1,0,0,0,0,0,0,0,1,1,1,1,0,1,0,0,1,0,1,0,0,1,0,1,1,0,0,-2,-2,1,0,0,0,0,0,0,0,0,0,0,0,0,0,0,0,0,0,1,1,0,0,0,0,0,0 
"shenO","pleshe",0,0,0,0,0,1,0,0,0,0,0,0,0,0,0,0,0,0,0,1,0,0,0,0,0,0,0,0,0,0,1,0,0,1,1,0,0,0,0,0,0,1,0,1,0,0,0,0,0,1,0,0,0,0,0,0,0,0,0 
"fishR","poeocc",0,0,0,0,0,-2,0,0,0,0,0,0,-2,0,1,0,1,0,0,-2,0,1,0,1,0,0,-2,0,0,0,0,0,0,0,0,-2,0,1,0,0,0,0,-2,0,0,0,0,0,-2,0,0,1,0,-2,0,0,0,0,-2 
"cavpO","pognud",1,1,0,1,1,0,0,0,0,0,0,0,1,0,0,0,1,0,0,1,0,0,0,0,0,0,1,0,0,0,0,0,1,0,0,1,1,0,0,0,0,1,0,1,0,0,0,0,0,0,1,1,1,0,1,0,1,1,0 
"flscR","polbas",1,1,0,0,1,1,0,0,0,1,0,0,0,0,0,0,0,0,0,1,0,0,0,0,0,0,0,0,0,0,0,0,1,0,0,0,1,0,0,0,0,0,0,0,0,0,0,0,0,0,1,0,1,0,0,0,0,0,0 
"fatpR","potcap",0,0,0,0,0,0,0,0,0,0,0,0,1,0,0,0,0,0,0,0,0,1,1,0,0,1,0,1,0,0,0,0,0,0,0,0,0,0,0,0,0,0,0,0,0,0,0,0,0,0,0,0,0,1,0,0,0,0,0 
"littO","potcly",0,0,0,0,0,0,0,0,0,0,0,0,0,0,0,0,0,0,0,0,1,1,1,0,0,0,0,0,1,0,0,0,0,0,0,0,0,0,0,0,0,0,0,1,1,0,-2,1,0,0,0,1,0,1,0,0,1,0,0 
"flscR","prugen",1,1,0,0,1,1,0,0,1,0,0,0,0,0,0,0,0,0,1,1,0,0,0,0,0,0,0,0,0,0,0,0,1,0,0,0,0,0,0,0,0,1,0,0,0,0,0,0,0,0,1,0,1,0,0,0,0,0,0 
"guamO","ptemar",0,1,0,0,0,0,1,0,0,0,0,0,0,0,0,0,0,0,1,0,0,0,0,0,0,0,0,0,0,0,0,0,0,0,0,0,1,1,-2,0,0,0,0,0,0,0,0,0,0,0,0,0,1,0,0,0,1,0,0 
"harpO","ptinod",0,0,1,0,0,0,1,0,0,0,-1,0,0,1,1,0,0,0,0,0,1,0,0,0,0,0,1,1,1,0,0,0,0,1,0,0,1,0,0,0,0,0,0,0,1,0,0,0,1,0,0,1,0,0,0,1,1,1,0 
"coloR","ptyluc",0,0,0,0,0,0,0,0,0,0,0,0,0,0,0,0,0,1,0,1,1,1,0,0,0,0,0,0,0,0,0,0,0,0,0,0,1,0,0,0,0,0,1,0,0,0,0,0,0,0,0,1,0,0,0,0,0,0,0 
"flopR","pumcon",1,1,1,1,1,-2,0,0,0,0,0,0,1,0,1,0,0,1,0,0,0,0,0,0,0,0,1,0,0,0,0,0,0,0,0,0,0,0,0,0,0,0,0,0,0,1,1,1,0,0,0,0,0,0,1,0,0,0,1 
"alamO","pyrneo",0,0,0,0,0,0,0,0,0,0,0,0,0,0,0,0,1,0,0,0,0,1,0,1,0,0,0,1,1,0,0,0,0,0,0,0,1,1,0,0,0,0,0,0,1,0,0,0,0,0,0,1,0,0,0,0,0,1,1 
"tombO","quasta",0,0,0,0,0,1,0,0,0,0,0,0,0,0,0,0,0,0,0,0,1,0,1,0,0,1,1,0,1,0,0,0,0,1,0,0,0,0,0,0,0,0,0,0,0,0,0,0,1,0,0,0,0,0,0,0,0,1,1 
"saltO","raloob",1,0,0,0,0,1,0,1,0,0,0,0,0,0,0,0,0,1,0,0,0,0,0,0,1,0,1,1,1,0,0,0,0,1,0,1,0,0,0,0,0,1,0,0,0,0,0,0,0,0,0,1,1,0,0,0,1,0,1 
"yumaO","raloyu",0,0,0,0,0,0,0,0,0,0,0,0,0,0,0,0,0,0,0,0,1,1,1,0,1,1,0,0,0,0,0,0,0,1,0,0,0,0,0,0,0,1,0,0,1,0,1,0,0,1,0,1,0,0,0,0,1,0,0 
"selkR","rantar",0,0,0,0,1,-2,0,0,0,0,1,0,-2,1,0,0,0,1,0,-2,0,0,0,0,0,0,-2,0,0,0,0,0,0,0,0,-2,0,0,0,0,0,0,-2,0,1,0,0,0,1,0,0,0,1,-2,0,0,0,0,-2 
"kendO","rhiosc",0,0,0,0,1,-2,0,0,0,0,0,0,-2,0,0,0,1,0,1,-2,1,0,0,0,0,0,-2,0,0,0,0,0,0,0,0,1,0,0,0,0,0,0,-2,0,0,0,0,0,-2,-2,0,0,0,-2,0,0,0,0,-2 
"chapO","rhocha",0,0,0,0,0,1,0,0,0,0,1,0,-2,0,0,0,0,0,1,-2,0,0,0,0,0,0,-2,0,0,0,0,0,0,0,0,-2,0,0,0,0,0,1,-2,0,0,0,0,0,-2,1,1,1,0,-2,0,0,0,0,-2 
"everR","rossoc",0,1,0,0,0,0,0,0,0,0,0,0,1,0,0,0,0,1,0,1,0,0,0,0,0,0,1,0,1,0,1,0,0,1,0,0,0,0,0,0,0,1,0,0,0,0,1,0,0,0,0,1,0,0,1,0,1,0,0 
"grpiR","sarore",1,0,1,1,1,-2,-1,-1,-1,-1,1,0,0,0,0,0,1,0,1,0,0,-1,1,-2,0,0,0,0,0,-2,0,0,0,1,0,0,0,0,0,0,0,1,0,0,0,0,0,0,0,0,1,1,1,0,0,0,0,0,0 
"pallO","scaalb",0,0,0,0,0,0,0,0,0,0,0,0,0,0,0,0,0,1,0,0,1,0,1,0,0,0,0,1,1,0,0,0,0,0,0,0,0,0,0,0,0,0,0,1,1,0,1,0,0,0,0,1,0,0,0,0,0,0,1 
"maplO","schhal",0,0,0,0,0,0,0,0,0,0,0,0,0,0,0,0,1,0,0,0,0,0,0,0,0,0,0,0,0,0,0,0,0,0,0,0,0,1,0,0,0,0,1,0,0,0,0,0,0,0,1,0,0,0,1,0,0,1,0 
"oahpO","schkaa",0,0,0,0,0,0,0,0,0,0,0,0,0,0,0,0,1,0,0,0,0,0,0,0,0,0,0,0,0,0,0,0,0,0,0,0,1,1,0,0,0,1,1,0,0,0,0,0,0,0,1,0,0,0,1,0,0,1,0 
"oahpO","schkea",0,0,0,0,0,0,0,0,0,0,0,0,0,0,0,0,0,0,0,0,0,0,0,0,0,0,0,0,0,0,0,0,0,0,0,0,1,1,0,0,0,0,0,0,0,0,-2,0,1,0,1,0,0,0,1,0,0,1,0 
"kaupO","schspe",-2,-2,-2,-2,-2,-2,-2,-2,-2,-2,-2,-2,-2,-2,-2,-2,1,-2,-2,-2,-2,-2,-2,-2,-2,-2,-2,-2,-2,-2,-2,-2,-2,-2,-2,-2,1,-2,-2,-2,-2,-2,-2,-2,-2,-2,-2,-2,-2,-2,0,-2,-2,-2,-2,-2,-2,-2,-2 
"delmR","scinig",1,1,0,0,1,0,1,0,0,0,0,0,1,1,0,0,0,1,0,0,0,0,0,0,0,0,0,0,0,0,0,0,0,0,0,0,1,1,0,0,0,0,0,1,1,1,0,0,0,1,0,0,1,0,0,0,0,0,1 
"enruO","soldry",0,1,1,1,1,0,1,0,0,0,0,0,1,1,0,0,1,0,0,1,0,0,0,0,0,0,0,0,0,0,0,0,0,0,0,0,0,0,0,0,0,0,0,0,-2,0,-2,0,0,1,0,0,1,0,0,0,0,0,0 
"hougO","solhou",0,1,0,0,1,0,0,0,0,0,0,0,0,0,0,0,0,0,0,1,0,0,0,0,0,0,0,0,0,0,0,0,0,0,0,0,0,0,0,0,0,0,0,0,0,0,0,0,0,0,0,1,0,1,0,0,0,0,0 
"alabR","spepou",0,0,0,0,0,0,0,0,0,0,0,0,0,0,0,0,0,0,0,0,0,0,0,0,0,0,0,0,0,0,0,0,0,0,0,0,0,0,0,0,0,0,0,0,0,0,0,0,0,0,0,0,0,0,0,0,0,0,0 
"caleO","steant",0,1,0,0,0,0,0,0,0,0,0,0,0,0,0,0,0,0,0,1,0,0,0,0,1,0,0,0,1,0,0,0,0,0,0,0,0,1,0,0,0,0,0,0,1,0,0,0,1,0,0,1,0,0,0,0,1,0,0 
"kaupO","stecam",-2,-2,-2,-2,-2,-2,-2,-2,-2,-2,-2,-2,-2,-2,-2,-2,1,-2,1,-2,-2,-2,-2,-2,-2,-2,-2,-2,-2,-2,-2,-2,-2,-2,-2,-2,1,-2,-2,-2,-2,-2,-2,-2,-2,-2,-2,-2,-2,-2,0,-2,-2,-2,-2,-2,-2,-2,-2 
"mexiO","strocc",0,1,0,0,1,0,0,0,0,0,0,0,0,1,1,1,1,0,0,1,0,0,0,0,0,0,1,0,0,0,0,0,0,0,0,0,0,0,0,1,0,0,0,0,1,1,1,1,0,0,1,0,0,0,0,0,0,1,0 
"loweO","sylpal",1,1,0,0,0,0,0,0,0,0,0,0,1,0,0,0,0,0,0,1,0,0,0,0,0,0,0,0,0,0,0,0,0,0,0,0,0,1,0,0,0,1,0,0,0,0,1,0,0,0,0,0,0,0,0,0,0,0,1 
"lanaO","tetrem",1,0,0,0,0,0,0,1,0,0,0,0,0,0,0,0,1,0,0,1,0,0,0,0,0,0,0,0,0,0,0,0,0,0,0,0,1,0,0,1,0,1,1,0,0,0,0,0,0,0,1,0,0,0,1,0,1,1,1 
"karsO","texred",1,1,0,1,1,-2,1,1,1,1,0,0,0,0,0,0,1,0,0,0,0,1,0,1,0,0,0,0,1,0,0,0,0,1,0,0,0,1,0,0,0,1,0,0,0,0,1,0,0,0,0,0,0,0,0,0,0,0,0 
"coolO","thacoo",0,1,1,1,1,1,0,1,1,0,1,0,1,1,0,0,1,0,0,1,0,0,0,0,0,0,1,0,0,0,0,0,0,0,0,0,0,0,0,0,0,1,0,0,0,0,0,0,0,0,0,0,0,0,1,0,0,0,0 
"pedaO","theste",1,1,0,0,0,0,0,0,0,0,0,0,0,0,0,0,1,0,0,0,1,0,1,1,1,0,0,0,0,0,0,0,0,0,0,0,1,1,0,0,0,1,0,0,1,0,0,0,0,0,0,0,0,0,0,0,1,0,0 
"soccO","thethe",0,0,0,1,0,-2,0,0,0,0,0,0,-2,0,0,0,1,0,0,-2,0,1,0,0,0,0,1,0,1,0,0,0,0,1,0,-2,1,1,0,0,0,0,-2,0,0,0,0,0,-2,0,0,0,0,-2,1,0,0,1,1 
"prfeO","theyau",0,0,0,0,0,1,0,0,0,0,0,0,0,0,0,0,0,0,1,0,0,0,0,0,0,0,0,0,0,0,0,0,0,0,0,0,0,0,0,0,0,0,0,0,0,0,0,0,0,0,0,0,0,0,0,0,0,1,0 
"westR","triman",0,1,0,0,0,1,0,0,0,0,0,0,0,0,0,0,0,1,0,1,0,0,1,0,0,1,0,1,1,0,0,0,0,1,0,0,0,0,0,1,0,0,0,0,0,1,0,0,0,0,0,0,0,1,0,0,1,1,1 
"bariO","tritri",0,1,0,0,1,0,0,0,0,0,0,0,0,1,0,0,0,0,0,0,-2,-2,-2,-2,-2,-2,-2,-2,-2,-2,-2,-2,-2,-2,-2,-2,0,0,0,0,0,0,0,0,0,0,0,0,0,0,0,1,0,0,0,0,0,0,0 
"attwR","tymcup",1,1,0,0,1,0,1,1,0,0,0,0,0,0,0,1,1,0,0,0,0,0,0,0,0,0,0,0,0,0,0,0,0,0,0,0,0,1,1,0,1,0,0,1,1,0,0,1,0,1,0,0,0,0,1,0,1,1,0 
"grizR","ursarc",0,0,1,0,1,0,0,0,0,0,0,0,0,1,1,1,1,1,0,1,0,0,0,0,0,0,0,0,0,0,0,0,0,1,0,0,0,0,0,0,0,0,0,0,0,0,0,0,0,0,1,0,0,0,1,1,0,1,1 
"flscR","warcar",1,1,0,0,1,0,0,0,1,0,0,0,0,0,0,0,0,0,0,1,0,0,0,0,0,0,0,0,0,0,0,0,1,0,0,0,0,0,0,0,0,0,1,0,0,0,0,0,0,1,1,0,0,0,0,0,0,0,0 
"cachO","xanriv",0,0,0,0,0,1,0,0,0,0,0,0,0,0,0,0,0,0,0,0,0,0,0,0,0,0,0,0,0,0,0,0,0,0,0,0,0,1,0,0,0,1,0,0,1,0,0,0,0,0,0,0,0,1,0,0,0,0,1 
"flscR","zizcel",1,1,0,0,1,-2,0,0,0,1,0,0,-2,0,0,0,0,0,1,-2,0,0,0,0,0,0,-2,0,0,0,0,0,1,0,0,-2,1,0,0,0,0,0,-2,0,0,0,0,0,-2,0,1,0,1,-2,1,0,0,0,-2 
"edwaR","ziztex",1,-2,-2,-2,-2,-2,-2,1,-2,-2,-2,-2,-2,-2,-2,-2,-2,1,-2,-2,1,1,1,1,-2,-2,-2,1,1,0,1,-2,1,1,-2,-2,1,-2,-2,-2,-2,-2,-2,-2,-2,-2,-2,-2,-2,-2,-2,-2,-2,-2,-2,-2,1,1,-2 
